slug,name,demo,explanation,difficulty,app_level,target_muscle_group,prime_mover_muscle,secondary_muscles,primary_equipment,primary_item_count,secondary_equipment,secondary_item_count,equipment,app_equipment,posture,arm_use,arm_rhythm,grip,load_position,leg_rhythm,foot_elevation,combination,movement_patterns,planes_of_motion,body_region,force_type,mechanics,laterality,classification
ab-wheel-kneeling-rollout,Ab Wheel Kneeling Rollout,https://youtu.be/QB2Gj1QGfjQ,https://youtu.be/A3uK5TPzHq8,Novice,beginner,Abdominals,Rectus Abdominis,Latissimus Dorsi|Serratus Anterior,Ab Wheel,1,,0,Ab Wheel,gym,Kneeling,Double Arm,Continuous,Pronated,No Load,Continuous,No Elevation,Single Exercise,Anti-Extension,Sagittal Plane,Core,Other,Compound,Bilateral,
ab-wheel-standing-rollout,Ab Wheel Standing Rollout,https://youtu.be/SFTn_VON9qw,https://youtu.be/2zVNyi5Uk44,Advanced,advanced,Abdominals,Rectus Abdominis,Latissimus Dorsi|Serratus Anterior,Ab Wheel,1,,0,Ab Wheel,gym,Standing,Double Arm,Continuous,Pronated,Other,Continuous,No Elevation,Single Exercise,Anti-Extension,Sagittal Plane,Core,Other,Compound,Bilateral,
alternating-double-clubbell-shield-cast,Alternating Double Clubbell Shield Cast,https://youtu.be/L1pxDgvsT9s?si=ajAmx9ThwNQY_hj2,https://youtu.be/Iv2zqpFZieg?si=IodKi39vzBzQ2zQ3,Intermediate,intermediate,Shoulders,Posterior Deltoids,Rectus Abdominis,Clubbell,2,,0,Clubbell,gym,Standing,Double Arm,Alternating,Neutral,Behind Back,Continuous,No Elevation,Single Exercise,Rotational,Transverse Plane,Upper Body,Pull,Compound,Bilateral,Ballistics
alternating-double-dumbbell-arnold-press,Alternating Double Dumbbell Arnold Press,https://youtu.be/9ZxNf7ZyXNA?si=RYR75ThTJf8rKwxi,https://youtu.be/H1MhGoqnF0Q?si=EN3_3uy1NaCMbdKf,Beginner,beginner,Shoulders,Anterior Deltoids,Triceps Brachii,Dumbbell,2,,0,Dumbbell,dumbbells|gym,Standing,Double Arm,Alternating,Pronated,Overhead,Continuous,No Elevation,Single Exercise,Vertical Push,Transverse Plane|Sagittal Plane,Upper Body,Push,Compound,Unilateral,Bodybuilding
alternating-double-dumbbell-bench-press,Alternating Double Dumbbell Bench Press,https://youtu.be/-umNkuKth1U?si=17upb868pBHT1MIg,,Beginner,beginner,Chest,Pectoralis Major,Triceps Brachii,Dumbbell,2,Bench (Flat),1,Dumbbell|Bench (Flat),dumbbells|gym,Supine,Double Arm,Alternating,Pronated,Above Chest,Continuous,No Elevation,Single Exercise,Horizontal Push,Sagittal Plane,Upper Body,Push,Compound,Unilateral,Bodybuilding
alternating-double-dumbbell-bent-over-row,Alternating Double Dumbbell Bent Over Row,https://youtu.be/UKjQMYiQnS0?si=Lg6kuQMDGFaxi6X7,,Beginner,beginner,Back,Latissimus Dorsi,Rhomboids|Posterior Deltoids,Dumbbell,2,,0,Dumbbell,dumbbells|gym,Standing,Double Arm,Alternating,Neutral,Other,Continuous,No Elevation,Single Exercise,Horizontal Pull,Sagittal Plane,Upper Body,Pull,Compound,Unilateral,Bodybuilding
alternating-double-dumbbell-bicep-curl,Alternating Double Dumbbell Bicep Curl,https://youtu.be/WYezBGuUsdw,https://youtu.be/xxgxVU1NsNc,Beginner,beginner,Biceps,Biceps Brachii,Brachialis|Brachioradialis,Dumbbell,2,,0,Dumbbell,dumbbells|gym,Standing,Double Arm,Alternating,Supinated,Other,Continuous,No Elevation,Single Exercise,Elbow Flexion,Sagittal Plane,Upper Body,Pull,Isolation,Unilateral,Bodybuilding
alternating-double-dumbbell-cross-body-hammer-curl,Alternating Double Dumbbell Cross Body Hammer Curl,https://youtu.be/buP9fSqWcw4?si=-lKec0VHJ1XbZYRH,https://youtu.be/0jLf1MYSp3c,Beginner,beginner,Biceps,Biceps Brachii,Brachialis|Brachioradialis,Dumbbell,2,,0,Dumbbell,dumbbells|gym,Standing,Double Arm,Alternating,Neutral,Other,Continuous,No Elevation,Single Exercise,Elbow Flexion,Frontal Plane,Upper Body,Pull,Isolation,Unilateral,Bodybuilding
alternating-double-dumbbell-decline-bench-press,Alternating Double Dumbbell Decline Bench Press,https://youtu.be/XuYszvlq1Zk?si=cRt_Xb7fwOGFU40U,,Beginner,beginner,Chest,Pectoralis Major,Triceps Brachii,Dumbbell,2,Bench (Decline),1,Dumbbell|Bench (Decline),dumbbells|gym,Supine,Double Arm,Alternating,Pronated,Above Chest,Continuous,No Elevation,Single Exercise,Horizontal Push,Sagittal Plane,Upper Body,Push,Compound,Unilateral,Bodybuilding
alternating-double-dumbbell-floor-press,Alternating Double Dumbbell Floor Press,https://youtu.be/hyb1jJ98ORU?si=UKrLCDD8rhcoKu0p,,Beginner,beginner,Chest,Pectoralis Major,Triceps Brachii|Anterior Deltoids,Dumbbell,2,,0,Dumbbell,dumbbells|gym,Supine,Double Arm,Alternating,Pronated,Above Chest,Continuous,No Elevation,Single Exercise,Horizontal Push,Sagittal Plane,Upper Body,Push,Compound,Unilateral,Bodybuilding
alternating-double-dumbbell-front-raise,Alternating Double Dumbbell Front Raise,https://youtu.be/c4EhnuYZQI8?si=O-MyHEA_d4DRkcEA,https://youtu.be/941eb4N2Xeo,Beginner,beginner,Shoulders,Anterior Deltoids,Pectoralis Major|Biceps Brachii,Dumbbell,2,,0,Dumbbell,dumbbells|gym,Standing,Double Arm,Alternating,Pronated,Other,Continuous,No Elevation,Single Exercise,Shoulder Flexion,Sagittal Plane,Upper Body,Push,Isolation,Unilateral,Bodybuilding
alternating-double-dumbbell-half-kneeling-overhead-press,Alternating Double Dumbbell Half Kneeling Overhead Press,https://youtu.be/12MxAGiIgK8?si=pO89QghXz2Ykj1lb,,Novice,beginner,Shoulders,Anterior Deltoids,Triceps Brachii|Rectus Abdominis,Dumbbell,2,,0,Dumbbell,dumbbells|gym,Half Kneeling,Double Arm,Alternating,Neutral,Overhead,Continuous,No Elevation,Single Exercise,Vertical Push,Sagittal Plane,Upper Body,Push,Compound,Unilateral,Bodybuilding
alternating-double-dumbbell-hammer-curl,Alternating Double Dumbbell Hammer Curl,https://youtu.be/h46ccQsXDEk,,Beginner,beginner,Biceps,Biceps Brachii,Brachialis|Brachioradialis,Dumbbell,2,,0,Dumbbell,dumbbells|gym,Standing,Double Arm,Alternating,Neutral,Other,Continuous,No Elevation,Single Exercise,Elbow Flexion,Sagittal Plane,Upper Body,Pull,Isolation,Unilateral,Bodybuilding
alternating-double-dumbbell-incline-bench-bicep-curl,Alternating Double Dumbbell Incline Bench Bicep Curl,https://youtu.be/bgYt7ZgFc9M,https://youtu.be/soxrZlIl35U,Beginner,beginner,Biceps,Biceps Brachii,Brachialis|Brachioradialis,Dumbbell,2,Bench (Incline),1,Dumbbell|Bench (Incline),dumbbells|gym,Seated,Double Arm,Alternating,Supinated,Other,Continuous,No Elevation,Single Exercise,Elbow Flexion,Sagittal Plane,Upper Body,Pull,Isolation,Unilateral,Bodybuilding
alternating-double-dumbbell-incline-bench-hammer-curl,Alternating Double Dumbbell Incline Bench Hammer Curl,https://youtu.be/Z_oWLq9uQZI?feature=shared,https://youtu.be/UmtLSH0s4v8?si=mi5RzLbOJtgscXNS,Beginner,beginner,Biceps,Biceps Brachii,Brachialis|Brachioradialis,Dumbbell,2,Bench (Incline),1,Dumbbell|Bench (Incline),dumbbells|gym,Seated,Double Arm,Alternating,Neutral,Other,Continuous,No Elevation,Single Exercise,Elbow Flexion,Sagittal Plane,Upper Body,Pull,Isolation,Unilateral,Bodybuilding
alternating-double-dumbbell-incline-bench-press,Alternating Double Dumbbell Incline Bench Press,https://youtu.be/xt1UdzhkMfY?si=OIM1LWctboVJi66d,,Beginner,beginner,Chest,Pectoralis Major,Triceps Brachii,Dumbbell,2,Bench (Incline),1,Dumbbell|Bench (Incline),dumbbells|gym,Seated,Double Arm,Alternating,Pronated,Above Chest,Continuous,No Elevation,Single Exercise,Horizontal Push,Sagittal Plane,Upper Body,Push,Compound,Unilateral,Bodybuilding
alternating-double-dumbbell-incline-bench-prone-hammer-curl,Alternating Double Dumbbell Incline Bench Prone Hammer Curl,https://youtu.be/N_eGFKGR7ZQ?si=J-4OOQpNwgwM0LrL,,Beginner,beginner,Biceps,Biceps Brachii,Brachialis|Brachioradialis,Dumbbell,2,Bench (Incline),1,Dumbbell|Bench (Incline),dumbbells|gym,Prone,Double Arm,Alternating,Neutral,Other,Continuous,No Elevation,Single Exercise,Elbow Flexion,Sagittal Plane,Upper Body,Pull,Isolation,Unilateral,Bodybuilding
alternating-double-dumbbell-incline-bench-prone-row,Alternating Double Dumbbell Incline Bench Prone Row,https://youtu.be/xkCR2CkkL1g?si=Qy0YPAcCasZF6kNk,,Novice,beginner,Back,Latissimus Dorsi,,Dumbbell,2,Bench (Incline),1,Dumbbell|Bench (Incline),dumbbells|gym,Prone,Double Arm,Alternating,Neutral,Other,Continuous,No Elevation,Single Exercise,Horizontal Pull,Sagittal Plane,Upper Body,Pull,Compound,Unilateral,Bodybuilding
alternating-double-dumbbell-incline-bench-zottman-curl,Alternating Double Dumbbell Incline Bench Zottman Curl,https://youtu.be/Xakexn9Y5Oo?si=YY664vMjXBLBT2Ha,,Beginner,beginner,Biceps,Biceps Brachii,Brachioradialis|Brachialis,Dumbbell,2,Bench (Incline),1,Dumbbell|Bench (Incline),dumbbells|gym,Seated,Double Arm,Alternating,Supinated,Other,Continuous,No Elevation,Single Exercise,Elbow Flexion,Sagittal Plane,Upper Body,Pull,Isolation,Unilateral,Bodybuilding
alternating-double-dumbbell-overhead-press,Alternating Double Dumbbell Overhead Press,https://youtu.be/yQg0mHo-fjQ?si=1wCoEdQg1fR5hmAp,,Beginner,beginner,Shoulders,Anterior Deltoids,Triceps Brachii,Dumbbell,2,,0,Dumbbell,dumbbells|gym,Standing,Double Arm,Alternating,Neutral,Overhead,Continuous,No Elevation,Single Exercise,Vertical Push,Sagittal Plane,Upper Body,Push,Compound,Unilateral,Bodybuilding
alternating-double-dumbbell-prone-row,Alternating Double Dumbbell Prone Row,https://youtu.be/Ry9HwpfUbd8?si=oY89SBibCyKMJ7CT,,Novice,beginner,Back,Latissimus Dorsi,,Dumbbell,2,Bench (Flat),1,Dumbbell|Bench (Flat),dumbbells|gym,Prone,Double Arm,Alternating,Neutral,Other,Continuous,No Elevation,Single Exercise,Horizontal Pull,Sagittal Plane,Upper Body,Pull,Compound,Unilateral,Bodybuilding
alternating-double-dumbbell-push-jerk,Alternating Double Dumbbell Push Jerk,https://youtu.be/ZQ653_FImKw?si=O2ttj0r4a_Nbkwq1,,Novice,beginner,Shoulders,Anterior Deltoids,Triceps Brachii|Gluteus Minimus,Dumbbell,2,,0,Dumbbell,dumbbells|gym,Standing,Double Arm,Alternating,Neutral,Overhead,Continuous,No Elevation,Single Exercise,Vertical Push,Sagittal Plane,Upper Body,Push,Compound,Unilateral,
alternating-double-dumbbell-push-press,Alternating Double Dumbbell Push Press,https://youtu.be/Kn3oZ9MNAhg?si=j1DYyyohu1ImlWt4,,Novice,beginner,Shoulders,Anterior Deltoids,Triceps Brachii,Dumbbell,2,,0,Dumbbell,dumbbells|gym,Standing,Double Arm,Alternating,Neutral,Overhead,Continuous,No Elevation,Single Exercise,Vertical Push,Sagittal Plane,Upper Body,Push,Compound,Unilateral,
alternating-double-dumbbell-seated-arnold-press,Alternating Double Dumbbell Seated Arnold Press,https://youtu.be/2dw6SwEJlH4?si=UCaE7pKKJDaRm0lz,,Beginner,beginner,Shoulders,Anterior Deltoids,Triceps Brachii,Dumbbell,2,Bench (Flat),1,Dumbbell|Bench (Flat),dumbbells|gym,Seated,Double Arm,Alternating,Pronated,Overhead,Continuous,No Elevation,Single Exercise,Vertical Push,Transverse Plane|Sagittal Plane,Upper Body,Push,Compound,Unilateral,Bodybuilding
alternating-double-dumbbell-seated-bicep-curl,Alternating Double Dumbbell Seated Bicep Curl,https://youtu.be/eZAvPxEB5Dw?si=ZrwbDJ6qgGac-wRn,,Beginner,beginner,Biceps,Biceps Brachii,Brachialis|Brachioradialis,Dumbbell,2,Bench (Flat),1,Dumbbell|Bench (Flat),dumbbells|gym,Seated,Double Arm,Alternating,Supinated,Other,Continuous,No Elevation,Single Exercise,Elbow Flexion,Sagittal Plane,Upper Body,Pull,Isolation,Unilateral,Bodybuilding
alternating-double-dumbbell-seated-hammer-curl,Alternating Double Dumbbell Seated Hammer Curl,https://youtu.be/YW9citXbrQc?si=5VFsuGIAvF6WHm17,,Beginner,beginner,Biceps,Biceps Brachii,Brachialis|Brachioradialis,Dumbbell,2,Bench (Flat),1,Dumbbell|Bench (Flat),dumbbells|gym,Seated,Double Arm,Alternating,Neutral,Other,Continuous,No Elevation,Single Exercise,Elbow Flexion,Sagittal Plane,Upper Body,Pull,Isolation,Unilateral,Bodybuilding
alternating-double-dumbbell-seated-overhead-press,Alternating Double Dumbbell Seated Overhead Press,https://youtu.be/Z4fmeY-GQ8o?si=jZD1QoPzdXBx4Hd8,,Beginner,beginner,Shoulders,Anterior Deltoids,Triceps Brachii,Dumbbell,2,Bench (Flat),1,Dumbbell|Bench (Flat),dumbbells|gym,Seated,Double Arm,Alternating,Neutral,Overhead,Continuous,No Elevation,Single Exercise,Vertical Push,Sagittal Plane,Upper Body,Push,Compound,Unilateral,Bodybuilding
alternating-double-dumbbell-seated-zottman-curl,Alternating Double Dumbbell Seated Zottman Curl,https://youtu.be/GIGFFYAKG6M?si=5QEN9x3BJwkxTal7,,Beginner,beginner,Biceps,Biceps Brachii,Brachioradialis|Brachialis,Dumbbell,2,Bench (Flat),1,Dumbbell|Bench (Flat),dumbbells|gym,Seated,Double Arm,Alternating,Supinated,Other,Continuous,No Elevation,Single Exercise,Elbow Flexion,Sagittal Plane,Upper Body,Pull,Isolation,Unilateral,Bodybuilding
alternating-double-dumbbell-sots-press,Alternating Double Dumbbell Sots Press,https://youtu.be/YLxytoB3RN4?si=bzXKJBCQCbLTNZhd,,Intermediate,intermediate,Shoulders,Anterior Deltoids,Triceps Brachii|Quadriceps Femoris,Dumbbell,2,,0,Dumbbell,dumbbells|gym,Standing,Double Arm,Alternating,Neutral,Overhead,Continuous,No Elevation,Single Exercise,Vertical Push,Sagittal Plane,Upper Body,Push,Compound,Unilateral,Bodybuilding
alternating-double-dumbbell-spider-curl,Alternating Double Dumbbell Spider Curl,https://youtu.be/KznrM_RhXDc?si=Qxgmd-eTnFuZ5rpo,,Novice,beginner,Biceps,Biceps Brachii,Brachialis|Brachioradialis,Dumbbell,2,Bench (Incline),1,Dumbbell|Bench (Incline),dumbbells|gym,Prone,Double Arm,Alternating,Supinated,Other,Continuous,No Elevation,Single Exercise,Elbow Flexion,Sagittal Plane,Upper Body,Pull,Isolation,Unilateral,Bodybuilding
alternating-double-dumbbell-tall-kneeling-arnold-press,Alternating Double Dumbbell Tall Kneeling Arnold Press,https://youtu.be/oMbi7Tppy-Y?si=xztRuodoUOeyiGKn,,Beginner,beginner,Shoulders,Anterior Deltoids,Triceps Brachii,Dumbbell,2,,0,Dumbbell,dumbbells|gym,Tall Kneeling,Double Arm,Alternating,Pronated,Overhead,Continuous,No Elevation,Single Exercise,Vertical Push,Transverse Plane|Sagittal Plane,Upper Body,Push,Compound,Unilateral,Bodybuilding
alternating-double-dumbbell-tall-kneeling-overhead-press,Alternating Double Dumbbell Tall Kneeling Overhead Press,https://youtu.be/UhOs_Wvckvs?si=FqNmpb8ECh_Y-9rl,,Novice,beginner,Shoulders,Anterior Deltoids,Triceps Brachii|Rectus Abdominis,Dumbbell,2,,0,Dumbbell,dumbbells|gym,Tall Kneeling,Double Arm,Alternating,Neutral,Overhead,Continuous,No Elevation,Single Exercise,Vertical Push,Sagittal Plane,Upper Body,Push,Compound,Unilateral,Bodybuilding
alternating-double-dumbbell-thruster,Alternating Double Dumbbell Thruster,https://youtu.be/NDA72gV21vM?si=nr1ibCzWJfLIYTXz,,Novice,beginner,Quadriceps,Quadriceps Femoris,Anterior Deltoids,Dumbbell,2,,0,Dumbbell,dumbbells|gym,Standing,Double Arm,Alternating,Neutral,Overhead,Continuous,No Elevation,Single Exercise,Knee Dominant|Vertical Push,Sagittal Plane,Full Body,Push,Compound,Unilateral,Bodybuilding
alternating-double-dumbbell-top-down-bench-press,Alternating Double Dumbbell Top Down Bench Press,https://youtu.be/LD5vanDs9G4?si=beAWPFWY1Y8shTBO,,Beginner,beginner,Chest,Pectoralis Major,Triceps Brachii,Dumbbell,2,Bench (Flat),1,Dumbbell|Bench (Flat),dumbbells|gym,Supine,Double Arm,Alternating,Pronated,Above Chest,Continuous,No Elevation,Single Exercise,Horizontal Push,Sagittal Plane,Upper Body,Push,Compound,Unilateral,Bodybuilding
alternating-double-dumbbell-top-down-decline-bench-press,Alternating Double Dumbbell Top Down Decline Bench Press,https://youtu.be/Ztg7B04oVXU?si=KGYDSnNrZiBMfVab,,Beginner,beginner,Chest,Pectoralis Major,Triceps Brachii,Dumbbell,2,Bench (Decline),1,Dumbbell|Bench (Decline),dumbbells|gym,Supine,Double Arm,Alternating,Pronated,Above Chest,Continuous,No Elevation,Single Exercise,Horizontal Push,Sagittal Plane,Upper Body,Push,Compound,Unilateral,Bodybuilding
alternating-double-dumbbell-top-down-incline-bench-press,Alternating Double Dumbbell Top Down Incline Bench Press,https://youtu.be/oPk0SGlvX98?si=AjZmhQyk03HHYgPO,,Beginner,beginner,Chest,Pectoralis Major,Triceps Brachii,Dumbbell,2,Bench (Incline),1,Dumbbell|Bench (Incline),dumbbells|gym,Seated,Double Arm,Alternating,Pronated,Above Chest,Continuous,No Elevation,Single Exercise,Horizontal Push,Sagittal Plane,Upper Body,Push,Compound,Unilateral,Bodybuilding
alternating-double-dumbbell-z-press,Alternating Double Dumbbell Z Press,https://youtu.be/dsTU2qm4ef0?si=sT2aw7NxeFtfYYNV,,Novice,beginner,Shoulders,Anterior Deltoids,Triceps Brachii|Rectus Abdominis,Dumbbell,2,,0,Dumbbell,dumbbells|gym,Seated Floor,Double Arm,Alternating,Neutral,Overhead,Continuous,No Elevation,Single Exercise,Vertical Push,Sagittal Plane,Upper Body,Push,Compound,Unilateral,Bodybuilding
alternating-double-dumbbell-zottman-curl,Alternating Double Dumbbell Zottman Curl,https://youtu.be/2IBxr91kSI8?si=NutPVlDJSpcDczLP,,Beginner,beginner,Biceps,Biceps Brachii,Brachioradialis|Brachialis,Dumbbell,2,,0,Dumbbell,dumbbells|gym,Standing,Double Arm,Alternating,Supinated,Other,Continuous,No Elevation,Single Exercise,Elbow Flexion,Sagittal Plane,Upper Body,Pull,Isolation,Unilateral,Bodybuilding
alternating-double-indian-club-inner-heart-shaped-swing,Alternating Double Indian Club Inner Heart Shaped Swing,https://youtu.be/M_uslqzI28g?si=0zmBqTp2C8IMe5gJ,https://youtu.be/B_HPnZEW5no?si=HpyhdneEbF3xO6jT,Intermediate,intermediate,Shoulders,Posterior Deltoids,,Indian Club,2,,0,Indian Club,gym,Standing,Double Arm,Alternating,Neutral,Other,Continuous,No Elevation,Single Exercise,,Frontal Plane,Upper Body,,,Unilateral,Mobility
alternating-double-indian-club-outer-heart-shaped-swing,Alternating Double Indian Club Outer Heart Shaped Swing,https://youtu.be/3j-GT-SlBj4?si=UkgK_A3tck5Lm2rK,,Intermediate,intermediate,Shoulders,Posterior Deltoids,,Indian Club,2,,0,Indian Club,gym,Standing,Double Arm,Alternating,Neutral,Other,Continuous,No Elevation,Single Exercise,Shoulder External Rotation,Transverse Plane,Upper Body,,Compound,Unilateral,Mobility
alternating-double-kettlebell-bench-press,Alternating Double Kettlebell Bench Press,https://youtu.be/nE9UnkFqPMg?si=uhDy9WDlpMa_ogud,,Beginner,beginner,Chest,Pectoralis Major,Triceps Brachii,Kettlebell,2,Bench (Flat),1,Kettlebell|Bench (Flat),gym,Supine,Double Arm,Alternating,Pronated,Above Chest,Continuous,No Elevation,Single Exercise,Knee Dominant,Sagittal Plane,Upper Body,Push,Compound,Unilateral,Bodybuilding
alternating-double-kettlebell-bent-over-row,Alternating Double Kettlebell Bent Over Row,https://youtu.be/jdx2kl5K0Ps?si=ABHltAh0E_8BUz7i,,Beginner,beginner,Back,Latissimus Dorsi,Rhomboids|Posterior Deltoids,Kettlebell,2,,0,Kettlebell,gym,Standing,Double Arm,Alternating,Neutral,Other,Continuous,No Elevation,Single Exercise,Horizontal Pull,Sagittal Plane,Upper Body,Pull,Compound,Unilateral,Bodybuilding
alternating-double-kettlebell-bottoms-up-overhead-press,Alternating Double Kettlebell Bottoms Up Overhead Press,https://youtu.be/xjbycsKgqjQ?si=LkTmhk8Js8iT50DU,,Intermediate,intermediate,Shoulders,Anterior Deltoids,Triceps Brachii,Kettlebell,2,,0,Kettlebell,gym,Standing,Double Arm,Alternating,Bottoms Up,Overhead,Continuous,No Elevation,Single Exercise,Vertical Push,Sagittal Plane,Upper Body,Push,Compound,Unilateral,
alternating-double-kettlebell-floor-press,Alternating Double Kettlebell Floor Press,https://youtu.be/Uf1jY-575lo?si=pKedIxKhmO0-sY6O,,Beginner,beginner,Chest,Pectoralis Major,Triceps Brachii|Anterior Deltoids,Kettlebell,2,,0,Kettlebell,gym,Supine,Double Arm,Alternating,Pronated,Above Chest,Continuous,No Elevation,Single Exercise,Horizontal Push,Sagittal Plane,Upper Body,Push,Compound,Unilateral,Bodybuilding
alternating-double-kettlebell-half-kneeling-overhead-press,Alternating Double Kettlebell Half Kneeling Overhead Press,https://youtu.be/V3wxOSo53mQ?si=cM14QdTRQfd_FXUt,,Novice,beginner,Shoulders,Anterior Deltoids,Triceps Brachii,Kettlebell,2,,0,Kettlebell,gym,Half Kneeling,Double Arm,Alternating,Pronated,Overhead,Continuous,No Elevation,Single Exercise,Vertical Push,Sagittal Plane,Upper Body,Push,Compound,Unilateral,Bodybuilding
alternating-double-kettlebell-incline-bench-press,Alternating Double Kettlebell Incline Bench Press,https://youtu.be/R3_u3kg7Ioo?si=ekSihU-Mge0xIWxv,,Beginner,beginner,Chest,Pectoralis Major,Triceps Brachii,Kettlebell,2,Bench (Incline),1,Kettlebell|Bench (Incline),gym,Supine,Double Arm,Alternating,Pronated,Above Chest,Continuous,No Elevation,Single Exercise,Horizontal Push,Sagittal Plane,Upper Body,Push,Compound,Unilateral,Bodybuilding
alternating-double-kettlebell-incline-bench-prone-row,Alternating Double Kettlebell Incline Bench Prone Row,https://youtu.be/rAoi4_AI7VA?si=b6KXmXEYoxIPmTt2,,Novice,beginner,Back,Latissimus Dorsi,,Kettlebell,2,Bench (Incline),1,Kettlebell|Bench (Incline),gym,Prone,Double Arm,Alternating,Neutral,Other,Continuous,No Elevation,Single Exercise,Horizontal Pull,Sagittal Plane,Upper Body,Pull,Compound,Unilateral,Bodybuilding
alternating-double-kettlebell-overhead-press,Alternating Double Kettlebell Overhead Press,https://youtu.be/KMKqAY-T3wE?si=DccwyejeKVDgXRV-,,Novice,beginner,Shoulders,Anterior Deltoids,,Kettlebell,2,,0,Kettlebell,gym,Standing,Double Arm,Alternating,Neutral,Overhead,Continuous,No Elevation,Single Exercise,Vertical Push,Sagittal Plane,Upper Body,Push,Compound,Unilateral,Bodybuilding
alternating-double-kettlebell-prone-row,Alternating Double Kettlebell Prone Row,https://youtu.be/OD7URB1yHAo?si=UX_3VmEfO_WpeiuT,,Novice,beginner,Back,Latissimus Dorsi,,Kettlebell,2,Bench (Flat),1,Kettlebell|Bench (Flat),gym,Prone,Double Arm,Alternating,Neutral,Other,Continuous,No Elevation,Single Exercise,Horizontal Pull,Sagittal Plane,Upper Body,Pull,Compound,Unilateral,Bodybuilding
alternating-double-kettlebell-push-jerk,Alternating Double Kettlebell Push Jerk,https://youtu.be/4wXnxXq4hX4?si=21E2nrYJROeQgBUm,,Novice,beginner,Shoulders,Anterior Deltoids,Triceps Brachii|Gluteus Minimus,Kettlebell,2,,0,Kettlebell,gym,Standing,Double Arm,Alternating,Pronated,Overhead,Continuous,No Elevation,Single Exercise,Vertical Push,Sagittal Plane,Upper Body,Push,Compound,Unilateral,
alternating-double-kettlebell-push-press,Alternating Double Kettlebell Push Press,https://youtu.be/kUgzuCAvO3A,,Novice,beginner,Shoulders,Anterior Deltoids,Triceps Brachii,Kettlebell,2,,0,Kettlebell,gym,Standing,Double Arm,Alternating,Pronated,Overhead,Continuous,No Elevation,Single Exercise,Vertical Push,Sagittal Plane,Upper Body,Push,Compound,Unilateral,
alternating-double-kettlebell-rotational-overhead-press,Alternating Double Kettlebell Rotational Overhead Press,https://youtu.be/VQKcF1HfsYk,,Novice,beginner,Shoulders,Anterior Deltoids,,Kettlebell,2,,0,Kettlebell,gym,Standing,Double Arm,Alternating,Neutral,Overhead,Continuous,No Elevation,Single Exercise,Rotational|Vertical Push,Transverse Plane,Upper Body,Push,Compound,Unilateral,Bodybuilding
alternating-double-kettlebell-seated-overhead-press,Alternating Double Kettlebell Seated Overhead Press,https://youtu.be/AlwLsoYSZo8?si=vd7o72xnaBnjH3gj,,Beginner,beginner,Shoulders,Anterior Deltoids,Triceps Brachii,Kettlebell,2,Bench (Flat),1,Kettlebell|Bench (Flat),gym,Seated,Double Arm,Alternating,Pronated,Overhead,Continuous,No Elevation,Single Exercise,Vertical Push,Sagittal Plane,Upper Body,Push,Compound,Unilateral,Bodybuilding
alternating-double-kettlebell-sots-press,Alternating Double Kettlebell Sots Press,https://youtu.be/_Q2mHbn6ggA?si=QGGePHfV1X7MFEdF,,Intermediate,intermediate,Shoulders,Anterior Deltoids,Triceps Brachii|Quadriceps Femoris,Kettlebell,2,,0,Kettlebell,gym,Standing,Double Arm,Alternating,Pronated,Overhead,Continuous,No Elevation,Single Exercise,Vertical Push,Sagittal Plane,Upper Body,Push,Compound,Unilateral,Bodybuilding
alternating-double-kettlebell-tall-kneeling-bicep-curl,Alternating Double Kettlebell Tall Kneeling Bicep Curl,https://youtu.be/gXoD6NsVG6A?si=T_xS8jfGx-kpADhE,,Beginner,beginner,Biceps,Biceps Brachii,Brachialis|Brachioradialis,Kettlebell,2,,0,Kettlebell,gym,Tall Kneeling,Double Arm,Alternating,Supinated,Other,Continuous,No Elevation,Single Exercise,Elbow Flexion,Sagittal Plane,Upper Body,Pull,Isolation,Unilateral,Bodybuilding
alternating-double-kettlebell-tall-kneeling-overhead-press,Alternating Double Kettlebell Tall Kneeling Overhead Press,https://youtu.be/2kWWWRpk6Co?si=gy0bI1KIAsGs2hhI,,Novice,beginner,Shoulders,Anterior Deltoids,Triceps Brachii,Kettlebell,2,,0,Kettlebell,gym,Tall Kneeling,Double Arm,Alternating,Pronated,Overhead,Continuous,No Elevation,Single Exercise,Vertical Push,Sagittal Plane,Upper Body,Push,Compound,Unilateral,Bodybuilding
alternating-double-kettlebell-thruster,Alternating Double Kettlebell Thruster,https://youtu.be/AeK6i-5gvJ0,,Intermediate,intermediate,Quadriceps,Quadriceps Femoris,Anterior Deltoids,Kettlebell,2,,0,Kettlebell,gym,Standing,Double Arm,Alternating,Pronated,Overhead,Continuous,No Elevation,Single Exercise,Knee Dominant|Vertical Push,Sagittal Plane,Full Body,Push,Compound,Unilateral,Bodybuilding
alternating-double-kettlebell-z-press,Alternating Double Kettlebell Z Press,https://youtu.be/DmC9vPYvU0g?si=mIpOJCXLUo_un5rT,,Novice,beginner,Shoulders,Anterior Deltoids,Triceps Brachii|Rectus Abdominis,Kettlebell,2,,0,Kettlebell,gym,Seated Floor,Double Arm,Alternating,Pronated,Overhead,Continuous,No Elevation,Single Exercise,Vertical Push,Sagittal Plane,Upper Body,Push,Compound,Unilateral,Bodybuilding
alternating-single-arm-clubbell-mill,Alternating Single Arm Clubbell Mill,https://youtu.be/p8aWK-U6uVQ?si=uIoHZ9IRigICcYkI,,Intermediate,intermediate,Shoulders,Posterior Deltoids,Gluteus Maximus|Obliques,Clubbell,1,,0,Clubbell,gym,Standing,Single Arm,Alternating,Neutral,Behind Back,Continuous,No Elevation,Single Exercise,Rotational,Transverse Plane,Upper Body,Pull,Compound,Unilateral,Ballistics
alternating-single-arm-dumbbell-devil-press,Alternating Single Arm Dumbbell Devil Press,https://youtu.be/l6_aD2IWEEA,https://youtu.be/yJU2Iip-RZ8,Advanced,advanced,Shoulders,Anterior Deltoids,Pectoralis Major,Dumbbell,1,,0,Dumbbell,dumbbells|gym,Standing,Single Arm,Alternating,Neutral,Overhead,Continuous,No Elevation,Single Exercise,Horizontal Push,Sagittal Plane,Full Body,Push,Compound,Unilateral,
alternating-single-arm-dumbbell-feet-elevated-plank-pull-through,Alternating Single Arm Dumbbell Feet Elevated Plank Pull Through,https://youtu.be/Q7FtGv0v7vg?si=DvtZ3VraSeIPHfHk,,Intermediate,intermediate,Abdominals,Rectus Abdominis,Obliques,Dumbbell,1,Bench (Flat),1,Dumbbell|Bench (Flat),dumbbells|gym,Prone,Single Arm,Alternating,Pronated,Other,Continuous,Feet Elevated,Single Exercise,Anti-Extension|Anti-Rotational,Sagittal Plane|Frontal Plane,Core,,Compound,Unilateral,
alternating-single-arm-dumbbell-hang-power-clean,Alternating Single Arm Dumbbell Hang Power Clean,https://youtu.be/-hApznQV1wg?feature=shared,,Intermediate,intermediate,Glutes,Gluteus Maximus,,Dumbbell,1,,0,Dumbbell,dumbbells|gym,Standing,Single Arm,Alternating,Neutral,Front Rack,Continuous,No Elevation,Single Exercise,Hip Hinge,Sagittal Plane,Full Body,,Compound,Unilateral,Ballistics
alternating-single-arm-dumbbell-hang-snatch,Alternating Single Arm Dumbbell Hang Snatch,https://youtu.be/BNyymHJvcJc?si=Fwbl__UOgmJahIO5,,Intermediate,intermediate,Glutes,Gluteus Maximus,Anterior Deltoids,Dumbbell,1,,0,Dumbbell,dumbbells|gym,Standing,Single Arm,Alternating,Neutral,Overhead,Continuous,No Elevation,Single Exercise,Hip Hinge,Sagittal Plane,Full Body,,Compound,Unilateral,Ballistics
alternating-single-arm-dumbbell-pendlay-row,Alternating Single Arm Dumbbell Pendlay Row,https://youtu.be/7zKQ79awAvY?feature=shared,,Novice,beginner,Back,Latissimus Dorsi,Biceps Brachii,Dumbbell,1,,0,Dumbbell,dumbbells|gym,Standing,Single Arm,Alternating,Neutral,Other,Continuous,No Elevation,Single Exercise,Horizontal Pull,Sagittal Plane,Upper Body,Pull,Compound,Unilateral,Bodybuilding
alternating-single-arm-dumbbell-plank-pull-through,Alternating Single Arm Dumbbell Plank Pull Through,https://youtu.be/Zko5x2SoQmo?si=PCTDak-unxScaIpM,,Intermediate,intermediate,Abdominals,Rectus Abdominis,Obliques,Dumbbell,1,,0,Dumbbell,dumbbells|gym,Prone,Single Arm,Alternating,Pronated,Other,Continuous,No Elevation,Single Exercise,Anti-Extension|Anti-Rotational,Sagittal Plane|Frontal Plane,Core,Other,Compound,Unilateral,
alternating-single-arm-dumbbell-power-snatch,Alternating Single Arm Dumbbell Power Snatch,https://youtu.be/OktkfRlGcns,,Intermediate,intermediate,Glutes,Gluteus Maximus,Anterior Deltoids,Dumbbell,1,,0,Dumbbell,dumbbells|gym,Standing,Single Arm,Alternating,Neutral,Overhead,Continuous,No Elevation,Single Exercise,Hip Hinge,Sagittal Plane,Full Body,,Compound,Unilateral,
alternating-single-arm-dumbbell-squat-snatch,Alternating Single Arm Dumbbell Squat Snatch,https://youtu.be/T0_a2xijJBE,,Intermediate,intermediate,Quadriceps,Quadriceps Femoris,Quadriceps Femoris,Dumbbell,1,,0,Dumbbell,dumbbells|gym,Standing,Single Arm,Alternating,Neutral,Overhead,Continuous,No Elevation,Single Exercise,Knee Dominant|Hip Hinge,Sagittal Plane,Full Body,,Compound,Unilateral,
alternating-single-arm-kettlebell-alternating-staggered-stance-swing,Alternating Single Arm Kettlebell Alternating Staggered Stance Swing,https://youtu.be/Ss7KjOjCpVU,,Intermediate,intermediate,Glutes,Gluteus Maximus,,Kettlebell,1,,0,Kettlebell,gym,Staggered Stance,Single Arm,Alternating,Pronated,Other,Alternating,No Elevation,Single Exercise,Hip Hinge,Sagittal Plane,Full Body,,Compound,Unilateral,Ballistics
alternating-single-arm-kettlebell-around-the-world,Alternating Single Arm Kettlebell Around the World,https://youtu.be/ekR7MDSWwEQ,,Novice,beginner,Abdominals,Rectus Abdominis,,Kettlebell,1,,0,Kettlebell,gym,Standing,Single Arm,Alternating,Pronated,Other,Continuous,No Elevation,Single Exercise,Anti-Rotational,Transverse Plane,Core,Other,Compound,Unilateral,
alternating-single-arm-kettlebell-ballistic-row,Alternating Single Arm Kettlebell Ballistic Row,https://youtu.be/ey7YgyPONOk,,Intermediate,intermediate,Back,Latissimus Dorsi,Biceps Brachii,Kettlebell,1,,0,Kettlebell,gym,Standing,Single Arm,Alternating,Neutral,Other,Continuous,No Elevation,Single Exercise,Horizontal Pull,Sagittal Plane,Upper Body,Pull,Compound,Unilateral,Ballistics
alternating-single-arm-kettlebell-clean,Alternating Single Arm Kettlebell Clean,https://youtu.be/dPN2mj5R2S8,,Intermediate,intermediate,Glutes,Gluteus Maximus,,Kettlebell,1,,0,Kettlebell,gym,Standing,Single Arm,Alternating,Neutral,Front Rack,Continuous,No Elevation,Single Exercise,Hip Hinge,Sagittal Plane,Full Body,,Compound,Unilateral,Ballistics
alternating-single-arm-kettlebell-clean-to-overhead-press,Alternating Single Arm Kettlebell Clean to Overhead Press,https://youtu.be/iMjJRSR2VjU?si=aNlEfyCdPcY-CarB,,Intermediate,intermediate,Shoulders,Anterior Deltoids,Gluteus Maximus,Kettlebell,1,,0,Kettlebell,gym,Standing,Single Arm,Alternating,Pronated,Overhead,Continuous,No Elevation,Combo Exercise,Hip Hinge|Vertical Push,Sagittal Plane,Full Body,,Compound,Unilateral,Ballistics
alternating-single-arm-kettlebell-clean-to-push-press,Alternating Single Arm Kettlebell Clean to Push Press,https://youtu.be/wmPn0Mvn1gU?si=J1dYeSMpkYaIcLj8,,Intermediate,intermediate,Shoulders,Anterior Deltoids,Gluteus Maximus,Kettlebell,1,,0,Kettlebell,gym,Standing,Single Arm,Alternating,Pronated,Overhead,Continuous,No Elevation,Combo Exercise,Hip Hinge|Vertical Push,Sagittal Plane,Full Body,,Compound,Unilateral,Ballistics
alternating-single-arm-kettlebell-dead-clean,Alternating Single Arm Kettlebell Dead Clean,https://youtu.be/FAtcUX6VxWo,,Intermediate,intermediate,Glutes,Gluteus Maximus,Biceps Femoris|Rectus Abdominis,Kettlebell,1,,0,Kettlebell,gym,Standing,Single Arm,Alternating,Neutral,Front Rack,Continuous,No Elevation,Single Exercise,Hip Hinge,Sagittal Plane,Full Body,,Compound,Unilateral,Ballistics
alternating-single-arm-kettlebell-dead-clean-to-overhead-press,Alternating Single Arm Kettlebell Dead Clean to Overhead Press,https://youtu.be/587yc5WQcB0?si=il91YAGQf5s9QyXC,,Intermediate,intermediate,Shoulders,Anterior Deltoids,,Kettlebell,1,,0,Kettlebell,gym,Standing,Single Arm,Alternating,Pronated,Overhead,Continuous,No Elevation,Combo Exercise,Hip Hinge|Vertical Push,Sagittal Plane,Full Body,,Compound,Unilateral,Ballistics
alternating-single-arm-kettlebell-dead-clean-to-push-press,Alternating Single Arm Kettlebell Dead Clean to Push Press,https://youtu.be/Wq5CGNeQGUA?si=bULiT29sEH9tAv6z,,Intermediate,intermediate,Shoulders,Anterior Deltoids,,Kettlebell,1,,0,Kettlebell,gym,Standing,Single Arm,Alternating,Pronated,Overhead,Continuous,No Elevation,Combo Exercise,Hip Hinge|Vertical Push,Sagittal Plane,Full Body,,Compound,Unilateral,Ballistics
alternating-single-arm-kettlebell-dead-snatch,Alternating Single Arm Kettlebell Dead Snatch,https://youtu.be/z0tHucwkYgM?si=VThu2f_wRIcFlNP3,https://youtu.be/sAzvmUi53qo,Intermediate,intermediate,Glutes,Gluteus Maximus,Anterior Deltoids,Kettlebell,1,,0,Kettlebell,gym,Standing,Single Arm,Alternating,Pronated,Overhead,Continuous,No Elevation,Single Exercise,Hip Hinge,Sagittal Plane,Full Body,,Compound,Unilateral,Ballistics
alternating-single-arm-kettlebell-feet-elevated-plank-pull-through,Alternating Single Arm Kettlebell Feet Elevated Plank Pull Through,https://youtu.be/178a2eYjaow?si=5BIFyTIH_gQo8ef1,,Intermediate,intermediate,Abdominals,Rectus Abdominis,Obliques,Kettlebell,1,Bench (Flat),1,Kettlebell|Bench (Flat),gym,Prone,Single Arm,Alternating,Pronated,Other,Continuous,Feet Elevated,Single Exercise,Anti-Extension|Anti-Rotational,Sagittal Plane|Frontal Plane,Core,,Compound,Unilateral,
alternating-single-arm-kettlebell-knee-hover-quadruped-pull-through,Alternating Single Arm Kettlebell Knee Hover Quadruped Pull Through,https://youtu.be/WQyNCzqNqso,,Intermediate,intermediate,Abdominals,Rectus Abdominis,Obliques,Kettlebell,1,,0,Kettlebell,gym,Knee Hover Quadruped,Single Arm,Alternating,Pronated,Other,Continuous,No Elevation,Single Exercise,Anti-Extension|Anti-Rotational|Isometric Hold,Sagittal Plane|Frontal Plane,Core,,Compound,Unilateral,
alternating-single-arm-kettlebell-low-hold-alternating-lateral-lunge,Alternating Single Arm Kettlebell Low Hold Alternating Lateral Lunge,https://youtu.be/X8I4Uq4QgYE?si=0ZNJz2TPEC0nSZaa,https://youtu.be/jMMpHfKVb-s?si=9nnfdpAU8JLm1RqJ,Novice,beginner,Quadriceps,Quadriceps Femoris,Gluteus Maximus|Adductor Magnus,Kettlebell,1,,0,Kettlebell,gym,Standing,Single Arm,Alternating,Neutral,Low Hold,Alternating,No Elevation,Single Exercise,Knee Dominant,Frontal Plane,Lower Body,Push,Compound,Unilateral,Bodybuilding
alternating-single-arm-kettlebell-plank-pull-through,Alternating Single Arm Kettlebell Plank Pull Through,https://youtu.be/fKbu_2L94x8,https://youtu.be/setqoQC3HAU,Intermediate,intermediate,Abdominals,Rectus Abdominis,Obliques,Kettlebell,1,,0,Kettlebell,gym,Prone,Single Arm,Alternating,Pronated,Other,Continuous,No Elevation,Single Exercise,Anti-Extension|Anti-Rotational,Sagittal Plane|Frontal Plane,Core,Other,Compound,Unilateral,
alternating-single-arm-kettlebell-snatch,Alternating Single Arm Kettlebell Snatch,https://youtu.be/0aq5EW0euvA,,Intermediate,intermediate,Glutes,Gluteus Maximus,Anterior Deltoids,Kettlebell,1,,0,Kettlebell,gym,Standing,Single Arm,Alternating,Pronated,Overhead,Continuous,No Elevation,Single Exercise,Hip Hinge,Sagittal Plane,Full Body,,Compound,Unilateral,Ballistics
alternating-single-arm-kettlebell-start-stop-clean,Alternating Single Arm Kettlebell Start Stop Clean,https://youtu.be/_OtZfks5rfU?si=iwf-Hc6P6vZ3ke6I,,Intermediate,intermediate,Glutes,Gluteus Maximus,,Kettlebell,1,,0,Kettlebell,gym,Standing,Single Arm,Alternating,Neutral,Front Rack,Continuous,No Elevation,Single Exercise,Hip Hinge,Sagittal Plane,Full Body,,Compound,Unilateral,Ballistics
alternating-single-arm-kettlebell-start-stop-snatch,Alternating Single Arm Kettlebell Start Stop Snatch,https://youtu.be/GwxzBGhm6ac?si=vrTFU3w6T1NGn8DM,,Intermediate,intermediate,Glutes,Gluteus Maximus,Anterior Deltoids,Kettlebell,1,,0,Kettlebell,gym,Standing,Single Arm,Alternating,Pronated,Overhead,Continuous,No Elevation,Single Exercise,Hip Hinge,Sagittal Plane,Full Body,,Compound,Unilateral,Ballistics
alternating-single-arm-kettlebell-start-stop-swing,Alternating Single Arm Kettlebell Start Stop Swing,https://youtu.be/3Xhy3dz61to?si=8lmx3c2FvDHq6Zy5,,Novice,beginner,Glutes,Gluteus Maximus,,Kettlebell,1,,0,Kettlebell,gym,Standing,Single Arm,Alternating,Pronated,Other,Continuous,No Elevation,Single Exercise,Hip Hinge,Sagittal Plane,Full Body,,Compound,Unilateral,Ballistics
alternating-single-arm-kettlebell-sumo-deadlift,Alternating Single Arm Kettlebell Sumo Deadlift,https://youtu.be/BoihxFxtsyY?si=kZuvg9gJ179nJ1Xh,,Novice,beginner,Back,Latissimus Dorsi,Gluteus Maximus|Biceps Femoris,Kettlebell,1,,0,Kettlebell,gym,Standing,Single Arm,Alternating,Pronated,Other,Continuous,No Elevation,Single Exercise,Knee Dominant,Sagittal Plane,Full Body,Pull,Compound,Unilateral,Bodybuilding
alternating-single-arm-kettlebell-swing,Alternating Single Arm Kettlebell Swing,https://youtu.be/WK4ughYoUEI?si=2mvQ9x0jZEF2zzRA,https://youtu.be/FCcKJ78k7mQ,Intermediate,intermediate,Glutes,Gluteus Maximus,,Kettlebell,1,,0,Kettlebell,gym,Standing,Single Arm,Alternating,Pronated,Other,Continuous,No Elevation,Single Exercise,Hip Hinge,Sagittal Plane,Full Body,,Compound,Unilateral,Ballistics
alternating-single-arm-kettlebell-waiter-clean,Alternating Single Arm Kettlebell Waiter Clean,https://youtu.be/eH7w5psLPpk?si=XnO0PygbF5fzKCsm,,Advanced,advanced,Glutes,Gluteus Maximus,,Kettlebell,1,,0,Kettlebell,gym,Standing,Single Arm,Alternating,Waiter Hold,Front Rack,Continuous,No Elevation,Single Exercise,Hip Hinge,Sagittal Plane,Full Body,,Compound,Unilateral,Ballistics
alternating-single-arm-landmine-shoulder-press,Alternating Single Arm Landmine Shoulder Press,https://youtu.be/owbzzfb-0PQ,,Intermediate,intermediate,Shoulders,Anterior Deltoids,,Landmine,1,,0,Landmine,gym,Standing,Single Arm,Alternating,Neutral,Overhead,Continuous,No Elevation,Single Exercise,Vertical Push,Sagittal Plane,Upper Body,Push,Compound,Unilateral,
alternating-single-arm-landmine-tall-kneeling-shoulder-press,Alternating Single Arm Landmine Tall Kneeling Shoulder Press,https://youtu.be/9ExnOQh3WDU?si=7rIFSmGhbv4rgcJ2,,Intermediate,intermediate,Shoulders,Anterior Deltoids,,Landmine,1,,0,Landmine,gym,Tall Kneeling,Single Arm,Alternating,Neutral,Overhead,Continuous,No Elevation,Single Exercise,Vertical Push,Sagittal Plane,Upper Body,Push,Compound,Unilateral,
alternating-single-arm-macebell-10-to-2,Alternating Single Arm Macebell 10 to 2,https://youtu.be/7DW72Ft1LEo?si=kejdZkBMg1CFxl99,https://youtu.be/eYAnYQw8yJI?si=afXpUxsTWnNFG7NW,Intermediate,intermediate,Shoulders,Posterior Deltoids,Rectus Abdominis,Macebell,1,,0,Macebell,gym,Standing,Single Arm,Alternating,Neutral,Behind Back,Continuous,No Elevation,Single Exercise,Rotational,Transverse Plane,Upper Body,Pull,Compound,Unilateral,Ballistics
bar-advanced-tuck-back-lever,Bar Advanced Tuck Back Lever,https://youtu.be/ixeU8JtnItE?si=yeqNnWyHu_lYZQay,https://youtu.be/c9S9cqhwEdo?si=Vj-wrIBHkJ1qGX9G,Advanced,advanced,Abdominals,Rectus Abdominis,,Pull Up Bar,1,,0,Pull Up Bar,gym,Hanging,Double Arm,Continuous,Pronated,No Load,Continuous,No Elevation,Single Exercise,Isometric Hold,Sagittal Plane,Full Body,Other,Compound,Bilateral,Calisthenics
bar-advanced-tuck-front-lever-pull-up,Bar Advanced Tuck Front Lever Pull Up,https://youtu.be/cVdb8oUGKAw?si=tC4dDZ3QsBtE_4_m,,Expert,advanced,Back,Latissimus Dorsi,,Pull Up Bar,1,,0,Pull Up Bar,gym,Hanging,Double Arm,Continuous,Pronated,No Load,Continuous,No Elevation,Single Exercise,Horizontal Pull,Sagittal Plane,Upper Body,Pull,Compound,Bilateral,Calisthenics
bar-archer-pull-up,Bar Archer Pull Up,https://youtu.be/ziQjz1-DmX8?si=8Y9dWdjG-9LfdUJv,https://youtu.be/NuqcoOAsTMA?si=-CwDfUaya0Gs49EF,Advanced,advanced,Back,Latissimus Dorsi,,Pull Up Bar,1,,0,Pull Up Bar,gym,Hanging,Double Arm,Alternating,Pronated,No Load,Continuous,No Elevation,Single Exercise,Vertical Pull,Frontal Plane,Upper Body,Pull,Compound,Unilateral,Calisthenics
bar-bent-knee-windshield-wiper,Bar Bent Knee Windshield Wiper,https://youtu.be/3fg-hQVEplQ?si=XEmrtzkwGBxeHlH4,https://youtu.be/_LBPsGv4cWM?si=elgXDg0ZkSED_SjY,Intermediate,intermediate,Abdominals,Obliques,Rectus Abdominis|Transverse Abdominis,Pull Up Bar,1,,0,Pull Up Bar,gym,Hanging,Double Arm,Continuous,Pronated,No Load,Continuous,No Elevation,Single Exercise,Rotational,Transverse Plane,Core,Other,Compound,Bilateral,Calisthenics
bar-chin-up,Bar Chin Up,https://youtu.be/8mryJ3w2S78?si=feHRqrceUl_6Xatw,,Intermediate,intermediate,Biceps,Biceps Brachii,Latissimus Dorsi,Pull Up Bar,1,,0,Pull Up Bar,gym,Hanging,Double Arm,Continuous,Supinated,No Load,Continuous,No Elevation,Single Exercise,Vertical Pull,Sagittal Plane,Upper Body,Pull,Compound,Bilateral,Calisthenics
bar-circle-front-lever,Bar Circle Front Lever,https://youtu.be/ZiUXNRmnC9o?si=H4E1QFrZ06yPO-Jz,,Expert,advanced,Abdominals,Rectus Abdominis,,Pull Up Bar,1,,0,Pull Up Bar,gym,Hanging,Double Arm,Continuous,Pronated,No Load,Continuous,No Elevation,Single Exercise,Isometric Hold,Transverse Plane,Full Body,Other,Compound,Bilateral,Calisthenics
bar-commando-pull-up,Bar Commando Pull Up,https://youtu.be/MTpg2fM-_F4?si=oQ-nElz0soKFgFHT,https://youtu.be/PWXWIh5c8L4?si=5AiLb_06rJkmTb2a,Advanced,advanced,Back,Latissimus Dorsi,Biceps Brachii,Pull Up Bar,1,,0,Pull Up Bar,gym,Hanging,Double Arm,Continuous,Mixed Grip,No Load,Continuous,No Elevation,Single Exercise,Vertical Pull,Frontal Plane,Upper Body,Pull,Compound,Bilateral,Calisthenics
bar-dead-hang,Bar Dead Hang,https://youtu.be/4RqNGRVaTUQ?si=geYUBIdFOo8AzeHT,,Beginner,beginner,Forearms,Brachioradialis,Latissimus Dorsi|Teres Major,Pull Up Bar,1,,0,Pull Up Bar,gym,Hanging,Double Arm,Continuous,Pronated,No Load,Continuous,No Elevation,Single Exercise,Isometric Hold,Sagittal Plane,Upper Body,Other,Compound,Bilateral,Calisthenics
bar-eccentric-chin-up,Bar Eccentric Chin Up,https://youtu.be/B1nRr__KiNk?si=5PGKtxdEbPpVW1Ds,,Novice,beginner,Biceps,Biceps Brachii,Latissimus Dorsi,Pull Up Bar,1,,0,Pull Up Bar,gym,Hanging,Double Arm,Continuous,Supinated,No Load,Continuous,No Elevation,Single Exercise,Vertical Pull,Sagittal Plane,Upper Body,Pull,Compound,Bilateral,Calisthenics
bar-eccentric-pull-up,Bar Eccentric Pull Up,https://youtu.be/T4Jv__fWjZ8?si=sbUarOu5VD7qBK4s,,Novice,beginner,Back,Latissimus Dorsi,,Pull Up Bar,1,,0,Pull Up Bar,gym,Hanging,Double Arm,Continuous,Pronated,No Load,Continuous,No Elevation,Single Exercise,Vertical Pull,Sagittal Plane,Upper Body,Pull,Compound,Bilateral,Calisthenics
bar-full-back-lever,Bar Full Back Lever,https://youtu.be/I5pStn4M6AU?si=xYguBx9qhd3Movl6,,Expert,advanced,Abdominals,Rectus Abdominis,,Pull Up Bar,1,,0,Pull Up Bar,gym,Hanging,Double Arm,Continuous,Pronated,No Load,Continuous,No Elevation,Single Exercise,Isometric Hold,Sagittal Plane,Full Body,Other,Compound,Bilateral,Calisthenics
bar-full-front-lever,Bar Full Front Lever,https://youtu.be/1QCwhp_WlEA?si=wXgs8tAgUOVzgUhI,,Expert,advanced,Abdominals,Rectus Abdominis,,Pull Up Bar,1,,0,Pull Up Bar,gym,Hanging,Double Arm,Continuous,Pronated,No Load,Continuous,No Elevation,Single Exercise,Isometric Hold,Sagittal Plane,Full Body,Other,Compound,Bilateral,Calisthenics
bar-gironda-sternum-chin-up,Bar Gironda Sternum Chin Up,https://youtu.be/58QkcGVA12A?si=ddrndE8UqnvYVadB,https://youtu.be/kcWFzrolwHU?si=FzhQhg349iqrVu8i,Expert,advanced,Biceps,Biceps Brachii,Latissimus Dorsi,Pull Up Bar,1,,0,Pull Up Bar,gym,Hanging,Double Arm,Continuous,Supinated,No Load,Continuous,No Elevation,Single Exercise,Vertical Pull,Sagittal Plane,Upper Body,Pull,Compound,Bilateral,Calisthenics
bar-half-lay-back-lever,Bar Half Lay Back Lever,https://youtu.be/mT2_DYAVu8c?si=shnn4gm9QMQ0x3Y5,,Advanced,advanced,Abdominals,Rectus Abdominis,,Pull Up Bar,1,,0,Pull Up Bar,gym,Hanging,Double Arm,Continuous,Pronated,No Load,Continuous,No Elevation,Single Exercise,Isometric Hold,Sagittal Plane,Full Body,Other,Compound,Bilateral,Calisthenics
bar-half-lay-front-lever,Bar Half Lay Front Lever,https://youtu.be/z-zP32fnugI?si=38IL3ATf8aLehR74,,Advanced,advanced,Abdominals,Rectus Abdominis,,Pull Up Bar,1,,0,Pull Up Bar,gym,Hanging,Double Arm,Continuous,Pronated,No Load,Continuous,No Elevation,Single Exercise,Isometric Hold,Sagittal Plane,Full Body,Other,Compound,Bilateral,Calisthenics
bar-hanging-knee-raise,Bar Hanging Knee Raise,https://youtu.be/KNzJ3GuIpB8?si=va7oq1yMev2p_dQ2,,Intermediate,intermediate,Abdominals,Rectus Abdominis,Iliopsoas|Rectus Femoris,Pull Up Bar,1,,0,Pull Up Bar,gym,Hanging,Double Arm,Continuous,Pronated,No Load,Continuous,No Elevation,Single Exercise,Spinal Flexion,Sagittal Plane,Core,Other,Compound,Bilateral,
bar-hanging-l-sit,Bar Hanging L Sit,https://youtu.be/WHi1bvZLwlw?si=NKvlsqG8aI-wDQfJ,,Intermediate,intermediate,Abdominals,Rectus Abdominis,,Pull Up Bar,1,,0,Pull Up Bar,gym,Hanging,Double Arm,Continuous,Pronated,No Load,Continuous,No Elevation,Single Exercise,Isometric Hold,Sagittal Plane,Core,Other,Compound,Bilateral,Calisthenics
bar-hanging-l-sit-flutter-kicks,Bar Hanging L Sit Flutter Kicks,https://youtu.be/MGBT77oSGiA?si=AGhUTOg_vYJNxD4y,,Intermediate,intermediate,Hip Flexors,Iliopsoas,Rectus Abdominis,Pull Up Bar,1,,0,Pull Up Bar,gym,Hanging,Double Arm,Continuous,Pronated,No Load,Alternating,No Elevation,Single Exercise,Hip Flexion|Isometric Hold,Sagittal Plane,Core,Other,Compound,Unilateral,
bar-hanging-oblique-knee-raise,Bar Hanging Oblique Knee Raise,https://youtu.be/sqDdHFC1KYk?si=VwW9AhJxnFtKqLWf,,Intermediate,intermediate,Abdominals,Obliques,Rectus Abdominis,Pull Up Bar,1,,0,Pull Up Bar,gym,Hanging,Double Arm,Continuous,Pronated,No Load,Continuous,No Elevation,Single Exercise,Rotational,Transverse Plane,Core,Other,Compound,Bilateral,
bar-hanging-toes-to-bar,Bar Hanging Toes to Bar,https://youtu.be/xX9Hzi7Onnw?si=DF7ySd87D6LcLvwN,https://youtu.be/S2QVHl6DoNo?si=_wSbbPfIY45-7i8d,Advanced,advanced,Abdominals,Rectus Abdominis,Iliopsoas|Obliques,Pull Up Bar,1,,0,Pull Up Bar,gym,Hanging,Double Arm,Continuous,Pronated,No Load,Continuous,No Elevation,Single Exercise,Hip Flexion,Sagittal Plane,Core,Other,Compound,Bilateral,Calisthenics
bar-hanging-tuck-l-sit,Bar Hanging Tuck L Sit,https://youtu.be/QA_dH6cjbw0?si=29xMuvVPe0ttRvvK,,Intermediate,intermediate,Abdominals,Rectus Abdominis,,Pull Up Bar,1,,0,Pull Up Bar,gym,Hanging,Double Arm,Continuous,Pronated,No Load,Continuous,No Elevation,Single Exercise,Isometric Hold,Sagittal Plane,Core,Other,Compound,Bilateral,Calisthenics
bar-inverted-hanging-crunch,Bar Inverted Hanging Crunch,https://youtu.be/LXQTkeYPki8,https://youtu.be/gQbe4jcqfEA,Expert,advanced,Abdominals,Rectus Abdominis,Iliopsoas|Obliques,Pull Up Bar,1,,0,Pull Up Bar,gym,Inverted,No Arms,Continuous,Head Supported,No Load,Continuous,No Elevation,Single Exercise,Spinal Flexion,Sagittal Plane,Core,Other,Compound,Bilateral,
bar-l-sit-chin-up,Bar L Sit Chin Up,https://youtu.be/7Wd45lzZhQk?si=WbC5VTiJ33pRjzDJ,,Advanced,advanced,Biceps,Biceps Brachii,Latissimus Dorsi|Rectus Abdominis,Pull Up Bar,1,,0,Pull Up Bar,gym,Hanging,Double Arm,Continuous,Supinated,No Load,Continuous,No Elevation,Single Exercise,Vertical Pull|Isometric Hold,Sagittal Plane,Upper Body,Pull,Compound,Bilateral,Calisthenics
bar-l-sit-pull-up,Bar L Sit Pull Up,https://youtu.be/QH0dDfyF7QM?si=W4RMoCz0b-U3zq7d,,Advanced,advanced,Back,Latissimus Dorsi,Biceps Brachii|Rectus Abdominis,Pull Up Bar,1,,0,Pull Up Bar,gym,Hanging,Double Arm,Continuous,Pronated,No Load,Continuous,No Elevation,Single Exercise,Vertical Pull|Isometric Hold,Sagittal Plane,Upper Body,Pull,Compound,Bilateral,Calisthenics
bar-pull-up,Bar Pull Up,https://youtu.be/HRV5YKKaeVw?si=2FwPXMnKZC4QXyAO,https://youtu.be/sIvJTfGxdFo?si=EayZv3-AEz3Y3pBa,Intermediate,intermediate,Back,Latissimus Dorsi,Biceps Brachii,Pull Up Bar,1,,0,Pull Up Bar,gym,Hanging,Double Arm,Continuous,Pronated,No Load,Continuous,No Elevation,Single Exercise,Vertical Pull,Sagittal Plane,Upper Body,Pull,Compound,Bilateral,Calisthenics
bar-scapular-pull-up,Bar Scapular Pull Up,https://youtu.be/pE8PJsWEV7k?si=sXWG_h39gmTbgsNw,,Intermediate,intermediate,Back,Latissimus Dorsi,Rhomboids,Pull Up Bar,1,,0,Pull Up Bar,gym,Hanging,Double Arm,Continuous,Pronated,No Load,Continuous,No Elevation,Single Exercise,Vertical Pull,Sagittal Plane,Upper Body,Pull,Compound,Bilateral,Calisthenics
bar-single-leg-out-back-lever,Bar Single Leg Out Back Lever,https://youtu.be/3M3VxKm08cs?si=dt2GQl57ObWtHdOH,,Advanced,advanced,Abdominals,Rectus Abdominis,,Pull Up Bar,1,,0,Pull Up Bar,gym,Hanging,Double Arm,Continuous,Pronated,No Load,Continuous,No Elevation,Single Exercise,Isometric Hold,Sagittal Plane,Full Body,Other,Compound,Unilateral,Calisthenics
bar-single-leg-out-front-lever,Bar Single Leg Out Front Lever,https://youtu.be/HzcWRdP78Wo?si=l0PzesASSgyca9XI,,Advanced,advanced,Abdominals,Rectus Abdominis,,Pull Up Bar,1,,0,Pull Up Bar,gym,Hanging,Double Arm,Continuous,Pronated,No Load,Continuous,No Elevation,Single Exercise,Isometric Hold,Sagittal Plane,Full Body,Other,Compound,Unilateral,Calisthenics
bar-skin-the-cat,Bar Skin the Cat,https://youtu.be/mqZDdpFh1gA?si=5Sz7M4RZJh4kpYFa,https://youtu.be/0g6tVBdfsUw?si=Xww93bTXbMAcyLUz,Intermediate,intermediate,Back,Latissimus Dorsi,Rectus Abdominis|Teres Major,Pull Up Bar,1,,0,Pull Up Bar,gym,Hanging,Double Arm,Continuous,Pronated,No Load,Continuous,No Elevation,Single Exercise,Rotational,Sagittal Plane,Upper Body,Pull,Compound,Bilateral,Calisthenics
bar-straddle-back-lever,Bar Straddle Back Lever,https://youtu.be/-H0jvoX9D4U?si=JgYHw7fT5duJS_3Q,,Expert,advanced,Abdominals,Rectus Abdominis,,Pull Up Bar,1,,0,Pull Up Bar,gym,Hanging,Double Arm,Continuous,Pronated,No Load,Continuous,No Elevation,Single Exercise,Isometric Hold,Sagittal Plane,Full Body,Other,Compound,Bilateral,Calisthenics
bar-strict-muscle-up,Bar Strict Muscle Up,https://youtu.be/t8_M2aHiNDk?si=s9zri6LcdUJrvwbV,,Expert,advanced,Back,Latissimus Dorsi,Triceps Brachii|Biceps Brachii,Pull Up Bar,1,,0,Pull Up Bar,gym,Hanging,Double Arm,Continuous,False Grip,No Load,Continuous,No Elevation,Single Exercise,Vertical Pull|Vertical Push,Sagittal Plane,Upper Body,Push & Pull,Compound,Bilateral,Calisthenics
bar-tuck-back-lever,Bar Tuck Back Lever,https://youtu.be/LfyGMZh-Bz4?si=6Cp5HCRlHxaaAXAk,,Advanced,advanced,Abdominals,Rectus Abdominis,,Pull Up Bar,1,,0,Pull Up Bar,gym,Hanging,Double Arm,Continuous,Pronated,No Load,Continuous,No Elevation,Single Exercise,Isometric Hold,Sagittal Plane,Full Body,Other,Compound,Bilateral,Calisthenics
bar-tuck-front-lever,Bar Tuck Front Lever,https://youtu.be/BDYs4d0-dbs?si=xhEemMS0ZwEdNi-P,,Advanced,advanced,Abdominals,Rectus Abdominis,,Pull Up Bar,1,,0,Pull Up Bar,gym,Hanging,Double Arm,Continuous,Pronated,No Load,Continuous,No Elevation,Single Exercise,Isometric Hold,Sagittal Plane,Full Body,Other,Compound,Bilateral,Calisthenics
bar-windshield-wiper,Bar Windshield Wiper,https://youtu.be/q-5xzuVDZ0o?si=5L3fg2tvxhgRuWIr,https://youtu.be/ygwy2b2marI?si=MyAxyOa-ssIPMUEB,Advanced,advanced,Abdominals,Obliques,Rectus Abdominis|Transverse Abdominis,Pull Up Bar,1,,0,Pull Up Bar,gym,Hanging,Double Arm,Continuous,Pronated,No Load,Continuous,No Elevation,Single Exercise,Rotational,Transverse Plane,Core,Other,Compound,Bilateral,Calisthenics
barbell-back-rack-alternating-cossack-squat,Barbell Back Rack Alternating Cossack Squat,https://youtu.be/YZQP6D9LP4E,,Intermediate,intermediate,Quadriceps,Quadriceps Femoris,Adductor Magnus|Gluteus Maximus,Barbell,1,,0,Barbell,gym,Standing,Double Arm,Continuous,Pronated,Back Rack,Alternating,No Elevation,Single Exercise,Knee Dominant,Frontal Plane,Lower Body,Push,Compound,Unilateral,Bodybuilding
barbell-back-rack-alternating-curtsy-lunge,Barbell Back Rack Alternating Curtsy Lunge,https://youtu.be/zUV4jRr6DPk?si=WdsGqclPVPcWvX9C,,Intermediate,intermediate,Quadriceps,Quadriceps Femoris,Gluteus Maximus|Adductor Magnus,Barbell,1,,0,Barbell,gym,Standing,Double Arm,Continuous,Pronated,Back Rack,Alternating,No Elevation,Single Exercise,Knee Dominant,Frontal Plane,Lower Body,Push,Compound,Unilateral,Bodybuilding
barbell-back-rack-alternating-forward-lunge,Barbell Back Rack Alternating Forward Lunge,https://youtu.be/H8YHDNCH5-o?si=niOwS0JaOXdOT4Ip,,Intermediate,intermediate,Quadriceps,Quadriceps Femoris,Gluteus Maximus|Biceps Femoris,Barbell,1,,0,Barbell,gym,Standing,Double Arm,Continuous,Pronated,Back Rack,Alternating,No Elevation,Single Exercise,Knee Dominant,Sagittal Plane,Lower Body,Push,Compound,Unilateral,Bodybuilding
barbell-back-rack-alternating-reverse-lunge,Barbell Back Rack Alternating Reverse Lunge,https://youtu.be/fP3L8yqDaYo?si=xq03w4XotIlArOk3,,Intermediate,intermediate,Quadriceps,Quadriceps Femoris,Gluteus Maximus|Biceps Femoris,Barbell,1,,0,Barbell,gym,Standing,Double Arm,Continuous,Pronated,Back Rack,Alternating,No Elevation,Single Exercise,Knee Dominant,Sagittal Plane,Lower Body,Push,Compound,Unilateral,Bodybuilding
barbell-back-rack-alternating-russian-step-up,Barbell Back Rack Alternating Russian Step Up,https://youtu.be/Yk67o_LX2k8?si=zkvsiKBoliLmWwDT,,Intermediate,intermediate,Quadriceps,Quadriceps Femoris,Gluteus Maximus|Iliopsoas,Barbell,1,Plyo Box,1,Barbell|Plyo Box,gym,Single Leg Standing Bent Knee,Double Arm,Continuous,Pronated,Back Rack,Alternating,Foot Elevated (Front),Single Exercise,Knee Dominant,Sagittal Plane,Lower Body,Push,Compound,Unilateral,Balance
barbell-back-rack-alternating-step-up,Barbell Back Rack Alternating Step Up,https://youtu.be/_iZ9bGw84H8?si=4Ff3XGU-WRY1uN0k,,Intermediate,intermediate,Quadriceps,Quadriceps Femoris,Gluteus Maximus|Biceps Femoris,Barbell,1,Plyo Box,1,Barbell|Plyo Box,gym,Standing,Double Arm,Continuous,Pronated,Back Rack,Alternating,Foot Elevated (Front),Single Exercise,Knee Dominant,Sagittal Plane,Lower Body,Push,Compound,Unilateral,Bodybuilding
barbell-back-rack-bulgarian-split-squat,Barbell Back Rack Bulgarian Split Squat,https://youtu.be/CeNiZ52DzU0,,Intermediate,intermediate,Quadriceps,Quadriceps Femoris,Gluteus Maximus|Biceps Femoris,Barbell,1,Bench (Flat),1,Barbell|Bench (Flat),gym,Single Leg Supported,Double Arm,Continuous,Pronated,Back Rack,Continuous,Foot Elevated (Rear),Single Exercise,Knee Dominant,Sagittal Plane,Lower Body,Push,Compound,Unilateral,Bodybuilding
barbell-back-rack-calf-raise,Barbell Back Rack Calf Raise,https://youtu.be/SpwcssWT0p4?si=XhO_l77nZbQDRttr,,Novice,beginner,Calves,Gastrocnemius,Soleus|Tibialis Posterior,Barbell,1,,0,Barbell,gym,Standing,Double Arm,Continuous,Pronated,Back Rack,Continuous,No Elevation,Single Exercise,Ankle Plantar Flexion,Sagittal Plane,Lower Body,Push,Isolation,Bilateral,Bodybuilding
barbell-back-rack-carry,Barbell Back Rack Carry,https://youtu.be/c2D4GkTgyo4?si=s6c03eCCz8TWg7br,,Intermediate,intermediate,Abdominals,Rectus Abdominis,Gluteus Maximus,Barbell,1,,0,Barbell,gym,Walking,Double Arm,Continuous,Pronated,Back Rack,Alternating,No Elevation,Single Exercise,Loaded Carry,Sagittal Plane,Full Body,Other,Compound,Bilateral,
barbell-back-rack-cossack-squat,Barbell Back Rack Cossack Squat,https://youtu.be/pOSa7abtPaQ?si=RtB71Qujc9eZBx-J,,Intermediate,intermediate,Quadriceps,Quadriceps Femoris,Adductor Magnus|Gluteus Maximus,Barbell,1,,0,Barbell,gym,Standing,Double Arm,Continuous,Pronated,Back Rack,Continuous,No Elevation,Single Exercise,Knee Dominant,Frontal Plane,Lower Body,Push,Compound,Unilateral,Bodybuilding
barbell-back-rack-cyclist-squat,Barbell Back Rack Cyclist Squat,https://youtu.be/TT7Ra3TnlZY,https://youtu.be/aoNyKjQvegs,Intermediate,intermediate,Quadriceps,Quadriceps Femoris,Gluteus Maximus|Soleus,Barbell,1,Slant Board,1,Barbell|Slant Board,gym,Standing,Double Arm,Continuous,Pronated,Other,Continuous,Heels Elevated,Single Exercise,Knee Dominant,Sagittal Plane,Lower Body,Push,Compound,Bilateral,Bodybuilding
barbell-back-rack-feet-elevated-calf-raise,Barbell Back Rack Feet Elevated Calf Raise,https://youtu.be/-zJsdaS13fk,https://youtu.be/3UWi44yN-wM,Intermediate,intermediate,Calves,Gastrocnemius,Soleus|Tibialis Anterior,Barbell,1,,0,Barbell,gym,Standing,Double Arm,Continuous,Pronated,Back Rack,Continuous,Toes Elevated,Single Exercise,Ankle Plantar Flexion,Sagittal Plane,Lower Body,Push,Isolation,Bilateral,Bodybuilding
barbell-back-rack-foot-elevated-knee-over-toe-split-squat,Barbell Back Rack Foot Elevated Knee Over Toe Split Squat,https://youtu.be/yw2PSqN1ELo?si=2h_po3eQI5bN1T8l,,Intermediate,intermediate,Quadriceps,Quadriceps Femoris,Gluteus Maximus|Soleus,Barbell,1,,0,Barbell,gym,Knee Over Toe Split Squat,Double Arm,Continuous,Pronated,Back Rack,Continuous,Foot Elevated (Front),Single Exercise,Knee Dominant,Sagittal Plane,Lower Body,Push,Compound,Unilateral,Bodybuilding
barbell-back-rack-forward-lunge,Barbell Back Rack Forward Lunge,https://youtu.be/hUdSY_wXwWU?si=UfpUfMXiZqyUzBJ8,,Intermediate,intermediate,Quadriceps,Quadriceps Femoris,Gluteus Maximus|Biceps Femoris,Barbell,1,,0,Barbell,gym,Standing,Double Arm,Continuous,Pronated,Back Rack,Continuous,No Elevation,Single Exercise,Knee Dominant,Sagittal Plane,Lower Body,Push,Compound,Unilateral,Bodybuilding
barbell-back-rack-knee-over-toe-split-squat,Barbell Back Rack Knee Over Toe Split Squat,https://youtu.be/RBcrPYSWQb8,,Intermediate,intermediate,Quadriceps,Quadriceps Femoris,Gluteus Maximus|Soleus,Barbell,1,,0,Barbell,gym,Knee Over Toe Split Squat,Double Arm,Continuous,Pronated,Back Rack,Continuous,No Elevation,Single Exercise,Knee Dominant,Sagittal Plane,Lower Body,Push,Compound,Unilateral,Bodybuilding
barbell-back-rack-lateral-lunge,Barbell Back Rack Lateral Lunge,https://youtu.be/1vL0XkLlP-w?si=hzM0tCpVcWoTpqc7,https://youtu.be/dQZjFjYyghY?si=V6LePfJxqq9jPNlv,Intermediate,intermediate,Quadriceps,Quadriceps Femoris,Gluteus Maximus|Adductor Magnus,Barbell,1,,0,Barbell,gym,Standing,Double Arm,Continuous,Pronated,Back Rack,Continuous,No Elevation,Single Exercise,Knee Dominant,Frontal Plane,Lower Body,Push,Compound,Unilateral,Bodybuilding
barbell-back-rack-reverse-lunge,Barbell Back Rack Reverse Lunge,https://youtu.be/21r8Pdk6Vks?si=U-wSwCn696acnBp9,https://youtu.be/9MBGvIYU2Lg?si=GJYnXWwoUahfSAKJ,Intermediate,intermediate,Quadriceps,Quadriceps Femoris,Gluteus Maximus|Biceps Femoris,Barbell,1,,0,Barbell,gym,Standing,Double Arm,Continuous,Pronated,Back Rack,Continuous,No Elevation,Single Exercise,Knee Dominant,Sagittal Plane,Lower Body,Push,Compound,Unilateral,Bodybuilding
barbell-back-rack-russian-step-up,Barbell Back Rack Russian Step Up,https://youtu.be/SEh-o4ousa0?si=f_LvuDf-cSL8gy43,https://youtu.be/WW-OvpN8iNo?si=lrpZWW1xXNmm5j4K,Intermediate,intermediate,Quadriceps,Quadriceps Femoris,Gluteus Maximus|Iliopsoas,Barbell,1,Plyo Box,1,Barbell|Plyo Box,gym,Single Leg Standing Bent Knee,Double Arm,Continuous,Pronated,Back Rack,Continuous,Foot Elevated (Front),Single Exercise,Knee Dominant,Sagittal Plane,Lower Body,Push,Compound,Unilateral,Balance
barbell-back-rack-split-squat,Barbell Back Rack Split Squat,https://youtu.be/KXUJxb8hO8U,https://youtu.be/8nW4ZwKi4gk?si=ArwV6SL5pdH_cg-v,Novice,beginner,Quadriceps,Quadriceps Femoris,Gluteus Maximus|Biceps Femoris,Barbell,1,,0,Barbell,gym,Split Squat,Double Arm,Continuous,Pronated,Back Rack,Continuous,No Elevation,Single Exercise,Knee Dominant,Sagittal Plane,Lower Body,Push,Compound,Unilateral,Bodybuilding
barbell-back-rack-step-up,Barbell Back Rack Step Up,https://youtu.be/uQGRzdjxHes,https://youtu.be/bH8c6ladt1M,Intermediate,intermediate,Quadriceps,Quadriceps Femoris,Gluteus Maximus|Biceps Femoris,Barbell,1,Plyo Box,1,Barbell|Plyo Box,gym,Standing,Double Arm,Continuous,Pronated,Back Rack,Continuous,Foot Elevated (Front),Single Exercise,Knee Dominant,Sagittal Plane,Lower Body,Push,Compound,Unilateral,Bodybuilding
barbell-back-rack-walking-lunge,Barbell Back Rack Walking Lunge,https://youtu.be/ZPoMxOrIeO4,https://youtu.be/X9QswJmhBQI,Intermediate,intermediate,Quadriceps,Quadriceps Femoris,Gluteus Maximus|Biceps Femoris,Barbell,1,,0,Barbell,gym,Walking,Double Arm,Continuous,Pronated,Back Rack,Alternating,No Elevation,Single Exercise,Knee Dominant,Sagittal Plane,Lower Body,Push,Compound,Unilateral,Bodybuilding
barbell-bench-press,Barbell Bench Press,https://youtu.be/SCVCLChPQFY,https://youtu.be/rxD321l2svE,Novice,beginner,Chest,Pectoralis Major,Triceps Brachii|Anterior Deltoids,Barbell,1,Bench (Flat),1,Barbell|Bench (Flat),gym,Supine,Double Arm,Continuous,Pronated,Above Chest,Continuous,No Elevation,Single Exercise,Horizontal Push,Sagittal Plane,Upper Body,Push,Compound,Bilateral,Powerlifting
barbell-bent-over-row,Barbell Bent Over Row,https://youtu.be/9Gf-Ourup_k?si=qt-DlqHLDICtOmju,,Novice,beginner,Back,Latissimus Dorsi,Rhomboids|Posterior Deltoids,Barbell,1,,0,Barbell,gym,Standing,Double Arm,Continuous,Pronated,Other,Continuous,No Elevation,Single Exercise,Horizontal Pull,Sagittal Plane,Upper Body,Pull,Compound,Bilateral,Bodybuilding
barbell-bicep-curl,Barbell Bicep Curl,https://youtu.be/BVrlItPBX8M?si=4NJpARumV7sAFCki,https://youtu.be/bAWLx7PPK10,Novice,beginner,Biceps,Biceps Brachii,Brachialis|Brachioradialis,Barbell,1,,0,Barbell,gym,Standing,Double Arm,Continuous,Supinated,Other,Continuous,No Elevation,Single Exercise,Elbow Flexion,Sagittal Plane,Upper Body,Pull,Isolation,Bilateral,Bodybuilding
barbell-block-pull-deadlift,Barbell Block Pull Deadlift,https://youtu.be/iVpVk8x-VDQ,https://youtu.be/jfSxbT-65ow,Novice,beginner,Back,Latissimus Dorsi,,Barbell,1,,0,Barbell,gym,Standing,Double Arm,Continuous,Pronated,Other,Continuous,No Elevation,Single Exercise,Hip Hinge,Sagittal Plane,Full Body,Pull,Compound,Bilateral,Bodybuilding
barbell-box-back-squat,Barbell Box Back Squat,https://youtu.be/dLG78_Z9rjM,https://youtu.be/Ua4OMLUJoOk,Novice,beginner,Quadriceps,Quadriceps Femoris,Gluteus Maximus,Barbell,1,Plyo Box,1,Barbell|Plyo Box,gym,Standing,Double Arm,Continuous,Pronated,Other,Continuous,No Elevation,Single Exercise,Knee Dominant,Sagittal Plane,Lower Body,Push,Compound,Bilateral,
barbell-close-grip-bench-press,Barbell Close Grip Bench Press,https://youtu.be/XEFDMwmrLAM,https://youtu.be/cXbSJHtjrQQ,Novice,beginner,Triceps,Triceps Brachii,Pectoralis Major,Barbell,1,Bench (Flat),1,Barbell|Bench (Flat),gym,Supine,Double Arm,Continuous,Pronated,Above Chest,Continuous,No Elevation,Single Exercise,Horizontal Push,Sagittal Plane,Upper Body,Push,Compound,Bilateral,Bodybuilding
barbell-close-grip-incline-bench-press,Barbell Close Grip Incline Bench Press,https://youtu.be/wbI4qof1454?si=WRjRCDTcll5n5uKu,,Novice,beginner,Triceps,Triceps Brachii,Pectoralis Major,Barbell,1,Bench (Incline),1,Barbell|Bench (Incline),gym,Seated,Double Arm,Continuous,Pronated,Above Chest,Continuous,No Elevation,Single Exercise,Horizontal Push,Sagittal Plane,Upper Body,Push,Compound,Bilateral,Bodybuilding
barbell-close-grip-incline-push-up,Barbell Close Grip Incline Push Up,https://youtu.be/OfmxKG10F5Q?si=8a3RFQgve9SfI8Mw,,Beginner,beginner,Triceps,Triceps Brachii,Pectoralis Major|Anterior Deltoids,Barbell,1,,0,Barbell,gym,Prone,Double Arm,Continuous,Pronated,No Load,Continuous,No Elevation,Single Exercise,Horizontal Push,Sagittal Plane,Upper Body,Push,Compound,Bilateral,Calisthenics
barbell-conventional-deadlift,Barbell Conventional Deadlift,https://youtu.be/op9kVnSso6Q,https://youtu.be/p2OPUi4xGrM,Novice,beginner,Back,Latissimus Dorsi,Latissimus Dorsi,Barbell,1,,0,Barbell,gym,Standing,Double Arm,Continuous,Pronated,Other,Continuous,No Elevation,Single Exercise,Hip Hinge,Sagittal Plane,Full Body,Pull,Compound,Bilateral,Powerlifting
barbell-cuban-rotation,Barbell Cuban Rotation,https://youtu.be/J9thOow3-iY?si=mZOrggfNx4BC4LdB,https://youtu.be/Eum8TeApleI?si=2BFcHiplyVqD2iAT,Intermediate,intermediate,Shoulders,Posterior Deltoids,Infraspinatus|Teres Minor,Barbell,1,,0,Barbell,gym,Standing,Double Arm,Continuous,Pronated,Other,Continuous,No Elevation,Single Exercise,Shoulder External Rotation,Transverse Plane,Upper Body,Pull,Isolation,Bilateral,
barbell-decline-bench-press,Barbell Decline Bench Press,https://youtu.be/6yGZ0KCaiWM,https://youtu.be/LfyQBUKR8SE,Novice,beginner,Chest,Pectoralis Major,Triceps Brachii|Anterior Deltoids,Barbell,1,Bench (Decline),1,Barbell|Bench (Decline),gym,Supine,Double Arm,Continuous,Pronated,Above Chest,Continuous,No Elevation,Single Exercise,Horizontal Push,Sagittal Plane,Upper Body,Push,Compound,Bilateral,Bodybuilding
barbell-deficit-deadlift,Barbell Deficit Deadlift,https://youtu.be/PzoxegwRlOw,https://youtu.be/hnuPZZfeRzs,Intermediate,intermediate,Back,Latissimus Dorsi,,Barbell,1,,0,Barbell,gym,Standing,Double Arm,Continuous,Pronated,Other,Continuous,Feet Elevated,Single Exercise,Hip Hinge,Sagittal Plane,Full Body,Pull,Compound,Bilateral,Bodybuilding
barbell-deficit-snatch-grip-deadlift,Barbell Deficit Snatch Grip Deadlift,https://youtu.be/s_Cx_ElOuQs,,Intermediate,intermediate,Back,Latissimus Dorsi,,Barbell,1,,0,Barbell,gym,Standing,Double Arm,Continuous,Pronated,Other,Continuous,Feet Elevated,Single Exercise,Hip Hinge,Sagittal Plane,Full Body,Pull,Compound,Bilateral,Bodybuilding
barbell-feet-elevated-glute-bridge,Barbell Feet Elevated Glute Bridge,https://youtu.be/mVzkA_m7I8k?si=nz9dAss-NvLHBUln,,Intermediate,intermediate,Glutes,Gluteus Maximus,Biceps Femoris|Erector Spinae,Barbell,1,,0,Barbell,gym,Bridge,Double Arm,Continuous,Pronated,Hip Crease,Continuous,Feet Elevated,Single Exercise,Hip Extension,Sagittal Plane,Lower Body,,Compound,Bilateral,Bodybuilding
barbell-feet-elevated-inverted-row,Barbell Feet Elevated Inverted Row,https://youtu.be/6AptmglPQ30,,Intermediate,intermediate,Back,Latissimus Dorsi,Biceps Brachii,Barbell,1,Bench (Flat),1,Barbell|Bench (Flat),gym,Supine,Double Arm,Continuous,Pronated,No Load,Continuous,Feet Elevated,Single Exercise,Horizontal Pull,Sagittal Plane,Upper Body,Pull,Compound,Bilateral,Calisthenics
barbell-floor-press,Barbell Floor Press,https://youtu.be/YdiVxhxufG8?si=pMAxf531BcAPvatO,,Novice,beginner,Chest,Pectoralis Major,Triceps Brachii|Anterior Deltoids,Barbell,1,,0,Barbell,gym,Supine,Double Arm,Continuous,Neutral,Above Chest,Continuous,No Elevation,Single Exercise,Horizontal Push,Sagittal Plane,Upper Body,Push,Compound,Bilateral,Bodybuilding
barbell-floor-skull-crusher,Barbell Floor Skull Crusher,https://youtu.be/0LSPT_gJcTk?si=oTv9Tc_18B1V8E3E,,Novice,beginner,Triceps,Triceps Brachii,Anconeus|Flexor Carpi Radialis,Barbell,1,,0,Barbell,gym,Supine,Double Arm,Continuous,Pronated,Other,Continuous,No Elevation,Single Exercise,Elbow Extension,Sagittal Plane,Upper Body,Push,Compound,Bilateral,Bodybuilding
barbell-frog-pump,Barbell Frog Pump,https://youtu.be/coFi5XRmTAk?si=b564Njzd_-7c0U9x,,Novice,beginner,Glutes,Gluteus Maximus,Biceps Femoris|Adductor Magnus,Barbell,1,,0,Barbell,gym,Bridge,Double Arm,Continuous,Pronated,Hip Crease,Continuous,No Elevation,Single Exercise,Hip Extension,Sagittal Plane,Lower Body,,Compound,Bilateral,Bodybuilding
barbell-front-rack-alternating-cossack-squat,Barbell Front Rack Alternating Cossack Squat,https://youtu.be/_AEuTTkYzjg,,Intermediate,intermediate,Quadriceps,Quadriceps Femoris,Adductor Magnus|Gluteus Maximus,Barbell,1,,0,Barbell,gym,Standing,Double Arm,Continuous,Pronated,Front Rack,Alternating,No Elevation,Single Exercise,Knee Dominant,Frontal Plane,Lower Body,Push,Compound,Unilateral,Bodybuilding
barbell-front-rack-alternating-curtsy-lunge,Barbell Front Rack Alternating Curtsy Lunge,https://youtu.be/QB9bEZQl6Mg,,Intermediate,intermediate,Quadriceps,Quadriceps Femoris,Gluteus Maximus|Adductor Magnus,Barbell,1,,0,Barbell,gym,Standing,Double Arm,Continuous,Pronated,Front Rack,Alternating,No Elevation,Single Exercise,Knee Dominant,Frontal Plane,Lower Body,Push,Compound,Unilateral,Bodybuilding
barbell-front-rack-alternating-forward-lunge,Barbell Front Rack Alternating Forward Lunge,https://youtu.be/whSju0ip_78?si=emNV0JUVUhF8Qrf1,,Intermediate,intermediate,Quadriceps,Quadriceps Femoris,Gluteus Maximus|Biceps Femoris,Barbell,1,,0,Barbell,gym,Standing,Double Arm,Continuous,Pronated,Front Rack,Alternating,No Elevation,Single Exercise,Knee Dominant,Sagittal Plane,Lower Body,Push,Compound,Unilateral,Bodybuilding
barbell-front-rack-alternating-reverse-lunge,Barbell Front Rack Alternating Reverse Lunge,https://youtu.be/dpBy5qAG2Hs?si=x6xfYJbZr1Bols2r,,Intermediate,intermediate,Quadriceps,Quadriceps Femoris,Gluteus Maximus|Biceps Femoris,Barbell,1,,0,Barbell,gym,Standing,Double Arm,Continuous,Pronated,Front Rack,Alternating,No Elevation,Single Exercise,Knee Dominant,Sagittal Plane,Lower Body,Push,Compound,Unilateral,Bodybuilding
barbell-front-rack-alternating-russian-step-up,Barbell Front Rack Alternating Russian Step Up,https://youtu.be/FkOqXpYX2nE?feature=shared,,Intermediate,intermediate,Quadriceps,Quadriceps Femoris,Gluteus Maximus|Iliopsoas,Barbell,1,Plyo Box,1,Barbell|Plyo Box,gym,Single Leg Standing Bent Knee,Double Arm,Continuous,Pronated,Front Rack,Alternating,Foot Elevated (Front),Single Exercise,Knee Dominant,Sagittal Plane,Lower Body,Push,Compound,Unilateral,Balance
barbell-front-rack-alternating-step-up,Barbell Front Rack Alternating Step Up,https://youtu.be/b8ldbeOnJEI?si=PBXslcF1v1YEXgGU,,Intermediate,intermediate,Quadriceps,Quadriceps Femoris,Gluteus Maximus|Biceps Femoris,Barbell,1,Plyo Box,1,Barbell|Plyo Box,gym,Standing,Double Arm,Continuous,Pronated,Front Rack,Alternating,Foot Elevated (Front),Single Exercise,Knee Dominant,Sagittal Plane,Lower Body,Push,Compound,Unilateral,Bodybuilding
barbell-front-rack-bulgarian-split-squat,Barbell Front Rack Bulgarian Split Squat,https://youtu.be/kz5dpeSigAI,,Intermediate,intermediate,Quadriceps,Quadriceps Femoris,Gluteus Maximus|Biceps Femoris,Barbell,1,Bench (Flat),1,Barbell|Bench (Flat),gym,Single Leg Supported,Double Arm,Continuous,Pronated,Front Rack,Continuous,Foot Elevated (Rear),Single Exercise,Knee Dominant,Sagittal Plane,Lower Body,Push,Compound,Unilateral,Bodybuilding
barbell-front-rack-calf-raise,Barbell Front Rack Calf Raise,https://youtu.be/_gDcrYTfTCU?si=HKjUJaexuiWSopvB,,Novice,beginner,Calves,Gastrocnemius,Soleus|Tibialis Posterior,Barbell,1,,0,Barbell,gym,Standing,Double Arm,Continuous,Pronated,Front Rack,Continuous,No Elevation,Single Exercise,Ankle Plantar Flexion,Sagittal Plane,Lower Body,Push,Isolation,Bilateral,Bodybuilding
barbell-front-rack-carry,Barbell Front Rack Carry,https://youtu.be/ofwpNdE8yZU?si=T8V1vgUvY8g4tAZ9,,Intermediate,intermediate,Abdominals,Rectus Abdominis,Gluteus Maximus,Barbell,1,,0,Barbell,gym,Walking,Double Arm,Continuous,Pronated,Front Rack,Alternating,No Elevation,Single Exercise,Loaded Carry,Sagittal Plane,Full Body,Other,Compound,Bilateral,
barbell-front-rack-curtsy-lunge,Barbell Front Rack Curtsy Lunge,https://youtu.be/oZCa8oh_YVI?si=rPzLwq3xpBKREAf7,https://youtu.be/Kt3knQShh-A?si=sWwsEazcmrI0by7m,Intermediate,intermediate,Quadriceps,Quadriceps Femoris,Gluteus Maximus|Adductor Magnus,Barbell,1,,0,Barbell,gym,Standing,Double Arm,Continuous,Pronated,Front Rack,Continuous,No Elevation,Single Exercise,Knee Dominant,Frontal Plane,Lower Body,Push,Compound,Unilateral,Bodybuilding
barbell-front-rack-cyclist-squat,Barbell Front Rack Cyclist Squat,https://youtu.be/IU_0IBe4G9w,,Intermediate,intermediate,Quadriceps,Quadriceps Femoris,Gluteus Maximus|Soleus,Barbell,1,Slant Board,1,Barbell|Slant Board,gym,Standing,Double Arm,Continuous,Pronated,Front Rack,Continuous,Heels Elevated,Single Exercise,Knee Dominant,Sagittal Plane,Lower Body,Push,Compound,Bilateral,Bodybuilding
barbell-front-rack-foot-elevated-knee-over-toe-split-squat,Barbell Front Rack Foot Elevated Knee Over Toe Split Squat,https://youtu.be/Z-9VnaY1F7k?si=NW_jj2yOwfUGesC3,,Intermediate,intermediate,Quadriceps,Quadriceps Femoris,Gluteus Maximus|Soleus,Barbell,1,,0,Barbell,gym,Knee Over Toe Split Squat,Double Arm,Continuous,Pronated,Front Rack,Continuous,Foot Elevated (Front),Single Exercise,Knee Dominant,Sagittal Plane,Lower Body,Push,Compound,Unilateral,Bodybuilding
barbell-front-rack-forward-lunge,Barbell Front Rack Forward Lunge,https://youtu.be/tEnO9W001b0?feature=shared,https://youtu.be/HdsDj84oo-M?si=h7psbJWyTfoeXjLf,Intermediate,intermediate,Quadriceps,Quadriceps Femoris,Gluteus Maximus|Biceps Femoris,Barbell,1,,0,Barbell,gym,Standing,Double Arm,Continuous,Pronated,Front Rack,Continuous,No Elevation,Single Exercise,Knee Dominant,Sagittal Plane,Lower Body,Push,Compound,Unilateral,Bodybuilding
barbell-front-rack-knee-over-toe-split-squat,Barbell Front Rack Knee Over Toe Split Squat,https://youtu.be/q7zJZAexRmc,,Intermediate,intermediate,Quadriceps,Quadriceps Femoris,Gluteus Maximus|Soleus,Barbell,1,,0,Barbell,gym,Knee Over Toe Split Squat,Double Arm,Continuous,Pronated,Front Rack,Continuous,No Elevation,Single Exercise,Knee Dominant,Sagittal Plane,Lower Body,Push,Compound,Unilateral,Bodybuilding
barbell-front-rack-lateral-lunge,Barbell Front Rack Lateral Lunge,https://youtu.be/OEtwgF9fZcM?si=NiXeU6zewA9v0Fkx,,Intermediate,intermediate,Quadriceps,Quadriceps Femoris,Gluteus Maximus|Adductor Magnus,Barbell,1,,0,Barbell,gym,Standing,Double Arm,Continuous,Pronated,Front Rack,Continuous,No Elevation,Single Exercise,Knee Dominant,Frontal Plane,Lower Body,Push,Compound,Unilateral,Bodybuilding
barbell-front-rack-march,Barbell Front Rack March,https://youtu.be/dSSBwrzbtGI?feature=shared,,Novice,beginner,Hip Flexors,Iliopsoas,Rectus Abdominis|Gluteus Medius,Barbell,1,,0,Barbell,gym,March,Double Arm,Continuous,Pronated,Front Rack,Alternating,No Elevation,Single Exercise,Locomotion,Sagittal Plane,Core,Other,Compound,Unilateral,Balance
barbell-front-rack-pause-squat,Barbell Front Rack Pause Squat,https://youtu.be/mN5Z5GH7ofM?si=5wK63ZJAw0Zc5Wti,https://youtu.be/nf9qHeNxEhY?si=z84jl_HDWRo7_5wD,Intermediate,intermediate,Quadriceps,Quadriceps Femoris,Gluteus Maximus,Barbell,1,,0,Barbell,gym,Standing,Double Arm,Continuous,Pronated,Front Rack,Continuous,No Elevation,Single Exercise,Knee Dominant,Sagittal Plane,Lower Body,Push,Compound,Bilateral,Olympic Weightlifting
barbell-front-rack-reverse-lunge,Barbell Front Rack Reverse Lunge,https://youtu.be/Vlgh0ImT5oU?si=WOAwroyeZ6jJWGto,https://youtu.be/73OwYFfga1g?si=LaOU5bMAPop8e7Ii,Intermediate,intermediate,Quadriceps,Quadriceps Femoris,Gluteus Maximus|Biceps Femoris,Barbell,1,,0,Barbell,gym,Standing,Double Arm,Continuous,Pronated,Front Rack,Continuous,No Elevation,Single Exercise,Knee Dominant,Sagittal Plane,Lower Body,Push,Compound,Unilateral,Bodybuilding
barbell-front-rack-russian-step-up,Barbell Front Rack Russian Step Up,https://youtu.be/KHHTwaBgTqg?si=0-6AOui90rWJD7EE,,Intermediate,intermediate,Quadriceps,Quadriceps Femoris,Gluteus Maximus|Iliopsoas,Barbell,1,Plyo Box,1,Barbell|Plyo Box,gym,Single Leg Standing Bent Knee,Double Arm,Continuous,Pronated,Front Rack,Continuous,Foot Elevated (Front),Single Exercise,Knee Dominant,Sagittal Plane,Lower Body,Push,Compound,Unilateral,Balance
barbell-front-rack-split-squat,Barbell Front Rack Split Squat,https://youtu.be/VsgCBIQE8gU?si=1KNObbTrjXSha2sF,https://youtu.be/LAt1MjyPtcw?si=MCxotqep2Mnc0eBG,Novice,beginner,Quadriceps,Quadriceps Femoris,Gluteus Maximus|Biceps Femoris,Barbell,1,,0,Barbell,gym,Split Squat,Double Arm,Continuous,Pronated,Front Rack,Continuous,No Elevation,Single Exercise,Knee Dominant,Sagittal Plane,Lower Body,Push,Compound,Unilateral,Bodybuilding
barbell-front-rack-squat,Barbell Front Rack Squat,https://youtu.be/uYumuL_G_V0,https://youtu.be/e8zyw3fXZes,Intermediate,intermediate,Quadriceps,Quadriceps Femoris,Gluteus Maximus,Barbell,1,,0,Barbell,gym,Standing,Double Arm,Continuous,Pronated,Front Rack,Continuous,No Elevation,Single Exercise,Knee Dominant,Sagittal Plane,Lower Body,Push,Compound,Bilateral,Olympic Weightlifting
barbell-front-rack-step-up,Barbell Front Rack Step Up,https://youtu.be/YR_7r6EzJdA,,Intermediate,intermediate,Quadriceps,Quadriceps Femoris,Gluteus Maximus|Biceps Femoris,Barbell,1,Plyo Box,1,Barbell|Plyo Box,gym,Standing,Double Arm,Continuous,Pronated,Front Rack,Continuous,Foot Elevated (Front),Single Exercise,Knee Dominant,Sagittal Plane,Lower Body,Push,Compound,Unilateral,Bodybuilding
barbell-front-rack-walking-lunge,Barbell Front Rack Walking Lunge,https://youtu.be/ntGrVrVVNU0?si=3gtiQIlGPGnTePEX,,Intermediate,intermediate,Quadriceps,Quadriceps Femoris,Gluteus Maximus|Biceps Femoris,Barbell,1,,0,Barbell,gym,Walking,Double Arm,Continuous,Pronated,Front Rack,Alternating,No Elevation,Single Exercise,Knee Dominant,Sagittal Plane,Lower Body,Push,Compound,Unilateral,Bodybuilding
barbell-front-raise,Barbell Front Raise,https://youtu.be/DL-HN35sxdg,https://youtu.be/Ofo2DQdT7DA,Novice,beginner,Shoulders,Anterior Deltoids,Pectoralis Major|Biceps Brachii,Barbell,1,,0,Barbell,gym,Standing,Double Arm,Continuous,Pronated,Other,Continuous,No Elevation,Single Exercise,Shoulder Flexion,Sagittal Plane,Upper Body,Push,Isolation,Bilateral,Bodybuilding
barbell-glute-bridge,Barbell Glute Bridge,https://youtu.be/6EhYj5eSngY,https://youtu.be/rTqhhHfooxg,Novice,beginner,Glutes,Gluteus Maximus,Biceps Femoris|Erector Spinae,Barbell,1,,0,Barbell,gym,Bridge,Double Arm,Continuous,Pronated,Hip Crease,Continuous,No Elevation,Single Exercise,Hip Extension,Sagittal Plane,Lower Body,,Compound,Bilateral,Bodybuilding
barbell-good-morning,Barbell Good Morning,https://youtu.be/F8dCjzbed-4,https://youtu.be/f23vXjoG2e8,Intermediate,intermediate,Back,Erector Spinae,Gluteus Maximus|Biceps Femoris,Barbell,1,,0,Barbell,gym,Standing,Double Arm,Continuous,Pronated,Back Rack,Continuous,No Elevation,Single Exercise,Hip Hinge,Sagittal Plane,Lower Body,,Compound,Bilateral,Bodybuilding
barbell-half-kneeling-overhead-press,Barbell Half Kneeling Overhead Press,https://youtu.be/HdsS7MO_KFs?si=6N85JwB13t24ha7T,https://youtu.be/7uR7EFXk3Fk?si=EB7RkKIUXgoKeFik,Novice,beginner,Shoulders,Anterior Deltoids,Triceps Brachii,Barbell,1,,0,Barbell,gym,Half Kneeling,Double Arm,Continuous,Pronated,Overhead,Continuous,No Elevation,Single Exercise,Vertical Push,Sagittal Plane,Upper Body,Push,Compound,Unilateral,Bodybuilding
barbell-hang-power-clean,Barbell Hang Power Clean,https://youtu.be/0aP3tgKZcHQ,https://youtu.be/qQ8InArxi-Y?si=-assd3pTkI_Px7CJ,Intermediate,intermediate,Glutes,Gluteus Maximus,,Barbell,1,,0,Barbell,gym,Standing,Double Arm,Continuous,Pronated,Front Rack,Continuous,No Elevation,Single Exercise,Hip Hinge,Sagittal Plane,Full Body,,Compound,Bilateral,Olympic Weightlifting
barbell-hang-power-clean-to-push-jerk,Barbell Hang Power Clean to Push Jerk,https://youtu.be/8IYt7AtP8BI?si=Mc82QusXSQLbFS6b,https://youtu.be/0VuOmsp4uDU?si=v2BVJ0NBwPNvW6ur,Advanced,advanced,Shoulders,Anterior Deltoids,Triceps Brachii,Barbell,1,,0,Barbell,gym,Standing,Double Arm,Continuous,Pronated,Overhead,Continuous,No Elevation,Combo Exercise,Vertical Push|Hip Hinge,Sagittal Plane,Full Body,Push & Pull,Compound,Bilateral,Olympic Weightlifting
barbell-hang-power-clean-to-push-press,Barbell Hang Power Clean to Push Press,https://youtu.be/50VRLZancXI?feature=shared,https://youtu.be/--VNAdrjWCc?si=vJ7hZ-pv38QLsKQj,Advanced,advanced,Shoulders,Anterior Deltoids,Triceps Brachii,Barbell,1,,0,Barbell,gym,Standing,Double Arm,Continuous,Pronated,Overhead,Continuous,No Elevation,Combo Exercise,Hip Hinge|Vertical Push,Sagittal Plane,Full Body,Push & Pull,Compound,Bilateral,Olympic Weightlifting
barbell-hang-power-clean-to-split-jerk,Barbell Hang Power Clean to Split Jerk,https://youtu.be/47WVg_XVE8I?si=4PkmY9S8bnXLI6A5,,Advanced,advanced,Shoulders,Anterior Deltoids,Gluteus Maximus,Barbell,1,,0,Barbell,gym,Staggered Stance,Double Arm,Continuous,Pronated,Overhead,Continuous,No Elevation,Combo Exercise,Vertical Push|Hip Hinge,Sagittal Plane,Full Body,Push & Pull,Compound,Unilateral,Olympic Weightlifting
barbell-hang-power-snatch,Barbell Hang Power Snatch,https://youtu.be/-mLzQdVAwlw?si=sQHYkOPNIgOBbsrh,,Advanced,advanced,Glutes,Gluteus Maximus,Anterior Deltoids,Barbell,1,,0,Barbell,gym,Standing,Double Arm,Continuous,Pronated,Overhead,Continuous,No Elevation,Single Exercise,Hip Hinge,Sagittal Plane,Full Body,,Compound,Bilateral,Olympic Weightlifting
barbell-hang-squat-clean,Barbell Hang Squat Clean,https://youtu.be/DaKC_BEN5bk?si=-Q3RkXcSiRxscR4n,https://youtu.be/YZUdVyVV3uI?si=gWL2sofp3-9XG4uU,Advanced,advanced,Quadriceps,Quadriceps Femoris,Gluteus Maximus,Barbell,1,,0,Barbell,gym,Standing,Double Arm,Continuous,Pronated,Front Rack,Continuous,No Elevation,Single Exercise,Knee Dominant|Hip Hinge,Sagittal Plane,Full Body,,Compound,Bilateral,Olympic Weightlifting
barbell-hang-squat-clean-to-push-jerk,Barbell Hang Squat Clean to Push Jerk,https://youtu.be/KBpys4KTG5Q?si=HQyyuqWBfXWcY7wV,,Advanced,advanced,Shoulders,Anterior Deltoids,Triceps Brachii|Gluteus Maximus,Barbell,1,,0,Barbell,gym,Standing,Double Arm,Continuous,Pronated,Overhead,Continuous,No Elevation,Combo Exercise,Vertical Push|Hip Hinge|Knee Dominant,Sagittal Plane,Full Body,Push & Pull,Compound,Bilateral,Olympic Weightlifting
barbell-hang-squat-clean-to-split-jerk,Barbell Hang Squat Clean to Split Jerk,https://youtu.be/ljPUr6K-it4?si=ivG82c-7_tzg3KRy,,Advanced,advanced,Shoulders,Anterior Deltoids,Gluteus Maximus,Barbell,1,,0,Barbell,gym,Staggered Stance,Double Arm,Continuous,Pronated,Overhead,Continuous,No Elevation,Combo Exercise,Vertical Push|Hip Hinge|Knee Dominant,Sagittal Plane,Full Body,Push & Pull,Compound,Unilateral,Olympic Weightlifting
barbell-hang-squat-clean-to-thruster,Barbell Hang Squat Clean to Thruster,https://youtu.be/8DApihgXzGk,,Advanced,advanced,Shoulders,Anterior Deltoids,Quadriceps Femoris,Barbell,1,,0,Barbell,gym,Standing,Double Arm,Continuous,Pronated,Overhead,Continuous,No Elevation,Combo Exercise,Vertical Push|Knee Dominant,Sagittal Plane,Full Body,,Compound,Bilateral,
barbell-hang-squat-snatch,Barbell Hang Squat Snatch,https://youtu.be/IucshEToDyM?si=ifH3zkJMJVCHypGV,,Advanced,advanced,Quadriceps,Quadriceps Femoris,Gluteus Maximus,Barbell,1,,0,Barbell,gym,Standing,Double Arm,Continuous,Pronated,Overhead,Continuous,No Elevation,Single Exercise,Knee Dominant|Hip Hinge,Sagittal Plane,Full Body,,Compound,Bilateral,Olympic Weightlifting
barbell-high-bar-back-squat,Barbell High Bar Back Squat,https://youtu.be/ultWZbUMPL8,https://youtu.be/SW_C1A-rejs,Novice,beginner,Quadriceps,Quadriceps Femoris,Gluteus Maximus,Barbell,1,,0,Barbell,gym,Standing,Double Arm,Continuous,Pronated,Other,Continuous,No Elevation,Single Exercise,Knee Dominant,Sagittal Plane,Lower Body,Push,Compound,Bilateral,
barbell-hip-thrust,Barbell Hip Thrust,https://youtu.be/5S8SApGU_Lk,https://youtu.be/LM8XHLYJoYs,Novice,beginner,Glutes,Gluteus Maximus,Biceps Femoris|Quadriceps Femoris,Barbell,1,Bench (Flat),1,Barbell|Bench (Flat),gym,Bridge,Double Arm,Continuous,Pronated,Hip Crease,Continuous,No Elevation,Single Exercise,Hip Extension,Sagittal Plane,Lower Body,,Compound,Bilateral,Bodybuilding
barbell-incline-bench-press,Barbell Incline Bench Press,https://youtu.be/2jFFCy8JBU8?si=BCYplSL2-ewJ8kiB,https://youtu.be/SrqOu55lrYU,Novice,beginner,Chest,Pectoralis Major,Triceps Brachii,Barbell,1,Bench (Incline),1,Barbell|Bench (Incline),gym,Seated,Double Arm,Continuous,Pronated,Above Chest,Continuous,No Elevation,Single Exercise,Horizontal Push,Sagittal Plane,Upper Body,Push,Compound,Bilateral,Bodybuilding
barbell-incline-push-up,Barbell Incline Push Up,https://youtu.be/CKKfNBe687Q,,Beginner,beginner,Chest,Pectoralis Major,Triceps Brachii|Anterior Deltoids,Barbell,1,,0,Barbell,gym,Prone,Double Arm,Continuous,Pronated,No Load,Continuous,No Elevation,Single Exercise,Horizontal Push,Sagittal Plane,Upper Body,Push,Compound,Bilateral,Calisthenics
barbell-inverted-row,Barbell Inverted Row,https://youtu.be/bHO0A4ZF_Zg,,Novice,beginner,Back,Latissimus Dorsi,Biceps Brachii,Barbell,1,,0,Barbell,gym,Supine,Double Arm,Continuous,Pronated,No Load,Continuous,No Elevation,Single Exercise,Horizontal Pull,Sagittal Plane,Upper Body,Pull,Compound,Bilateral,Calisthenics
barbell-kneeling-rollout,Barbell Kneeling Rollout,https://youtu.be/AEfj6Lnn0Ao,https://youtu.be/yBg4UoOXxLo,Intermediate,intermediate,Abdominals,Rectus Abdominis,Latissimus Dorsi|Serratus Anterior,Barbell,1,,0,Barbell,gym,Kneeling,Double Arm,Continuous,Pronated,Other,Continuous,No Elevation,Single Exercise,Anti-Extension,Sagittal Plane,Core,Other,Compound,Bilateral,
barbell-low-bar-pause-back-squat,Barbell Low Bar Pause Back Squat,https://youtu.be/nknf16JJTZo?si=h2lVyRQ8npFOB0v4,,Intermediate,intermediate,Quadriceps,Quadriceps Femoris,Gluteus Maximus|Biceps Femoris,Barbell,1,,0,Barbell,gym,Standing,Double Arm,Continuous,Pronated,Other,Continuous,No Elevation,Single Exercise,Hip Dominant,Sagittal Plane,Lower Body,Push,Compound,Bilateral,Powerlifting
barbell-overhead-alternating-cossack-squat,Barbell Overhead Alternating Cossack Squat,https://youtu.be/ulzoZOHicyU?si=OfrqYrKBRnV6RCrc,,Advanced,advanced,Quadriceps,Quadriceps Femoris,Adductor Magnus|Gluteus Maximus,Barbell,1,,0,Barbell,gym,Standing,Double Arm,Continuous,Pronated,Overhead,Alternating,No Elevation,Single Exercise,Knee Dominant,Frontal Plane,Lower Body,Push,Compound,Unilateral,Bodybuilding
barbell-overhead-alternating-curtsy-lunge,Barbell Overhead Alternating Curtsy Lunge,https://youtu.be/VrOZZjPvj84?si=nwwNU54x-itcb4Ha,,Advanced,advanced,Quadriceps,Quadriceps Femoris,Gluteus Maximus|Adductor Magnus,Barbell,1,,0,Barbell,gym,Standing,Double Arm,Continuous,Pronated,Overhead,Alternating,No Elevation,Single Exercise,Knee Dominant,Frontal Plane,Lower Body,Push,Compound,Unilateral,Bodybuilding
barbell-overhead-alternating-forward-lunge,Barbell Overhead Alternating Forward Lunge,https://youtu.be/9eDpB8LJLgQ?si=CKsCerZuXFHay_Dr,https://youtu.be/KQTA7bNWAK0?feature=shared,Advanced,advanced,Quadriceps,Quadriceps Femoris,Gluteus Maximus|Biceps Femoris,Barbell,1,,0,Barbell,gym,Standing,Double Arm,Continuous,Pronated,Overhead,Alternating,No Elevation,Single Exercise,Knee Dominant,Sagittal Plane,Lower Body,Push,Compound,Unilateral,Bodybuilding
barbell-overhead-alternating-reverse-lunge,Barbell Overhead Alternating Reverse Lunge,https://youtu.be/eqaz6nCxF8k?si=OEXiCUefeX011B_I,,Advanced,advanced,Quadriceps,Quadriceps Femoris,Gluteus Maximus|Biceps Femoris,Barbell,1,,0,Barbell,gym,Standing,Double Arm,Continuous,Pronated,Overhead,Alternating,No Elevation,Single Exercise,Knee Dominant,Sagittal Plane,Lower Body,Push,Compound,Unilateral,Bodybuilding
barbell-overhead-alternating-step-up,Barbell Overhead Alternating Step Up,https://youtu.be/ozPUu1GnFTI?si=mWpQsYkoy7akxELn,,Advanced,advanced,Quadriceps,Quadriceps Femoris,Gluteus Maximus|Biceps Femoris,Barbell,1,Plyo Box,1,Barbell|Plyo Box,gym,Standing,Double Arm,Continuous,Pronated,Overhead,Alternating,Foot Elevated (Front),Single Exercise,Knee Dominant,Sagittal Plane,Lower Body,Push,Compound,Unilateral,Bodybuilding
barbell-overhead-bulgarian-split-squat,Barbell Overhead Bulgarian Split Squat,https://youtu.be/F_t7_XRdLbs?si=moBf8_s1adbBBwRY,,Advanced,advanced,Quadriceps,Quadriceps Femoris,Gluteus Maximus|Biceps Femoris,Barbell,1,Bench (Flat),1,Barbell|Bench (Flat),gym,Single Leg Supported,Double Arm,Continuous,Pronated,Overhead,Continuous,Foot Elevated (Rear),Single Exercise,Knee Dominant,Sagittal Plane,Lower Body,Push,Compound,Unilateral,Bodybuilding
barbell-overhead-carry,Barbell Overhead Carry,https://youtu.be/ULpnqrFng5I?si=fKiyqdRwBpIeRaEx,,Advanced,advanced,Shoulders,Anterior Deltoids,Rectus Abdominis|Gluteus Maximus,Barbell,1,,0,Barbell,gym,Walking,Double Arm,Continuous,Pronated,Overhead,Alternating,No Elevation,Single Exercise,Loaded Carry,Sagittal Plane,Full Body,Other,Compound,Bilateral,
barbell-overhead-forward-lunge,Barbell Overhead Forward Lunge,https://youtu.be/Y9EGHil8cj0?si=2FSctgexRfTrAxb-,https://youtu.be/JH1x57CWPik?si=bxb00MkoSXUP23Qr,Advanced,advanced,Quadriceps,Quadriceps Femoris,Gluteus Maximus|Biceps Femoris,Barbell,1,,0,Barbell,gym,Standing,Double Arm,Continuous,Pronated,Overhead,Continuous,No Elevation,Single Exercise,Knee Dominant,Sagittal Plane,Lower Body,Push,Compound,Unilateral,Bodybuilding
barbell-overhead-march,Barbell Overhead March,https://youtu.be/NJ4t_HAgJ0M,,Intermediate,intermediate,Hip Flexors,Iliopsoas,Rectus Abdominis|Gluteus Medius,Barbell,1,,0,Barbell,gym,March,Double Arm,Continuous,Pronated,Overhead,Alternating,No Elevation,Single Exercise,Locomotion,Sagittal Plane,Core,Other,Compound,Unilateral,Balance
barbell-overhead-press,Barbell Overhead Press,https://youtu.be/43GSKivZnw4?si=OIfasYK8gG4sUDBW,https://youtu.be/8dacy5hjaE8,Novice,beginner,Shoulders,Anterior Deltoids,Triceps Brachii,Barbell,1,,0,Barbell,gym,Standing,Double Arm,Continuous,Pronated,Overhead,Continuous,No Elevation,Single Exercise,Vertical Push,Sagittal Plane,Upper Body,Push,Compound,Bilateral,Bodybuilding
barbell-overhead-reverse-lunge,Barbell Overhead Reverse Lunge,https://youtu.be/lssvh3-XTas?si=rmOXOmN8Rlb5bMEe,https://youtu.be/kFEYbh6Hme4?si=5OoUsLdwETNJoL7f,Advanced,advanced,Quadriceps,Quadriceps Femoris,Gluteus Maximus|Biceps Femoris,Barbell,1,,0,Barbell,gym,Standing,Double Arm,Continuous,Pronated,Overhead,Continuous,No Elevation,Single Exercise,Knee Dominant,Sagittal Plane,Lower Body,Push,Compound,Unilateral,Bodybuilding
barbell-overhead-russian-step-up,Barbell Overhead Russian Step Up,https://youtu.be/-UtFmeC_gz8?si=Cbn-i607GWj4GbJt,,Advanced,advanced,Quadriceps,Quadriceps Femoris,Gluteus Maximus|Iliopsoas,Barbell,1,Plyo Box,1,Barbell|Plyo Box,gym,Single Leg Standing Bent Knee,Double Arm,Continuous,Pronated,Overhead,Continuous,Foot Elevated (Front),Single Exercise,Knee Dominant,Sagittal Plane,Lower Body,Push,Compound,Unilateral,Balance
barbell-overhead-split-squat,Barbell Overhead Split Squat,https://youtu.be/wQrvCnYb4yw?si=z3YIBbCc8EKvTdgG,https://youtu.be/UkC-AQ6k38o?si=7pdkQhi_C1EIaKP0,Advanced,advanced,Quadriceps,Quadriceps Femoris,Gluteus Maximus|Biceps Femoris,Barbell,1,,0,Barbell,gym,Split Squat,Double Arm,Continuous,Pronated,Overhead,Continuous,No Elevation,Single Exercise,Knee Dominant,Sagittal Plane,Lower Body,Push,Compound,Unilateral,Bodybuilding
barbell-overhead-squat,Barbell Overhead Squat,https://youtu.be/pn8mqlG0nkE,https://youtu.be/Ow58yHEl_Ls,Intermediate,intermediate,Quadriceps,Quadriceps Femoris,Gluteus Maximus,Barbell,1,,0,Barbell,gym,Standing,Double Arm,Continuous,Pronated,Overhead,Continuous,No Elevation,Single Exercise,Knee Dominant,Sagittal Plane,Lower Body,Push,Compound,Bilateral,
barbell-overhead-step-up,Barbell Overhead Step Up,https://youtu.be/2rYLwmQGZXg?si=FC91EHLdOWAxPSXL,,Advanced,advanced,Quadriceps,Quadriceps Femoris,Gluteus Maximus|Biceps Femoris,Barbell,1,Plyo Box,1,Barbell|Plyo Box,gym,Standing,Double Arm,Continuous,Pronated,Overhead,Continuous,Foot Elevated (Front),Single Exercise,Knee Dominant,Sagittal Plane,Lower Body,Push,Compound,Unilateral,Bodybuilding
barbell-overhead-walking-lunge,Barbell Overhead Walking Lunge,https://youtu.be/m6MczOv_Ayg,,Expert,advanced,Quadriceps,Quadriceps Femoris,Gluteus Maximus|Biceps Femoris,Barbell,1,,0,Barbell,gym,Walking,Double Arm,Continuous,Pronated,Overhead,Alternating,No Elevation,Single Exercise,Knee Dominant,Sagittal Plane,Lower Body,Push,Compound,Unilateral,Bodybuilding
barbell-pendlay-row,Barbell Pendlay Row,https://youtu.be/ezrZnmjZTR4,https://youtu.be/ZlRrIsoDpKg,Novice,beginner,Back,Latissimus Dorsi,,Barbell,1,,0,Barbell,gym,Standing,Double Arm,Continuous,Pronated,Other,Continuous,No Elevation,Single Exercise,Horizontal Pull,Sagittal Plane,Upper Body,Pull,Compound,Bilateral,Bodybuilding
barbell-power-clean,Barbell Power Clean,https://youtu.be/KwYJTpQ_x5A,https://youtu.be/5vVSGITznQk,Expert,advanced,Glutes,Gluteus Maximus,Biceps Femoris,Barbell,1,,0,Barbell,gym,Standing,Double Arm,Continuous,Pronated,Front Rack,Continuous,No Elevation,Single Exercise,Hip Hinge,Sagittal Plane,Full Body,,Compound,Bilateral,Olympic Weightlifting
barbell-power-clean-to-front-rack-squat,Barbell Power Clean to Front Rack Squat,https://youtu.be/IJbop150-bY?si=9X5umbrrhrvCZkT0,https://youtu.be/BkHMhgk-SBc?si=mTyvw2BeiYH2_0Eq,Expert,advanced,Quadriceps,Quadriceps Femoris,Gluteus Maximus,Barbell,1,,0,Barbell,gym,Standing,Double Arm,Continuous,Pronated,Front Rack,Continuous,No Elevation,Combo Exercise,Knee Dominant|Hip Hinge,Sagittal Plane,Full Body,Push & Pull,Compound,Bilateral,Olympic Weightlifting
barbell-power-clean-to-push-jerk,Barbell Power Clean to Push Jerk,https://youtu.be/LtoksZKesMA?si=rSvsSk9ilVqlS937,,Expert,advanced,Shoulders,Anterior Deltoids,Triceps Brachii,Barbell,1,,0,Barbell,gym,Standing,Double Arm,Continuous,Pronated,Overhead,Continuous,No Elevation,Combo Exercise,Vertical Push|Hip Hinge,Sagittal Plane,Full Body,Push & Pull,Compound,Bilateral,Olympic Weightlifting
barbell-power-clean-to-push-press,Barbell Power Clean to Push Press,https://youtu.be/4ws-kHR5NaU?si=3YQjL6sBFZ3aL-hW,https://youtu.be/1LB8uJ53rtU?si=NIsnNwBdgEC2BFQY,Expert,advanced,Shoulders,Anterior Deltoids,Triceps Brachii,Barbell,1,,0,Barbell,gym,Standing,Double Arm,Continuous,Pronated,Overhead,Continuous,No Elevation,Combo Exercise,Hip Hinge|Vertical Push,Sagittal Plane,Full Body,Push & Pull,Compound,Bilateral,Olympic Weightlifting
barbell-power-clean-to-split-jerk,Barbell Power Clean to Split Jerk,https://youtu.be/Sk1vhXhHO_A?si=scaLm9b6g937lMhn,,Expert,advanced,Shoulders,Anterior Deltoids,Gluteus Maximus,Barbell,1,,0,Barbell,gym,Staggered Stance,Double Arm,Continuous,Pronated,Overhead,Continuous,No Elevation,Combo Exercise,Vertical Push|Hip Hinge,Sagittal Plane,Full Body,Push & Pull,Compound,Unilateral,Olympic Weightlifting
barbell-power-clean-to-squat-jerk,Barbell Power Clean to Squat Jerk,https://youtu.be/g-XhUMB6_wk?si=7RXzbNpwkvoBKK88,,Expert,advanced,Quadriceps,Quadriceps Femoris,Gluteus Maximus|Anterior Deltoids,Barbell,1,,0,Barbell,gym,Standing,Double Arm,Continuous,Pronated,Overhead,Continuous,No Elevation,Combo Exercise,Knee Dominant|Hip Hinge,Sagittal Plane,Full Body,Push & Pull,Compound,Bilateral,Olympic Weightlifting
barbell-power-jerk,Barbell Power Jerk,https://youtu.be/XtRq5jzUHqE?si=dBupO-9VrVoLknW-,https://youtu.be/Ir_34nxrk1Q?si=L37XmNS-wuocDj7E,Intermediate,intermediate,Shoulders,Anterior Deltoids,Triceps Brachii|Gluteus Minimus,Barbell,1,,0,Barbell,gym,Standing,Double Arm,Continuous,Pronated,Overhead,Continuous,No Elevation,Single Exercise,Vertical Push,Sagittal Plane,Full Body,Push,Compound,Bilateral,Olympic Weightlifting
barbell-power-snatch,Barbell Power Snatch,https://youtu.be/TL8SMp7RdXQ,https://youtu.be/Aq8Tp5r-DZo,Expert,advanced,Glutes,Gluteus Maximus,Anterior Deltoids,Barbell,1,,0,Barbell,gym,Standing,Double Arm,Continuous,Pronated,Overhead,Continuous,No Elevation,Single Exercise,Hip Hinge,Sagittal Plane,Full Body,,Compound,Bilateral,Olympic Weightlifting
barbell-prone-row,Barbell Prone Row,https://youtu.be/pJzThQgKKxw,https://youtu.be/CL-lV9E94Fs,Novice,beginner,Back,Latissimus Dorsi,,Barbell,1,Bench (Flat),1,Barbell|Bench (Flat),gym,Prone,Double Arm,Continuous,Pronated,Other,Continuous,No Elevation,Single Exercise,Horizontal Pull,Sagittal Plane,Upper Body,Pull,Compound,Bilateral,Bodybuilding
barbell-push-jerk,Barbell Push Jerk,https://youtu.be/VrHNJXoSyXw,https://youtu.be/Om7vLD6x8W0?si=0w9UP8SpjqwviezS,Intermediate,intermediate,Shoulders,Anterior Deltoids,Triceps Brachii|Gluteus Minimus,Barbell,1,,0,Barbell,gym,Standing,Double Arm,Continuous,Pronated,Overhead,Continuous,No Elevation,Single Exercise,Vertical Push,Sagittal Plane,Full Body,Push,Compound,Bilateral,Olympic Weightlifting
barbell-push-press,Barbell Push Press,https://youtu.be/iaBVSJm78ko,https://youtu.be/a8HQo8z20Uo,Novice,beginner,Shoulders,Anterior Deltoids,Triceps Brachii,Barbell,1,,0,Barbell,gym,Standing,Double Arm,Continuous,Pronated,Overhead,Continuous,No Elevation,Single Exercise,Vertical Push,Sagittal Plane,Upper Body,Push,Compound,Bilateral,
barbell-rack-pull,Barbell Rack Pull,https://youtu.be/zdaEWO0S5HU,https://youtu.be/cxVrqTqD_J4,Novice,beginner,Back,Latissimus Dorsi,,Barbell,1,,0,Barbell,gym,Standing,Double Arm,Continuous,Pronated,Other,Continuous,No Elevation,Single Exercise,Hip Hinge,Sagittal Plane,Full Body,Pull,Compound,Bilateral,Bodybuilding
barbell-reverse-grip-bench-press,Barbell Reverse Grip Bench Press,https://youtu.be/a9IZD74jAfw?si=-nGBSNLL5nllir0b,https://youtu.be/clBGsv573K4,Intermediate,intermediate,Chest,Pectoralis Major,,Barbell,1,Bench (Flat),1,Barbell|Bench (Flat),gym,Supine,Double Arm,Continuous,Supinated,Above Chest,Continuous,No Elevation,Single Exercise,Horizontal Push,Sagittal Plane,Upper Body,Push,Compound,Bilateral,Bodybuilding
barbell-reverse-grip-bent-over-row,Barbell Reverse Grip Bent Over Row,https://youtu.be/cZvQNvTUUu0?si=SqA3lYAZBc0jOnvn,https://youtu.be/3gdGSSgDby8?si=OyYmh7nuJE7MOd18,Novice,beginner,Back,Latissimus Dorsi,Rhomboids|Posterior Deltoids,Barbell,1,,0,Barbell,gym,Standing,Double Arm,Continuous,Supinated,Other,Continuous,No Elevation,Single Exercise,Horizontal Pull,Sagittal Plane,Upper Body,Pull,Compound,Bilateral,Bodybuilding
barbell-reverse-grip-bicep-curl,Barbell Reverse Grip Bicep Curl,https://youtu.be/TUX58GM5fRQ?si=D4ei3VOcTd3GzGQn,https://youtu.be/SQOsKWSHTMo?si=3SN_Hd0DI4UJoG65,Novice,beginner,Forearms,Brachioradialis,Biceps Brachii|Brachialis,Barbell,1,,0,Barbell,gym,Standing,Double Arm,Continuous,Pronated,Other,Continuous,No Elevation,Single Exercise,Elbow Flexion,Sagittal Plane,Upper Body,Pull,Isolation,Bilateral,Bodybuilding
barbell-reverse-grip-front-raise,Barbell Reverse Grip Front Raise,https://youtu.be/b2ELsjM9KQQ,,Novice,beginner,Shoulders,Anterior Deltoids,Pectoralis Major,Barbell,1,,0,Barbell,gym,Standing,Double Arm,Continuous,Supinated,Other,Continuous,No Elevation,Single Exercise,Shoulder Flexion,Sagittal Plane,Upper Body,Push,Isolation,Bilateral,Bodybuilding
barbell-reverse-grip-incline-bench-press,Barbell Reverse Grip Incline Bench Press,https://youtu.be/fovEGjXSYj4?si=R3fPoSd5ejZCgKll,https://youtu.be/vUbtOZ2NNtk?si=gb2XGpG6iD53oEMO,Intermediate,intermediate,Chest,Pectoralis Major,,Barbell,1,Bench (Incline),1,Barbell|Bench (Incline),gym,Supine,Double Arm,Continuous,Supinated,Above Chest,Continuous,No Elevation,Single Exercise,Horizontal Push,Sagittal Plane,Upper Body,Push,Compound,Bilateral,Bodybuilding
barbell-reverse-grip-incline-push-up,Barbell Reverse Grip Incline Push Up,https://youtu.be/obc23NwC-3c?si=NHdYgvLBQoFpvdLm,https://youtu.be/22aAph9oDBA?si=mWhFkQBDo4M-ZW6T,Beginner,beginner,Chest,Pectoralis Major,,Barbell,1,,0,Barbell,gym,Prone,Double Arm,Continuous,Supinated,No Load,Continuous,No Elevation,Single Exercise,Horizontal Push,Sagittal Plane,Upper Body,Push,Compound,Bilateral,Calisthenics
barbell-reverse-grip-overhead-press,Barbell Reverse Grip Overhead Press,https://youtu.be/ZO_ALQcMaq4?si=Sv5NmxfQj3aIKU84,https://youtu.be/IRcBuxf9nz0?si=1k15JKgoNg00FTnQ,Novice,beginner,Shoulders,Anterior Deltoids,Triceps Brachii,Barbell,1,,0,Barbell,gym,Standing,Double Arm,Continuous,Supinated,Overhead,Continuous,No Elevation,Single Exercise,Vertical Push,Sagittal Plane,Upper Body,Push,Compound,Bilateral,Bodybuilding
barbell-romanian-deadlift,Barbell Romanian Deadlift,https://youtu.be/LURGDIX3adY?si=fHh3AAX-mZB09HXi,https://youtu.be/XowKMitOVNc,Novice,beginner,Hamstrings,Biceps Femoris,Gluteus Maximus|Erector Spinae,Barbell,1,,0,Barbell,gym,Standing,Double Arm,Continuous,Pronated,Other,Continuous,No Elevation,Single Exercise,Hip Hinge,Sagittal Plane,Lower Body,Pull,Compound,Bilateral,Bodybuilding
barbell-seated-calf-raise,Barbell Seated Calf Raise,https://youtu.be/hv00OCqm0HI?feature=shared,,Novice,beginner,Calves,Soleus,Gastrocnemius|Tibialis Posterior,Barbell,1,Bench (Flat),1,Barbell|Bench (Flat),gym,Seated,Double Arm,Continuous,Pronated,Other,Continuous,No Elevation,Single Exercise,Ankle Plantar Flexion,Sagittal Plane,Lower Body,Push,Isolation,Bilateral,Bodybuilding
barbell-seated-feet-elevated-calf-raise,Barbell Seated Feet Elevated Calf Raise,https://youtu.be/TyJOknODp8g?si=lIKKdyiWkncjpZtZ,,Novice,beginner,Calves,Soleus,Gastrocnemius|Tibialis Posterior,Barbell,1,Bench (Flat),1,Barbell|Bench (Flat),gym,Seated,Double Arm,Continuous,Pronated,Other,Continuous,Toes Elevated,Single Exercise,Ankle Plantar Flexion,Sagittal Plane,Lower Body,Push,Isolation,Bilateral,Bodybuilding
barbell-seated-good-morning,Barbell Seated Good Morning,https://youtu.be/ZPeJ0s8X6Gs,https://youtu.be/cJWYiUkiWrE,Intermediate,intermediate,Back,Erector Spinae,Gluteus Maximus|Biceps Femoris,Barbell,1,Bench (Flat),1,Barbell|Bench (Flat),gym,Seated,Double Arm,Continuous,Pronated,Other,Continuous,No Elevation,Single Exercise,Hip Hinge,Sagittal Plane,Lower Body,,Compound,Bilateral,Bodybuilding
barbell-seated-overhead-press,Barbell Seated Overhead Press,https://youtu.be/Mdx1V3v7E5g,,Novice,beginner,Shoulders,Anterior Deltoids,Triceps Brachii,Barbell,1,Bench (Flat),1,Barbell|Bench (Flat),gym,Seated,Double Arm,Continuous,Pronated,Overhead,Continuous,No Elevation,Single Exercise,Vertical Push,Sagittal Plane,Upper Body,Push,Compound,Bilateral,Bodybuilding
barbell-seated-overhead-tricep-extension,Barbell Seated Overhead Tricep Extension,https://youtu.be/wJvhlGDf1Hc?si=orGFEeLw20_33-Ur,https://youtu.be/2wDAgrYXM5k?si=9Dp65YHdj_CtFVt5,Intermediate,intermediate,Triceps,Triceps Brachii,Anterior Deltoids|Rectus Abdominis,Barbell,1,Bench (Flat),1,Barbell|Bench (Flat),gym,Seated,Double Arm,Continuous,Pronated,Overhead,Continuous,No Elevation,Single Exercise,Elbow Extension,Sagittal Plane,Upper Body,Push,Isolation,Bilateral,Bodybuilding
barbell-seated-wrist-curl,Barbell Seated Wrist Curl,https://youtu.be/k6F6ugHyTcA?si=XfnVnbcVgnDkbrFv,https://youtu.be/qMtmHwaCmYI,Intermediate,intermediate,Forearms,Brachioradialis,,Barbell,1,Bench (Flat),1,Barbell|Bench (Flat),gym,Seated,Double Arm,Continuous,Supinated,Other,Continuous,No Elevation,Single Exercise,Wrist Flexion,Sagittal Plane,Upper Body,Pull,Isolation,Bilateral,
barbell-single-leg-hip-thrust,Barbell Single Leg Hip Thrust,https://youtu.be/BMIy2gtjsTI?si=JnJL8ZiliAOk_Ac1,,Intermediate,intermediate,Glutes,Gluteus Maximus,Biceps Femoris|Obliques,Barbell,1,Bench (Flat),1,Barbell|Bench (Flat),gym,Single Leg Bridge,Double Arm,Continuous,Pronated,Hip Crease,Continuous,No Elevation,Single Exercise,Hip Extension,Sagittal Plane,Lower Body,,Compound,Unilateral,Bodybuilding
barbell-snatch-balance,Barbell Snatch Balance,https://youtu.be/XuFaD1sAVGI?si=TR-XC6iaJP514gda,https://youtu.be/8KKQTdnxWso?si=Xzo-jpnXcLQ3yPMS,Advanced,advanced,Quadriceps,Quadriceps Femoris,Gluteus Maximus,Barbell,1,,0,Barbell,gym,Standing,Double Arm,Continuous,Pronated,Overhead,Continuous,No Elevation,Single Exercise,Knee Dominant,Sagittal Plane,Full Body,,Compound,Bilateral,Olympic Weightlifting
barbell-snatch-grip-deadlift,Barbell Snatch Grip Deadlift,https://youtu.be/0Ah-ol5EGlo,https://youtu.be/GP6VNoIZyF4,Intermediate,intermediate,Back,Latissimus Dorsi,,Barbell,1,,0,Barbell,gym,Standing,Double Arm,Continuous,Pronated,Other,Continuous,No Elevation,Single Exercise,Hip Hinge,Sagittal Plane,Full Body,Pull,Compound,Bilateral,Bodybuilding
barbell-sots-press,Barbell Sots Press,https://youtu.be/eJ9MLnNV6FY,https://youtu.be/TUTFBXqEgBs,Intermediate,intermediate,Shoulders,Anterior Deltoids,Triceps Brachii|Quadriceps Femoris,Barbell,1,,0,Barbell,gym,Other,Double Arm,Continuous,Pronated,Overhead,Continuous,No Elevation,Single Exercise,Vertical Push,Sagittal Plane,Upper Body,Push,Compound,Bilateral,Bodybuilding
barbell-spider-curl,Barbell Spider Curl,https://youtu.be/Gi_ccf9-y0k?si=cNFfPXedcyCb_lSv,https://youtu.be/DqznVAFQv5k?feature=shared,Novice,beginner,Biceps,Biceps Brachii,Brachialis|Brachioradialis,Barbell,1,Bench (Incline),1,Barbell|Bench (Incline),gym,Prone,Double Arm,Continuous,Supinated,Other,Continuous,No Elevation,Single Exercise,Elbow Flexion,Sagittal Plane,Upper Body,Pull,Isolation,Bilateral,Bodybuilding
barbell-split-clean,Barbell Split Clean,https://youtu.be/a5CR3Bi2Gc8?si=fy5lJhtOGwem51y_,https://youtu.be/MmCQ0tmk3KY?si=e-a6xgGpxdaSKD-Y,Expert,advanced,Glutes,Gluteus Maximus,Biceps Femoris|Quadriceps Femoris,Barbell,1,,0,Barbell,gym,Staggered Stance,Double Arm,Continuous,Pronated,Front Rack,Continuous,No Elevation,Single Exercise,Hip Hinge,Sagittal Plane,Full Body,,Compound,Unilateral,Olympic Weightlifting
barbell-split-jerk,Barbell Split Jerk,https://youtu.be/GUDkOtraHHY?si=rRrpCqPIVW7T-7T5,https://youtu.be/yyZAPfOaONk?si=ylej6-jrchib31VF,Advanced,advanced,Shoulders,Anterior Deltoids,Triceps Brachii|Gluteus Minimus,Barbell,1,,0,Barbell,gym,Staggered Stance,Double Arm,Continuous,Pronated,Overhead,Continuous,No Elevation,Single Exercise,Vertical Push|Hip Hinge,Sagittal Plane,Full Body,Push,Compound,Unilateral,Olympic Weightlifting
barbell-squat-clean,Barbell Squat Clean,https://youtu.be/EKRiW9Yt3Ps,https://youtu.be/FXd9p5bryPU,Expert,advanced,Quadriceps,Quadriceps Femoris,Gluteus Maximus,Barbell,1,,0,Barbell,gym,Standing,Double Arm,Continuous,Pronated,Front Rack,Continuous,No Elevation,Single Exercise,Knee Dominant|Hip Hinge,Sagittal Plane,Full Body,,Compound,Bilateral,Olympic Weightlifting
barbell-squat-clean-to-push-jerk,Barbell Squat Clean to Push Jerk,https://youtu.be/GqAEuwXQXRU?si=a2lQdD8ZT7OeBRNX,,Expert,advanced,Shoulders,Anterior Deltoids,Triceps Brachii|Gluteus Maximus,Barbell,1,,0,Barbell,gym,Standing,Double Arm,Continuous,Pronated,Overhead,Continuous,No Elevation,Combo Exercise,Vertical Push|Hip Hinge|Knee Dominant,Sagittal Plane,Full Body,Push & Pull,Compound,Bilateral,Olympic Weightlifting
barbell-squat-clean-to-split-jerk,Barbell Squat Clean to Split Jerk,https://youtu.be/PjY1rH4_MOA,https://youtu.be/gsadb9nH2BY,Expert,advanced,Shoulders,Anterior Deltoids,Gluteus Maximus,Barbell,1,,0,Barbell,gym,Staggered Stance,Double Arm,Continuous,Pronated,Overhead,Continuous,No Elevation,Combo Exercise,Vertical Push|Hip Hinge|Knee Dominant,Sagittal Plane,Full Body,Push & Pull,Compound,Unilateral,Olympic Weightlifting
barbell-squat-clean-to-squat-jerk,Barbell Squat Clean to Squat Jerk,https://youtu.be/uKKoLcOJKB8?si=-OlEu2pk86XR-Gs7,,Expert,advanced,Quadriceps,Quadriceps Femoris,Gluteus Maximus|Anterior Deltoids,Barbell,1,,0,Barbell,gym,Standing,Double Arm,Continuous,Pronated,Overhead,Continuous,No Elevation,Combo Exercise,Knee Dominant|Hip Hinge,Sagittal Plane,Full Body,Push & Pull,Compound,Bilateral,Olympic Weightlifting
barbell-squat-clean-to-thruster,Barbell Squat Clean to Thruster,https://youtu.be/4qZWqKDAhkQ,https://youtu.be/QC9_VE75gEg,Advanced,advanced,Shoulders,Anterior Deltoids,Quadriceps Femoris,Barbell,1,,0,Barbell,gym,Standing,Double Arm,Continuous,Pronated,Overhead,Continuous,No Elevation,Combo Exercise,Vertical Push|Knee Dominant,Sagittal Plane,Full Body,,Compound,Bilateral,
barbell-squat-jerk,Barbell Squat Jerk,https://youtu.be/vXTeZah_FjI?si=21zLDY_gy9epZ8bD,https://youtu.be/iFc4l24llpw?si=IacHpBp4zAC09W4q,Advanced,advanced,Quadriceps,Quadriceps Femoris,Gluteus Maximus|Anterior Deltoids,Barbell,1,,0,Barbell,gym,Standing,Double Arm,Continuous,Pronated,Overhead,Continuous,No Elevation,Single Exercise,Knee Dominant|Vertical Push,Sagittal Plane,Full Body,Push,Compound,Bilateral,Olympic Weightlifting
barbell-squat-snatch,Barbell Squat Snatch,https://youtu.be/9xQp2sldyts,https://youtu.be/VMaBfcRprAU,Expert,advanced,Quadriceps,Quadriceps Femoris,Quadriceps Femoris,Barbell,1,,0,Barbell,gym,Standing,Double Arm,Continuous,Pronated,Overhead,Continuous,No Elevation,Single Exercise,Knee Dominant|Hip Hinge,Sagittal Plane,Full Body,,Compound,Bilateral,Olympic Weightlifting
barbell-staggered-stance-overhead-press,Barbell Staggered Stance Overhead Press,https://youtu.be/dnLBRh6bQJQ,,Intermediate,intermediate,Shoulders,Anterior Deltoids,Triceps Brachii,Barbell,1,,0,Barbell,gym,Staggered Stance,Double Arm,Continuous,Pronated,Overhead,Continuous,No Elevation,Single Exercise,Vertical Push,Sagittal Plane,Upper Body,Push,Compound,Bilateral,
barbell-staggered-stance-romanian-deadlift,Barbell Staggered Stance Romanian Deadlift,https://youtu.be/UDKuhQqMIBs,,Intermediate,intermediate,Hamstrings,Biceps Femoris,Gluteus Maximus,Barbell,1,,0,Barbell,gym,Staggered Stance,Double Arm,Continuous,Pronated,Other,Continuous,No Elevation,Single Exercise,Hip Hinge,Sagittal Plane,Lower Body,Pull,Compound,Bilateral,Bodybuilding
barbell-standing-overhead-tricep-extension,Barbell Standing Overhead Tricep Extension,https://youtu.be/ebyvvmmA00k?si=wJN4gwe0omjm34CV,https://youtu.be/9vrHoeYDEJM?si=mf0LZ7NOBQQVk2vu,Intermediate,intermediate,Triceps,Triceps Brachii,Anterior Deltoids|Rectus Abdominis,Barbell,1,,0,Barbell,gym,Standing,Double Arm,Continuous,Pronated,Overhead,Continuous,No Elevation,Single Exercise,Elbow Extension,Sagittal Plane,Upper Body,Push,Isolation,Bilateral,Bodybuilding
barbell-standing-rollout,Barbell Standing Rollout,https://youtu.be/_lI_GB0DI3o,,Advanced,advanced,Abdominals,Rectus Abdominis,Latissimus Dorsi|Serratus Anterior,Barbell,1,,0,Barbell,gym,Standing,Double Arm,Continuous,Pronated,Other,Continuous,No Elevation,Single Exercise,Anti-Extension,Sagittal Plane,Core,Other,Compound,Bilateral,
barbell-stiff-legged-deadlift,Barbell Stiff Legged Deadlift,https://youtu.be/5_t0SsovgW8?si=5Zg1x855TTmrp1cL,https://youtu.be/3bCEilt6FqU,Novice,beginner,Hamstrings,Biceps Femoris,Gluteus Maximus,Barbell,1,,0,Barbell,gym,Standing,Double Arm,Continuous,Pronated,Other,Continuous,No Elevation,Single Exercise,Hip Hinge,Sagittal Plane,Lower Body,Pull,Compound,Bilateral,Bodybuilding
barbell-sumo-back-squat,Barbell Sumo Back Squat,https://youtu.be/qiQAsB0x-7k?si=OlWu0ou6Vr0NnuvE,https://youtu.be/E_VDwURp8as,Novice,beginner,Glutes,Gluteus Maximus,Quadriceps Femoris,Barbell,1,,0,Barbell,gym,Standing,Double Arm,Continuous,Pronated,Back Rack,Continuous,No Elevation,Single Exercise,Knee Dominant,Sagittal Plane,Lower Body,Push,Compound,Bilateral,
barbell-sumo-deadlift,Barbell Sumo Deadlift,https://youtu.be/wQHSYDSgDn8,https://youtu.be/cDlOSfu-zHY,Novice,beginner,Back,Latissimus Dorsi,Gluteus Maximus|Biceps Femoris,Barbell,1,,0,Barbell,gym,Standing,Double Arm,Continuous,Pronated,Other,Continuous,No Elevation,Single Exercise,Hip Hinge,Sagittal Plane,Full Body,Pull,Compound,Bilateral,Powerlifting
barbell-tall-kneeling-bicep-curl,Barbell Tall Kneeling Bicep Curl,https://youtu.be/yoKxUD9pUj8?si=8BcXj2frpNXsJmfa,,Novice,beginner,Biceps,Biceps Brachii,Brachialis|Brachioradialis,Barbell,1,,0,Barbell,gym,Tall Kneeling,Double Arm,Continuous,Supinated,Other,Continuous,No Elevation,Single Exercise,Elbow Flexion,Sagittal Plane,Upper Body,Pull,Isolation,Bilateral,Bodybuilding
barbell-tall-kneeling-overhead-press,Barbell Tall Kneeling Overhead Press,https://youtu.be/j2slieruHx0?si=qsnkz69oUwDeE0hp,https://youtu.be/XTerH-QeCSg?si=Zp_4mKUx_ILMyqu1,Novice,beginner,Shoulders,Anterior Deltoids,Triceps Brachii,Barbell,1,,0,Barbell,gym,Tall Kneeling,Double Arm,Continuous,Pronated,Overhead,Continuous,No Elevation,Single Exercise,Vertical Push,Sagittal Plane,Upper Body,Push,Compound,Bilateral,Bodybuilding
barbell-thruster,Barbell Thruster,https://youtu.be/aea5BGj9a8Y,https://youtu.be/Zvt5-mugUco,Intermediate,intermediate,Quadriceps,Quadriceps Femoris,Anterior Deltoids,Barbell,1,,0,Barbell,gym,Standing,Double Arm,Continuous,Pronated,Overhead,Continuous,No Elevation,Single Exercise,Knee Dominant|Vertical Push,Sagittal Plane,Full Body,Push,Compound,Bilateral,Bodybuilding
barbell-turkish-sit-up,Barbell Turkish Sit Up,https://youtu.be/zCBlmAdxfI0,,Intermediate,intermediate,Abdominals,Rectus Abdominis,Anterior Deltoids|Iliopsoas,Barbell,1,,0,Barbell,gym,Supine,Double Arm,Continuous,Pronated,Overhead,Continuous,No Elevation,Single Exercise,Spinal Flexion,Sagittal Plane,Core,Other,Compound,Bilateral,
barbell-windshield-wiper,Barbell Windshield Wiper,https://youtu.be/eNxGGePOIKc?si=7JyPr9YGL-PaAxUu,,Intermediate,intermediate,Abdominals,Obliques,Rectus Abdominis|Transverse Abdominis,Barbell,1,,0,Barbell,gym,Supine,Double Arm,Continuous,Pronated,Above Chest,Continuous,No Elevation,Single Exercise,Rotational,Transverse Plane,Core,Other,Compound,Bilateral,Calisthenics
barbell-z-press,Barbell Z Press,https://youtu.be/D73Oy2m-Uoc,https://youtu.be/DkI_hV92ZKg,Intermediate,intermediate,Shoulders,Anterior Deltoids,Triceps Brachii|Rectus Abdominis,Barbell,1,,0,Barbell,gym,Seated Floor,Double Arm,Continuous,Pronated,Overhead,Continuous,No Elevation,Single Exercise,Vertical Push,Sagittal Plane,Upper Body,Push,Compound,Bilateral,Bodybuilding
barbell-zercher-alternating-cossack-squat,Barbell Zercher Alternating Cossack Squat,https://youtu.be/mPyE_hQolbs?si=0ulL0aaE23nJ0OiJ,,Advanced,advanced,Quadriceps,Quadriceps Femoris,Adductor Magnus|Gluteus Maximus,Barbell,1,,0,Barbell,gym,Standing,Double Arm,Continuous,No Grip,Zercher,Alternating,No Elevation,Single Exercise,Knee Dominant,Frontal Plane,Lower Body,Push,Compound,Unilateral,Bodybuilding
barbell-zercher-alternating-curtsy-lunge,Barbell Zercher Alternating Curtsy Lunge,https://youtu.be/-CSU1ZIDcRs?si=r1puJp7Mv2H5UpDs,,Advanced,advanced,Quadriceps,Quadriceps Femoris,Gluteus Maximus|Adductor Magnus,Barbell,1,,0,Barbell,gym,Standing,Double Arm,Continuous,No Grip,Zercher,Alternating,No Elevation,Single Exercise,Knee Dominant,Frontal Plane,Lower Body,Push,Compound,Unilateral,Bodybuilding
barbell-zercher-alternating-forward-lunge,Barbell Zercher Alternating Forward Lunge,https://youtu.be/BGrdZtL5kqA?si=OVCBqhib32tJ12QT,,Advanced,advanced,Quadriceps,Quadriceps Femoris,Gluteus Maximus|Biceps Femoris,Barbell,1,,0,Barbell,gym,Standing,Double Arm,Continuous,No Grip,Zercher,Alternating,No Elevation,Single Exercise,Knee Dominant,Sagittal Plane,Lower Body,Push,Compound,Unilateral,Bodybuilding
barbell-zercher-alternating-reverse-lunge,Barbell Zercher Alternating Reverse Lunge,https://youtu.be/eLcNzP40LXQ?si=NCe5LCfcGAS-20f4,,Advanced,advanced,Quadriceps,Quadriceps Femoris,Gluteus Maximus|Biceps Femoris,Barbell,1,,0,Barbell,gym,Standing,Double Arm,Continuous,No Grip,Zercher,Alternating,No Elevation,Single Exercise,Knee Dominant,Sagittal Plane,Lower Body,Push,Compound,Unilateral,Bodybuilding
barbell-zercher-bulgarian-split-squat,Barbell Zercher Bulgarian Split Squat,https://youtu.be/15EmaPxPbe4?si=K_IYnXhJNu1WAP8c,,Advanced,advanced,Quadriceps,Quadriceps Femoris,Gluteus Maximus|Biceps Femoris,Barbell,1,Bench (Flat),1,Barbell|Bench (Flat),gym,Single Leg Supported,Double Arm,Continuous,No Grip,Zercher,Continuous,Foot Elevated (Rear),Single Exercise,Knee Dominant,Sagittal Plane,Lower Body,Push,Compound,Unilateral,Bodybuilding
barbell-zercher-carry,Barbell Zercher Carry,https://youtu.be/yqtWcL9-1_k?si=q_p_4kAujNiWzCVq,,Advanced,advanced,Abdominals,Rectus Abdominis,Gluteus Maximus,Barbell,1,,0,Barbell,gym,Walking,Double Arm,Continuous,No Grip,Zercher,Alternating,No Elevation,Single Exercise,Loaded Carry,Sagittal Plane,Full Body,Other,Compound,Bilateral,
barbell-zercher-cyclist-squat,Barbell Zercher Cyclist Squat,https://youtu.be/guw95GpKkY0?si=TrefJn9gELbrR9t3,,Advanced,advanced,Quadriceps,Quadriceps Femoris,Gluteus Maximus|Soleus,Barbell,1,Slant Board,1,Barbell|Slant Board,gym,Standing,Double Arm,Continuous,No Grip,Zercher,Continuous,Heels Elevated,Single Exercise,Knee Dominant,Sagittal Plane,Lower Body,Push,Compound,Bilateral,Bodybuilding
barbell-zercher-forward-lunge,Barbell Zercher Forward Lunge,https://youtu.be/bVOx0bS6BvI?si=E52DJq8hShYSUVbw,,Advanced,advanced,Quadriceps,Quadriceps Femoris,Gluteus Maximus|Biceps Femoris,Barbell,1,,0,Barbell,gym,Standing,Double Arm,Continuous,No Grip,Zercher,Continuous,No Elevation,Single Exercise,Knee Dominant,Sagittal Plane,Lower Body,Push,Compound,Unilateral,Bodybuilding
barbell-zercher-lateral-lunge,Barbell Zercher Lateral Lunge,https://youtu.be/xeeDCg5-Jxw?si=ji2BQOrjjkDkClD5,,Advanced,advanced,Quadriceps,Quadriceps Femoris,Gluteus Maximus|Adductor Magnus,Barbell,1,,0,Barbell,gym,Standing,Double Arm,Continuous,No Grip,Zercher,Continuous,No Elevation,Single Exercise,Knee Dominant,Frontal Plane,Lower Body,Push,Compound,Unilateral,Bodybuilding
barbell-zercher-march,Barbell Zercher March,https://youtu.be/05ABqEEgasA?si=8BF9AxQrgT3OY5u_,https://youtu.be/E5MYGmOONJM?si=qOhwfjZ8d6aFmaiM,Intermediate,intermediate,Hip Flexors,Iliopsoas,Rectus Abdominis|Gluteus Medius,Barbell,1,,0,Barbell,gym,March,Double Arm,Continuous,No Grip,Zercher,Alternating,No Elevation,Single Exercise,Locomotion,Sagittal Plane,Core,Other,Compound,Unilateral,Balance
barbell-zercher-reverse-lunge,Barbell Zercher Reverse Lunge,https://youtu.be/StvRmr-ZxmA?si=G51-gqCZ-oQMhQyp,https://youtu.be/nW9p5X3hdBY?si=G-FylsY4lEoQwCuZ,Advanced,advanced,Quadriceps,Quadriceps Femoris,Gluteus Maximus|Biceps Femoris,Barbell,1,,0,Barbell,gym,Standing,Double Arm,Continuous,No Grip,Zercher,Continuous,No Elevation,Single Exercise,Knee Dominant,Sagittal Plane,Lower Body,Push,Compound,Unilateral,Bodybuilding
barbell-zercher-russian-step-up,Barbell Zercher Russian Step Up,https://youtu.be/BSiPJ84ik7o?si=oeCPF5tgAOTrYNIS,,Advanced,advanced,Quadriceps,Quadriceps Femoris,Gluteus Maximus|Iliopsoas,Barbell,1,Plyo Box,1,Barbell|Plyo Box,gym,Single Leg Standing Bent Knee,Double Arm,Continuous,No Grip,Zercher,Continuous,Foot Elevated (Front),Single Exercise,Knee Dominant,Sagittal Plane,Lower Body,Push,Compound,Unilateral,Balance
barbell-zercher-split-squat,Barbell Zercher Split Squat,https://youtu.be/IgatQ8Mh6nM?feature=shared,https://youtu.be/m0tnThP_AXQ?si=iR-GoGMInvuKSunC,Advanced,advanced,Quadriceps,Quadriceps Femoris,Gluteus Maximus|Biceps Femoris,Barbell,1,,0,Barbell,gym,Split Squat,Double Arm,Continuous,No Grip,Zercher,Continuous,No Elevation,Single Exercise,Knee Dominant,Sagittal Plane,Lower Body,Push,Compound,Unilateral,Bodybuilding
barbell-zercher-squat,Barbell Zercher Squat,https://youtu.be/nwx6Ip7hd3I,https://youtu.be/eIMAXB7xy58,Advanced,advanced,Quadriceps,Quadriceps Femoris,Gluteus Maximus,Barbell,1,,0,Barbell,gym,Standing,Double Arm,Continuous,No Grip,Zercher,Continuous,No Elevation,Single Exercise,Knee Dominant,Sagittal Plane,Lower Body,Push,Compound,Bilateral,
barbell-zercher-step-up,Barbell Zercher Step Up,https://youtu.be/LAjAtHI8zwQ?feature=shared,https://youtu.be/f2yk4cQVBpU?si=gSBurV0Zk38FHz_8,Advanced,advanced,Quadriceps,Quadriceps Femoris,Gluteus Maximus|Biceps Femoris,Barbell,1,Plyo Box,1,Barbell|Plyo Box,gym,Standing,Double Arm,Continuous,No Grip,Zercher,Continuous,Foot Elevated (Front),Single Exercise,Knee Dominant,Sagittal Plane,Lower Body,Push,Compound,Unilateral,Bodybuilding
barbell-zercher-walking-lunge,Barbell Zercher Walking Lunge,https://youtu.be/E9f1yZXR3Vk?si=dWF4gSXuKpukJ-1Q,,Advanced,advanced,Quadriceps,Quadriceps Femoris,Gluteus Maximus|Biceps Femoris,Barbell,1,,0,Barbell,gym,Walking,Double Arm,Continuous,No Grip,Zercher,Alternating,No Elevation,Single Exercise,Knee Dominant,Sagittal Plane,Lower Body,Push,Compound,Unilateral,Bodybuilding
barbell-zombie-pistol-squat,Barbell Zombie Pistol Squat,https://youtu.be/G-neztXXSCA?si=txR7W1HSVUCckbMc,,Expert,advanced,Quadriceps,Quadriceps Femoris,Gluteus Maximus,Barbell,1,,0,Barbell,gym,Single Leg Standing,Double Arm,Continuous,No Grip,Front Rack,Continuous,No Elevation,Single Exercise,Knee Dominant,Sagittal Plane,Lower Body,Push,Compound,Unilateral,Balance
barbell-zombie-squat,Barbell Zombie Squat,https://youtu.be/Siwj8KDU5zI?si=qiHYnyo8qzTOwk1L,https://youtu.be/UNxVJsKCYFc?si=_9cwP9k4OoN-j8Ot,Advanced,advanced,Quadriceps,Quadriceps Femoris,Gluteus Maximus,Barbell,1,,0,Barbell,gym,Standing,Double Arm,Continuous,No Grip,Front Rack,Continuous,No Elevation,Single Exercise,Knee Dominant,Sagittal Plane,Lower Body,Push,Compound,Bilateral,Bodybuilding
battle-rope-alternating-lateral-lunge-alternating-wave,Battle Rope Alternating Lateral Lunge Alternating Wave,https://youtu.be/XVLaBw4NWe8?si=tFm4FlWxePeCRyh7,,Intermediate,intermediate,Quadriceps,Quadriceps Femoris,Biceps Brachii|Adductor Magnus,Battle Ropes,1,,0,Battle Ropes,gym,Standing,Double Arm,Alternating,Neutral,Other,Alternating,No Elevation,Single Exercise,Knee Dominant,Frontal Plane,Full Body,Other,Compound,Unilateral,
battle-rope-alternating-outward-circle,Battle Rope Alternating Outward Circle,https://youtu.be/O2HVcPD3wKQ?si=CFVI8GpHxTsirv6u,,Novice,beginner,Shoulders,Anterior Deltoids,Biceps Brachii,Battle Ropes,1,,0,Battle Ropes,gym,Standing,Double Arm,Alternating,Neutral,Other,Continuous,No Elevation,Single Exercise,,Sagittal Plane|Frontal Plane,Upper Body,Other,Compound,Unilateral,
battle-rope-alternating-reverse-lunge-alternating-wave,Battle Rope Alternating Reverse Lunge Alternating Wave,https://youtu.be/cpytZ7Uv85s?si=tl6ya3gXriejNfxT,https://youtu.be/fb4lS71Js2Q?si=8mxx-uWIeK6GWpl3,Intermediate,intermediate,Quadriceps,Quadriceps Femoris,Biceps Brachii|Gluteus Maximus,Battle Ropes,1,,0,Battle Ropes,gym,Standing,Double Arm,Alternating,Neutral,Other,Alternating,No Elevation,Single Exercise,Knee Dominant,Sagittal Plane,Full Body,Other,Compound,Unilateral,
battle-rope-alternating-side-slam,Battle Rope Alternating Side Slam,https://youtu.be/0ieiwGvtCT4?si=eBnoeYkD7iu_tawZ,,Novice,beginner,Abdominals,Obliques,,Battle Ropes,1,,0,Battle Ropes,gym,Standing,Double Arm,Continuous,Neutral,Other,Continuous,No Elevation,Single Exercise,Rotational,Transverse Plane,Core,Other,Compound,Bilateral,
battle-rope-alternating-split-squat-jump-alternating-wave,Battle Rope Alternating Split Squat Jump Alternating Wave,https://youtu.be/0B_lk4-o850?si=g42on5mrqq1cAdUb,,Intermediate,intermediate,Quadriceps,Quadriceps Femoris,Biceps Brachii|Gluteus Maximus,Battle Ropes,1,,0,Battle Ropes,gym,Split Squat,Double Arm,Alternating,Neutral,Other,Alternating,No Elevation,Single Exercise,Knee Dominant,Sagittal Plane,Full Body,Other,Compound,Unilateral,Plyometric
battle-rope-alternating-split-squat-jump-power-slam,Battle Rope Alternating Split Squat Jump Power Slam,https://youtu.be/nkEeL2ULZGI?si=gDhAhABHiXhwi1Hv,,Intermediate,intermediate,Quadriceps,Quadriceps Femoris,Rectus Abdominis|Biceps Femoris,Battle Ropes,1,,0,Battle Ropes,gym,Split Squat,Double Arm,Continuous,Neutral,Other,Alternating,No Elevation,Single Exercise,Knee Dominant,Sagittal Plane,Full Body,Other,Compound,Unilateral,Plyometric
battle-rope-alternating-wave,Battle Rope Alternating Wave,https://youtu.be/ZujykKeVZpM,,Beginner,beginner,Biceps,Biceps Brachii,,Battle Ropes,1,,0,Battle Ropes,gym,Standing,Double Arm,Alternating,Neutral,Other,Continuous,No Elevation,Single Exercise,,Sagittal Plane,Upper Body,Other,Compound,Unilateral,
battle-rope-clap,Battle Rope Clap,https://youtu.be/KTcHetEk8Vw?si=xFuh3rDHIThNVEbK,https://youtu.be/s57pXx2t2FM?si=pgWPT_kwUw2FlLcU,Beginner,beginner,Shoulders,Lateral Deltoids,Biceps Brachii|Rectus Abdominis,Battle Ropes,1,,0,Battle Ropes,gym,Standing,Double Arm,Continuous,Neutral,Other,Continuous,No Elevation,Single Exercise,Shoulder Abduction,Sagittal Plane,Upper Body,Other,Compound,Bilateral,
battle-rope-double-wave,Battle Rope Double Wave,https://youtu.be/mTZENozi5x4?si=Us7_yx5MJoQLZHhO,https://youtu.be/u5k-9NLlBZc?si=xzDDOCtbUMS1zqnK,Beginner,beginner,Biceps,Biceps Brachii,,Battle Ropes,1,,0,Battle Ropes,gym,Standing,Double Arm,Continuous,Neutral,Other,Continuous,No Elevation,Single Exercise,,Sagittal Plane,Upper Body,Other,Compound,Bilateral,
battle-rope-feet-elevated-russian-twist,Battle Rope Feet Elevated Russian Twist,https://youtu.be/XdKaa2lHuic,,Intermediate,intermediate,Abdominals,Obliques,Rectus Abdominis|Iliopsoas,Battle Ropes,1,,0,Battle Ropes,gym,Seated Floor,Double Arm,Continuous,Neutral,Other,Continuous,No Elevation,Single Exercise,Rotational,Transverse Plane,Core,Other,Compound,Bilateral,
battle-rope-in-and-out-squat-jump-power-slam,Battle Rope In and Out Squat Jump Power Slam,https://youtu.be/HGV2NJ6EI3A?si=2zud6P-SPcw2soRh,,Intermediate,intermediate,Quadriceps,Quadriceps Femoris,Rectus Abdominis,Battle Ropes,1,,0,Battle Ropes,gym,Standing,Double Arm,Continuous,Neutral,Other,Continuous,No Elevation,Single Exercise,Knee Dominant,Frontal Plane|Sagittal Plane,Full Body,Other,Compound,Bilateral,Plyometric
battle-rope-inward-circle,Battle Rope Inward Circle,https://youtu.be/WH4rwFZoce8?si=Yt1fEhmIXXEAa1s1,https://youtu.be/lVhChaGkx4I?feature=shared,Beginner,beginner,Shoulders,Anterior Deltoids,Biceps Brachii,Battle Ropes,1,,0,Battle Ropes,gym,Standing,Double Arm,Continuous,Neutral,Other,Continuous,No Elevation,Single Exercise,,Sagittal Plane|Frontal Plane,Upper Body,Other,Compound,Bilateral,
battle-rope-isometric-split-squat-power-slam,Battle Rope Isometric Split Squat Power Slam,https://youtu.be/7cBlrIqHv9o?si=34m2WPXJArSvm8ap,,Intermediate,intermediate,Abdominals,Rectus Abdominis,Quadriceps Femoris,Battle Ropes,1,,0,Battle Ropes,gym,Isometric Split Squat,Double Arm,Continuous,Neutral,Other,Continuous,No Elevation,Single Exercise,,Sagittal Plane,Full Body,Other,Compound,Unilateral,Balance
battle-rope-jumping-jack,Battle Rope Jumping Jack,https://youtu.be/jnCBdIA1Mno?si=SHMrXoMGIywOdwJ4,https://youtu.be/_Optm-uBWHQ?feature=shared,Novice,beginner,Shoulders,Lateral Deltoids,,Battle Ropes,1,,0,Battle Ropes,gym,Standing,Double Arm,Continuous,Neutral,Lateral,Continuous,No Elevation,Single Exercise,Shoulder Abduction,Sagittal Plane,Full Body,Other,Compound,Bilateral,Plyometric
battle-rope-outward-circle,Battle Rope Outward Circle,https://youtu.be/ta0cdvQmADs?si=B6OcdshuVkMO34iV,,Beginner,beginner,Shoulders,Anterior Deltoids,Biceps Brachii,Battle Ropes,1,,0,Battle Ropes,gym,Standing,Double Arm,Continuous,Neutral,Other,Continuous,No Elevation,Single Exercise,,Sagittal Plane|Frontal Plane,Upper Body,Other,Compound,Bilateral,
battle-rope-power-slam,Battle Rope Power Slam,https://youtu.be/7wDx6mZDxA8?si=rDE21yzc81AXz5sw,https://youtu.be/aZojja9em0I?si=GXfnvmm9KJhQjtqu,Novice,beginner,Abdominals,Rectus Abdominis,,Battle Ropes,1,,0,Battle Ropes,gym,Standing,Double Arm,Continuous,Neutral,Other,Continuous,No Elevation,Single Exercise,,Sagittal Plane,Upper Body,Other,Compound,Bilateral,
battle-rope-power-slam-to-burpee,Battle Rope Power Slam to Burpee,https://youtu.be/WQ7QzKOCVLE?si=rWX43WDQ4l8VmtIy,,Intermediate,intermediate,Chest,Pectoralis Major,Rectus Abdominis,Battle Ropes,1,,0,Battle Ropes,gym,Standing,Double Arm,Continuous,Neutral,Other,Continuous,No Elevation,Combo Exercise,Horizontal Push,Sagittal Plane,Full Body,Other,Compound,Bilateral,Plyometric
battle-rope-russian-twist,Battle Rope Russian Twist,https://youtu.be/_-kclLM0Mak,,Novice,beginner,Abdominals,Obliques,Rectus Abdominis|Iliopsoas,Battle Ropes,1,,0,Battle Ropes,gym,Seated Floor,Double Arm,Continuous,Neutral,Other,Continuous,No Elevation,Single Exercise,Rotational,Transverse Plane,Core,Other,Compound,Bilateral,
battle-rope-single-leg-standing-alternating-wave,Battle Rope Single Leg Standing Alternating Wave,https://youtu.be/ynczWiOjUqE?si=TWU55ZzVAfcrcb5B,https://youtu.be/0nLraFkWqsU?si=WC8o5BRxz2YC7X5x,Intermediate,intermediate,Biceps,Biceps Brachii,,Battle Ropes,1,,0,Battle Ropes,gym,Single Leg Standing,Double Arm,Alternating,Neutral,Other,Continuous,No Elevation,Single Exercise,,Sagittal Plane,Upper Body,Other,Compound,Unilateral,Balance
battle-rope-single-leg-standing-clap,Battle Rope Single Leg Standing Clap,https://youtu.be/bB3WGOVrqAg?si=Pby2lcyL_Cq98LT9,,Intermediate,intermediate,Shoulders,Lateral Deltoids,Biceps Brachii|Rectus Abdominis,Battle Ropes,1,,0,Battle Ropes,gym,Single Leg Standing,Double Arm,Continuous,Neutral,Other,Continuous,No Elevation,Single Exercise,Shoulder Abduction,Sagittal Plane,Upper Body,Other,Compound,Unilateral,
battle-rope-single-leg-standing-double-wave,Battle Rope Single Leg Standing Double Wave,https://youtu.be/6d6b8cx0pO0?si=NKi1a2se39GGFRx3,,Intermediate,intermediate,Biceps,Biceps Brachii,,Battle Ropes,1,,0,Battle Ropes,gym,Single Leg Standing,Double Arm,Continuous,Neutral,Other,Continuous,No Elevation,Single Exercise,,Sagittal Plane,Upper Body,Other,Compound,Unilateral,Balance
battle-rope-squat-jump-alternating-wave,Battle Rope Squat Jump Alternating Wave,https://youtu.be/HMK1KfYKJKw?si=8_j1X9PceX4ykwe_,https://youtu.be/vGmTmdm5dCU?feature=shared,Intermediate,intermediate,Quadriceps,Quadriceps Femoris,Rectus Abdominis,Battle Ropes,1,,0,Battle Ropes,gym,Standing,Double Arm,Alternating,Neutral,Other,Continuous,No Elevation,Single Exercise,Knee Dominant,Sagittal Plane,Full Body,Other,Compound,Bilateral,Plyometric
battle-rope-squat-jump-power-slam,Battle Rope Squat Jump Power Slam,https://youtu.be/3RbFYYr4RDQ?si=I_hq0oqYA6dy8acI,https://youtu.be/L8H8Rmel03c?feature=shared,Intermediate,intermediate,Quadriceps,Quadriceps Femoris,Rectus Abdominis,Battle Ropes,1,,0,Battle Ropes,gym,Standing,Double Arm,Continuous,Neutral,Other,Continuous,No Elevation,Single Exercise,Knee Dominant,Sagittal Plane,Full Body,Other,Compound,Bilateral,Plyometric
bodyweight-alternating-cossack-squat,Bodyweight Alternating Cossack Squat,https://youtu.be/dhDjKmTX8tU,https://youtu.be/iyKPbKf2jik,Beginner,beginner,Quadriceps,Quadriceps Femoris,Adductor Magnus|Gluteus Maximus,Bodyweight,1,,0,Bodyweight,bodyweight|gym,Standing,No Arms,Continuous,No Grip,No Load,Alternating,No Elevation,Single Exercise,Knee Dominant,Frontal Plane,Lower Body,Push,Compound,Unilateral,Bodybuilding
bodyweight-alternating-curtsy-lunge,Bodyweight Alternating Curtsy Lunge,https://youtu.be/SNtgnXpolPY?si=RQdshbRrgML5pKNu,,Beginner,beginner,Quadriceps,Quadriceps Femoris,Gluteus Maximus|Adductor Magnus,Bodyweight,1,,0,Bodyweight,bodyweight|gym,Standing,No Arms,Continuous,No Grip,No Load,Alternating,No Elevation,Single Exercise,Knee Dominant,Frontal Plane,Lower Body,Push,Compound,Unilateral,Calisthenics
bodyweight-alternating-forward-lunge,Bodyweight Alternating Forward Lunge,https://youtu.be/0RqJM6GM5bg?si=eL5TvNrMzUaI1oOW,https://youtu.be/CpvfDjEulYQ?si=y9FyEYKBCzncPpqK,Beginner,beginner,Quadriceps,Quadriceps Femoris,Gluteus Maximus|Biceps Femoris,Bodyweight,1,,0,Bodyweight,bodyweight|gym,Standing,No Arms,Continuous,No Grip,No Load,Alternating,No Elevation,Single Exercise,Knee Dominant,Sagittal Plane,Lower Body,Push,Compound,Unilateral,Bodybuilding
bodyweight-alternating-hawaiian-squat,Bodyweight Alternating Hawaiian Squat,https://youtu.be/_nfx1aDx87o?si=T4Vw1FKJpAnHEuV6,,Advanced,advanced,Quadriceps,Quadriceps Femoris,Gluteus Maximus,Bodyweight,1,,0,Bodyweight,bodyweight|gym,Single Leg Standing,No Arms,Continuous,No Grip,No Load,Alternating,No Elevation,Single Exercise,Knee Dominant,Sagittal Plane,Lower Body,Push,Compound,Unilateral,Calisthenics
bodyweight-alternating-heel-taps,Bodyweight Alternating Heel Taps,https://youtu.be/URWXz0DmE7s,https://youtu.be/IVppNiu0hvw,Beginner,beginner,Abdominals,Obliques,Rectus Abdominis,Bodyweight,1,,0,Bodyweight,bodyweight|gym,Supine,Double Arm,Alternating,No Grip,No Load,Continuous,No Elevation,Single Exercise,Lateral Flexion,Frontal Plane,Core,Other,Compound,Unilateral,
bodyweight-alternating-lateral-bench-jump,Bodyweight Alternating Lateral Bench Jump,https://youtu.be/pVoOtkGBN6s,https://youtu.be/KJ1WSHe6cTQ,Novice,beginner,Glutes,Gluteus Maximus,,Bodyweight,1,Bench (Flat),1,Bodyweight|Bench (Flat),bodyweight|gym,Standing,No Arms,Continuous,No Grip,No Load,Alternating,No Elevation,Single Exercise,,Frontal Plane,Lower Body,,Compound,Unilateral,Plyometric
bodyweight-alternating-lateral-box-jump,Bodyweight Alternating Lateral Box Jump,https://youtu.be/kJqEVtWkYHo?si=aVVrhRraXLtyjPfg,,Intermediate,intermediate,Quadriceps,Quadriceps Femoris,Gluteus Maximus|Biceps Femoris,Bodyweight,1,Plyo Box,1,Bodyweight|Plyo Box,bodyweight|gym,Standing,No Arms,Continuous,No Grip,No Load,Continuous,Feet Elevated,Single Exercise,Knee Dominant,Frontal Plane,Lower Body,Push,Compound,Bilateral,Plyometric
bodyweight-alternating-lateral-kick-through,Bodyweight Alternating Lateral Kick Through,https://youtu.be/1jCudOtlLsc,https://youtu.be/86NNY5U6jqk,Intermediate,intermediate,Abdominals,Rectus Abdominis,,Bodyweight,1,,0,Bodyweight,bodyweight|gym,Knee Hover Quadruped,Double Arm,Alternating,Flat Palm,No Load,Alternating,No Elevation,Single Exercise,Rotational,Frontal Plane,Core,Other,Compound,Unilateral,Animal Flow
bodyweight-alternating-lateral-lunge,Bodyweight Alternating Lateral Lunge,https://youtu.be/FvJS_MSN4Lo?si=Z7h-t5HEEQC6trw6,,Beginner,beginner,Quadriceps,Quadriceps Femoris,Gluteus Maximus|Adductor Magnus,Bodyweight,1,,0,Bodyweight,bodyweight|gym,Standing,No Arms,Continuous,No Grip,No Load,Alternating,No Elevation,Single Exercise,Knee Dominant,Frontal Plane,Lower Body,Push,Compound,Unilateral,Bodybuilding
bodyweight-alternating-pistol-squat,Bodyweight Alternating Pistol Squat,https://youtu.be/uqIMqZmyyH8?si=J2AzvjdNfcenC6Jm,,Advanced,advanced,Quadriceps,Quadriceps Femoris,Gluteus Maximus,Bodyweight,1,,0,Bodyweight,bodyweight|gym,Single Leg Standing,No Arms,Continuous,No Grip,No Load,Alternating,No Elevation,Single Exercise,Knee Dominant,Sagittal Plane,Lower Body,Push,Compound,Unilateral,Calisthenics
bodyweight-alternating-reverse-lunge,Bodyweight Alternating Reverse Lunge,https://youtu.be/OX0fKkaY6_c?si=T0Ta2iyvXrGIGA7w,,Beginner,beginner,Quadriceps,Quadriceps Femoris,Gluteus Maximus|Biceps Femoris,Bodyweight,1,,0,Bodyweight,bodyweight|gym,Standing,No Arms,Continuous,No Grip,No Load,Alternating,No Elevation,Single Exercise,Knee Dominant,Sagittal Plane,Lower Body,Push,Compound,Unilateral,Bodybuilding
bodyweight-alternating-russian-step-up,Bodyweight Alternating Russian Step Up,https://youtu.be/uWQaD_zDNP8?si=e7uAr4KO-Uxs3C4h,,Novice,beginner,Quadriceps,Quadriceps Femoris,Gluteus Maximus|Iliopsoas,Bodyweight,1,Plyo Box,1,Bodyweight|Plyo Box,bodyweight|gym,Single Leg Standing Bent Knee,No Arms,Continuous,No Grip,No Load,Alternating,Foot Elevated (Front),Single Exercise,Knee Dominant,Sagittal Plane,Lower Body,Push,Compound,Unilateral,Balance
bodyweight-alternating-shin-box-hip-extension,Bodyweight Alternating Shin Box Hip Extension,https://youtu.be/UZLEwSROzyQ?si=Pk3NabO_4gvYWivn,,Intermediate,intermediate,Glutes,Gluteus Maximus,,Bodyweight,1,,0,Bodyweight,bodyweight|gym,Shin Box Seated,No Arms,Continuous,No Grip,No Load,Alternating,No Elevation,Single Exercise,Hip Extension,Transverse Plane,Lower Body,,Compound,Unilateral,Mobility
bodyweight-alternating-single-leg-v-up,Bodyweight Alternating Single Leg V Up,https://youtu.be/0EIDVDbzVNo?si=B73itVIXJWWYaH0C,,Novice,beginner,Abdominals,Rectus Abdominis,Iliopsoas|Obliques,Bodyweight,1,,0,Bodyweight,bodyweight|gym,Supine,Double Arm,Continuous,No Grip,Other,Alternating,No Elevation,Single Exercise,Spinal Flexion,Sagittal Plane,Core,Other,Compound,Bilateral,
bodyweight-alternating-single-leg-wall-sit,Bodyweight Alternating Single Leg Wall Sit,https://youtu.be/eYGszeFcI7Y?si=jFOFuzza1JQMYuVE,https://youtu.be/baj5XhEEblU,Novice,beginner,Quadriceps,Quadriceps Femoris,Gluteus Maximus,Bodyweight,1,,0,Bodyweight,bodyweight|gym,Standing,No Arms,Continuous,No Grip,No Load,Alternating,No Elevation,Single Exercise,Isometric Hold,Sagittal Plane,Lower Body,Other,Compound,Unilateral,
bodyweight-alternating-split-squat-jump,Bodyweight Alternating Split Squat Jump,https://youtu.be/yncmjpwl_9g?si=OTCbmCenqG5BN1WW,https://youtu.be/ZiupDCper-M?si=YY5sAICbd44A8efW,Intermediate,intermediate,Quadriceps,Quadriceps Femoris,Gluteus Maximus|Biceps Femoris,Bodyweight,1,,0,Bodyweight,bodyweight|gym,Split Squat,No Arms,Continuous,No Grip,No Load,Alternating,No Elevation,Single Exercise,Knee Dominant,Sagittal Plane,Lower Body,Push,Compound,Unilateral,Plyometric
bodyweight-alternating-step-up,Bodyweight Alternating Step Up,https://youtu.be/lUSmIRNqt9w?si=2Uzz5dQAroAGZKAK,,Novice,beginner,Quadriceps,Quadriceps Femoris,Gluteus Maximus|Biceps Femoris,Bodyweight,1,Plyo Box,1,Bodyweight|Plyo Box,bodyweight|gym,Standing,No Arms,Continuous,No Grip,No Load,Alternating,Foot Elevated (Front),Single Exercise,Knee Dominant,Sagittal Plane,Lower Body,Push,Compound,Unilateral,Calisthenics
bodyweight-alternating-step-up-jump,Bodyweight Alternating Step Up Jump,https://youtu.be/vX2vagAc8Mw?si=UH9R_7g0TbIQyHja,https://youtu.be/TGtwCyVqfvM?si=nY8PVGvM5w-oe3pA,Intermediate,intermediate,Quadriceps,Quadriceps Femoris,Gluteus Maximus|Biceps Femoris,Bodyweight,1,Plyo Box,1,Bodyweight|Plyo Box,bodyweight|gym,Standing,No Arms,Continuous,No Grip,No Load,Alternating,Foot Elevated (Front),Single Exercise,Knee Dominant,Sagittal Plane,Lower Body,Push,Compound,Unilateral,Plyometric
bodyweight-archer-push-up,Bodyweight Archer Push Up,https://youtu.be/_Qbz_54_9Sw,https://youtu.be/A0r8ploEnZY,Intermediate,intermediate,Chest,Pectoralis Major,,Bodyweight,1,,0,Bodyweight,bodyweight|gym,Prone,Double Arm,Alternating,Flat Palm,No Load,Continuous,No Elevation,Single Exercise,Horizontal Push,Frontal Plane,Upper Body,Push,Compound,Unilateral,Calisthenics
bodyweight-aztec-push-up,Bodyweight Aztec Push Up,https://youtu.be/MeunnPVySSI?si=wuDGH7XuHo-e8M5X,https://youtu.be/4z5kffSzjWI,Advanced,advanced,Chest,Pectoralis Major,Triceps Brachii|Anterior Deltoids,Bodyweight,1,,0,Bodyweight,bodyweight|gym,Prone,Double Arm,Continuous,Flat Palm,No Load,Continuous,No Elevation,Single Exercise,Horizontal Push,Sagittal Plane,Upper Body,Push,Compound,Bilateral,Plyometric
bodyweight-bear-crawl,Bodyweight Bear Crawl,https://youtu.be/8y-C1wUb-3c,https://youtu.be/Wgt1vdZ_YYk,Novice,beginner,Abdominals,Rectus Abdominis,,Bodyweight,1,,0,Bodyweight,bodyweight|gym,Knee Hover Quadruped,Double Arm,Alternating,Flat Palm,No Load,Alternating,No Elevation,Single Exercise,,Sagittal Plane,Core,Other,Compound,Contralateral,Animal Flow
bodyweight-bench-feet-elevated-decline-push-up,Bodyweight Bench Feet Elevated Decline Push Up,https://youtu.be/1ZTYpiJJDZ8?feature=shared,https://youtu.be/O7dVvwEK9J4?si=2GvTHxgOdnXM5BDT,Intermediate,intermediate,Chest,Pectoralis Major,Triceps Brachii,Bodyweight,1,Bench (Flat),1,Bodyweight|Bench (Flat),bodyweight|gym,Prone,Double Arm,Continuous,Flat Palm,No Load,Continuous,Feet Elevated,Single Exercise,Horizontal Push,Sagittal Plane,Upper Body,Push,Compound,Bilateral,Calisthenics
bodyweight-bent-arm-press-handstand,Bodyweight Bent Arm Press Handstand,https://youtu.be/Gzz3ku70W3I,https://youtu.be/5E_yYi0OsPw,Master,advanced,Shoulders,Anterior Deltoids,Triceps Brachii,Bodyweight,1,,0,Bodyweight,bodyweight|gym,Inverted,Double Arm,Continuous,Flat Palm,No Load,Continuous,No Elevation,Single Exercise,Vertical Push,Sagittal Plane,Upper Body,Push,Compound,Bilateral,Calisthenics
bodyweight-bent-knee-copenhagen-plank,Bodyweight Bent Knee Copenhagen Plank,https://youtu.be/obtdLUWZi-Y,,Novice,beginner,Adductors,Adductor Magnus,,Bodyweight,1,Bench (Flat),1,Bodyweight|Bench (Flat),bodyweight|gym,Side Plank,Single Arm,Continuous,Forearm,No Load,Continuous,Foot Elevated (Side),Single Exercise,Hip Adduction,Frontal Plane,Lower Body,Other,Compound,Unilateral,
bodyweight-bent-knee-copenhagen-plank-side-raise,Bodyweight Bent Knee Copenhagen Plank Side Raise,https://youtu.be/xkcOhvzzta0,https://youtu.be/kD1t1hWzIDE,Intermediate,intermediate,Adductors,Adductor Magnus,,Bodyweight,1,Bench (Flat),1,Bodyweight|Bench (Flat),bodyweight|gym,Side Plank,Single Arm,Continuous,Forearm,No Load,Continuous,Foot Elevated (Side),Single Exercise,Hip Adduction|Isometric Hold,Frontal Plane,Lower Body,Other,Compound,Unilateral,
bodyweight-bent-knee-reverse-hyperextension,Bodyweight Bent Knee Reverse Hyperextension,https://youtu.be/RbkVHCMU3xU,https://youtu.be/g07fnrRy3mo,Novice,beginner,Glutes,Gluteus Maximus,,Bodyweight,1,Bench (Flat),1,Bodyweight|Bench (Flat),bodyweight|gym,Prone,Double Arm,Continuous,Neutral,No Load,Continuous,No Elevation,Single Exercise,Hip Extension,Sagittal Plane,Lower Body,,Isolation,Bilateral,Bodybuilding
bodyweight-bent-knee-windshield-wiper,Bodyweight Bent Knee Windshield Wiper,https://youtu.be/8ruEIfBzLrw?si=smM0Bo6E_xDv-x1e,https://youtu.be/ZS-NQyNKyvU?feature=shared,Beginner,beginner,Abdominals,Obliques,Rectus Abdominis|Transverse Abdominis,Bodyweight,1,,0,Bodyweight,bodyweight|gym,Supine,No Arms,Continuous,No Grip,No Load,Continuous,No Elevation,Single Exercise,Rotational,Transverse Plane,Core,Other,Compound,Bilateral,Calisthenics
bodyweight-bicycle-crunch,Bodyweight Bicycle Crunch,https://youtu.be/fHXcyedPCPo?si=haa5Z5z5wbVY6loh,https://youtu.be/lv6BT8_5iIs?si=1SKpBjIi2BRf2k0f,Novice,beginner,Abdominals,Obliques,Rectus Abdominis,Bodyweight,1,,0,Bodyweight,bodyweight|gym,Supine,No Arms,Alternating,Head Supported,No Load,Alternating,No Elevation,Single Exercise,Rotational,Transverse Plane,Core,Other,Compound,Unilateral,
bodyweight-bird-dog,Bodyweight Bird Dog,https://youtu.be/tU-WZsouVjo?si=Ti1JUU03OqgnmtX6,https://youtu.be/-LRjkbEy-qU,Beginner,beginner,Abdominals,Rectus Abdominis,Gluteus Maximus|Erector Spinae,Bodyweight,1,,0,Bodyweight,bodyweight|gym,Quadruped,Single Arm,Alternating,Flat Palm,No Load,Alternating,No Elevation,Single Exercise,Anti-Rotational,Sagittal Plane,Core,Other,Compound,Contralateral,Postural
bodyweight-bird-dog-knee-to-elbow,Bodyweight Bird Dog Knee to Elbow,https://youtu.be/1v4_Vsvk3gc,,Beginner,beginner,Abdominals,Rectus Abdominis,Obliques|Gluteus Maximus,Bodyweight,1,,0,Bodyweight,bodyweight|gym,Quadruped,Single Arm,Continuous,Flat Palm,No Load,Continuous,No Elevation,Single Exercise,Anti-Rotational|Spinal Rotational,Sagittal Plane|Transverse Plane,Core,Other,Compound,Contralateral,
bodyweight-box-feet-elevated-decline-push-up,Bodyweight Box Feet Elevated Decline Push Up,https://youtu.be/5DTn4Euw6To?si=Qt5r8kEOx3ZW_AO9,,Intermediate,intermediate,Chest,Pectoralis Major,Triceps Brachii,Bodyweight,1,Plyo Box,1,Bodyweight|Plyo Box,bodyweight|gym,Prone,Double Arm,Continuous,Flat Palm,No Load,Continuous,Feet Elevated,Single Exercise,Horizontal Push,Sagittal Plane,Upper Body,Push,Compound,Bilateral,Calisthenics
bodyweight-box-jump,Bodyweight Box Jump,https://youtu.be/-IzhFO7lOEU?si=Aftwsw6k2KY2-jf0,,Intermediate,intermediate,Quadriceps,Quadriceps Femoris,Gluteus Maximus|Biceps Femoris,Bodyweight,1,Plyo Box,1,Bodyweight|Plyo Box,bodyweight|gym,Standing,No Arms,Continuous,No Grip,No Load,Continuous,Feet Elevated,Single Exercise,Knee Dominant,Sagittal Plane,Lower Body,Push,Compound,Bilateral,Plyometric
bodyweight-box-pistol-squat,Bodyweight Box Pistol Squat,https://youtu.be/Ly71LeprFKQ,https://youtu.be/3gzzuPJzrUE,Novice,beginner,Quadriceps,Quadriceps Femoris,Gluteus Maximus,Bodyweight,1,Plyo Box,1,Bodyweight|Plyo Box,bodyweight|gym,Single Leg Standing,No Arms,Continuous,No Grip,No Load,Continuous,No Elevation,Single Exercise,Knee Dominant,Sagittal Plane,Lower Body,Push,Compound,Unilateral,Calisthenics
bodyweight-broad-jump,Bodyweight Broad Jump,https://youtu.be/0P8dbnUQrJI?si=IoU6OTqa34IekCVQ,,Intermediate,intermediate,Quadriceps,Quadriceps Femoris,Gluteus Maximus|Biceps Femoris,Bodyweight,1,,0,Bodyweight,bodyweight|gym,Standing,No Arms,Continuous,No Grip,No Load,Continuous,No Elevation,Single Exercise,Knee Dominant,Sagittal Plane,Lower Body,Push,Compound,Bilateral,Plyometric
bodyweight-bulgarian-split-squat,Bodyweight Bulgarian Split Squat,https://youtu.be/kBQ1krvKFBU,,Novice,beginner,Quadriceps,Quadriceps Femoris,Gluteus Maximus|Biceps Femoris,Bodyweight,1,Bench (Flat),1,Bodyweight|Bench (Flat),bodyweight|gym,Single Leg Supported,No Arms,Continuous,No Grip,No Load,Continuous,Foot Elevated (Rear),Single Exercise,Knee Dominant,Sagittal Plane,Lower Body,Push,Compound,Unilateral,Bodybuilding
bodyweight-bulgarian-split-squat-jump,Bodyweight Bulgarian Split Squat Jump,https://youtu.be/CWTu90BUTIY?si=9JSuKmfFRaalZ6er,https://youtu.be/z_0Uf9HPvtk?si=nhG8RWSjcCmhVgMW,Intermediate,intermediate,Quadriceps,Quadriceps Femoris,Gluteus Maximus|Biceps Femoris,Bodyweight,1,Bench (Flat),1,Bodyweight|Bench (Flat),bodyweight|gym,Single Leg Supported,No Arms,Continuous,No Grip,No Load,Continuous,Foot Elevated (Rear),Single Exercise,Knee Dominant,Sagittal Plane,Lower Body,Push,Compound,Unilateral,Plyometric
bodyweight-burpee,Bodyweight Burpee,https://youtu.be/auBLPXO8Fww,https://youtu.be/wS4OsJ4yzx4,Intermediate,intermediate,Chest,Pectoralis Major,Triceps Brachii|Anterior Deltoids,Bodyweight,1,,0,Bodyweight,bodyweight|gym,Standing,Double Arm,Continuous,Flat Palm,No Load,Continuous,No Elevation,Single Exercise,Horizontal Push,Sagittal Plane,Full Body,Push,Compound,Bilateral,
bodyweight-butterfly-sit-up,Bodyweight Butterfly Sit Up,https://youtu.be/ZLyOWSPnVrM,https://youtu.be/hdXsuDt2PKE,Novice,beginner,Abdominals,Rectus Abdominis,,Bodyweight,1,,0,Bodyweight,bodyweight|gym,Supine,No Arms,Continuous,Head Supported,No Load,Continuous,No Elevation,Single Exercise,Spinal Flexion,Sagittal Plane,Core,Other,Compound,Bilateral,
bodyweight-calf-raise,Bodyweight Calf Raise,https://youtu.be/tg3HcGWhGN8?si=i7ZBKBUTgTovDmeO,https://youtu.be/_5R7wFS6l9o?si=it4x_lijASZb-Hin,Beginner,beginner,Calves,Gastrocnemius,Soleus|Tibialis Posterior,Bodyweight,1,,0,Bodyweight,bodyweight|gym,Standing,No Arms,Continuous,No Grip,No Load,Continuous,No Elevation,Single Exercise,Ankle Plantar Flexion,Sagittal Plane,Lower Body,Push,Isolation,Bilateral,Bodybuilding
bodyweight-candlestick-roll-up-tuck-jump,Bodyweight Candlestick Roll Up Tuck Jump,https://youtu.be/BpwGQP8k7aY,,Intermediate,intermediate,Glutes,Gluteus Maximus,,Bodyweight,1,,0,Bodyweight,bodyweight|gym,Standing,No Arms,Continuous,No Grip,No Load,Continuous,No Elevation,Single Exercise,,Sagittal Plane,Full Body,,Compound,Bilateral,Plyometric
bodyweight-chest-roll-to-straight-body-press-handstand,Bodyweight Chest Roll to Straight Body Press Handstand,https://youtu.be/mYQAYnr2hlg?si=gqlNGvKWytXXQP1H,,Master,advanced,Shoulders,Anterior Deltoids,Triceps Brachii,Bodyweight,1,,0,Bodyweight,bodyweight|gym,Inverted,Double Arm,Continuous,Flat Palm,No Load,Continuous,No Elevation,Combo Exercise,Vertical Push,Sagittal Plane,Upper Body,Push,Compound,Bilateral,Calisthenics
bodyweight-cocoon-crunch,Bodyweight Cocoon Crunch,https://youtu.be/BZWoijzyF_4?si=2gKtoX0oa_Lef7o8,https://youtu.be/hONrtSx_eiM,Intermediate,intermediate,Abdominals,Rectus Abdominis,Iliopsoas|Obliques,Bodyweight,1,,0,Bodyweight,bodyweight|gym,Supine,Double Arm,Continuous,No Grip,No Load,Continuous,No Elevation,Single Exercise,Spinal Flexion,Sagittal Plane,Core,Other,Compound,Bilateral,
bodyweight-copenhagen-plank,Bodyweight Copenhagen Plank,https://youtu.be/tKb76R21AfM?si=zsuYyzMMfjZleCpc,https://youtu.be/VfjAmomtVa0?si=I2iiPw_V8fZbgJ9j,Novice,beginner,Adductors,Adductor Magnus,,Bodyweight,1,Bench (Flat),1,Bodyweight|Bench (Flat),bodyweight|gym,Side Plank,Single Arm,Continuous,Forearm,No Load,Continuous,Foot Elevated (Side),Single Exercise,Hip Adduction,Frontal Plane,Lower Body,Other,Compound,Unilateral,
bodyweight-copenhagen-plank-side-raise,Bodyweight Copenhagen Plank Side Raise,https://youtu.be/0Cwk_wwL6uM?si=N_sqB6NG5HF2Hv7U,https://youtu.be/i965d8Rn-XA?si=343e1_vvqPHuB7tW,Intermediate,intermediate,Adductors,Adductor Magnus,,Bodyweight,1,Bench (Flat),1,Bodyweight|Bench (Flat),bodyweight|gym,Side Plank,Single Arm,Continuous,Forearm,No Load,Continuous,Foot Elevated (Side),Single Exercise,Hip Adduction|Isometric Hold,Frontal Plane,Lower Body,Other,Compound,Unilateral,
bodyweight-copenhagen-plank-with-leg-lift,Bodyweight Copenhagen Plank with Leg Lift,https://youtu.be/Tt5O0gfZmr0?si=9wq43SCcrrNE16rB,,Intermediate,intermediate,Adductors,Adductor Magnus,,Bodyweight,1,Bench (Flat),1,Bodyweight|Bench (Flat),bodyweight|gym,Side Plank,Single Arm,Continuous,Forearm,No Load,Continuous,Foot Elevated (Side),Single Exercise,Hip Adduction|Isometric Hold,Frontal Plane,Lower Body,Other,Compound,Unilateral,
bodyweight-cossack-squat,Bodyweight Cossack Squat,https://youtu.be/lyMHR7F8lPA?si=An72TBlVkZQu4GMO,,Beginner,beginner,Quadriceps,Quadriceps Femoris,Adductor Magnus|Gluteus Maximus,Bodyweight,1,,0,Bodyweight,bodyweight|gym,Standing,No Arms,Continuous,No Grip,No Load,Continuous,No Elevation,Single Exercise,Knee Dominant,Frontal Plane,Lower Body,Push,Compound,Unilateral,Bodybuilding
bodyweight-crunch,Bodyweight Crunch,https://youtu.be/Gala3hWxFTw?si=5Qrh2TKQB1NMQpCG,https://youtu.be/z6LRile4YiE?si=1_nlGdr2ALt1LXF2,Beginner,beginner,Abdominals,Rectus Abdominis,Iliopsoas|Obliques,Bodyweight,1,,0,Bodyweight,bodyweight|gym,Supine,No Arms,Continuous,Head Supported,No Load,Continuous,No Elevation,Single Exercise,Spinal Flexion,Sagittal Plane,Core,Other,Compound,Bilateral,
bodyweight-curtsy-lunge,Bodyweight Curtsy Lunge,https://youtu.be/cXHnXTR79Kw?si=HidnQgZQ02ZN6GNc,https://youtu.be/rUD0rPjlxdQ?si=AMHO_Tvi4Muc361n,Beginner,beginner,Quadriceps,Quadriceps Femoris,Gluteus Maximus|Adductor Magnus,Bodyweight,1,,0,Bodyweight,bodyweight|gym,Standing,No Arms,Continuous,No Grip,No Load,Continuous,No Elevation,Single Exercise,Knee Dominant,Frontal Plane,Lower Body,Push,Compound,Unilateral,Calisthenics
bodyweight-cyclist-squat,Bodyweight Cyclist Squat,https://youtu.be/BAlXJ5lLMAA?si=H1cfMWF52YWOMraL,https://youtu.be/i7THl7npupE?si=HfmpXxeeggFxvNy7,Beginner,beginner,Quadriceps,Quadriceps Femoris,Gluteus Maximus|Soleus,Bodyweight,1,Slant Board,1,Bodyweight|Slant Board,bodyweight|gym,Standing,No Arms,Continuous,No Grip,No Load,Continuous,Heels Elevated,Single Exercise,Knee Dominant,Sagittal Plane,Lower Body,Push,Compound,Bilateral,Bodybuilding
bodyweight-dead-bug,Bodyweight Dead Bug,https://youtu.be/jbWmbhElf3Q,https://youtu.be/g_BYB0R-4Ws,Beginner,beginner,Abdominals,Rectus Abdominis,Obliques|Rectus Femoris,Bodyweight,1,,0,Bodyweight,bodyweight|gym,Supine,Single Arm,Alternating,No Grip,No Load,Alternating,No Elevation,Single Exercise,Anti-Extension,Sagittal Plane,Core,Other,Compound,Contralateral,Postural
bodyweight-diamond-push-up,Bodyweight Diamond Push Up,https://youtu.be/XtU2VQVuLYs,https://youtu.be/J0DnG1_S92I,Novice,beginner,Triceps,Triceps Brachii,Pectoralis Major|Anterior Deltoids,Bodyweight,1,,0,Bodyweight,bodyweight|gym,Prone,Double Arm,Continuous,Flat Palm,No Load,Continuous,No Elevation,Single Exercise,Horizontal Push,Sagittal Plane,Upper Body,Push,Compound,Bilateral,Calisthenics
bodyweight-dips,Bodyweight Dips,https://youtu.be/vJhFJJu7ock?si=fw1wLN_DqI1nQovZ,https://youtu.be/yN6Q1UI_xkE?si=0VQVw7_b_8FgH05e,Intermediate,intermediate,Triceps,Triceps Brachii,Pectoralis Major|Anterior Deltoids,Bodyweight,1,,0,Bodyweight,bodyweight|gym,Other,Double Arm,Continuous,Neutral,No Load,Continuous,No Elevation,Single Exercise,Vertical Push,Sagittal Plane,Upper Body,Push,Compound,Bilateral,Calisthenics
bodyweight-dive-bomber-push-up,Bodyweight Dive Bomber Push Up,https://youtu.be/y94uWhVJ3D4?si=TIKacdZm8d8i5e6M,https://youtu.be/Uvn1s5d0F6g,Intermediate,intermediate,Chest,Pectoralis Major,Triceps Brachii,Bodyweight,1,,0,Bodyweight,bodyweight|gym,Prone,Double Arm,Continuous,Flat Palm,No Load,Continuous,No Elevation,Single Exercise,Horizontal Push,Sagittal Plane,Upper Body,Push,Compound,Bilateral,Calisthenics
bodyweight-dragon-flag,Bodyweight Dragon Flag,https://youtu.be/LXmJg15hurY?si=kuUaXsoiL3fnTOE7,https://youtu.be/3FuwY3Z4ux8,Advanced,advanced,Abdominals,Rectus Abdominis,,Bodyweight,1,,0,Bodyweight,bodyweight|gym,Supine,Double Arm,Continuous,Pronated,No Load,Continuous,No Elevation,Single Exercise,Isometric Hold,Sagittal Plane,Core,Other,Compound,Bilateral,Calisthenics
bodyweight-dragon-squat,Bodyweight Dragon Squat,https://youtu.be/bQY7fLEkZqU,https://youtu.be/Pic8epzj1N4,Expert,advanced,Quadriceps,Quadriceps Femoris,Gluteus Maximus,Bodyweight,1,,0,Bodyweight,bodyweight|gym,Single Leg Standing,No Arms,Continuous,No Grip,No Load,Continuous,No Elevation,Single Exercise,Knee Dominant,Frontal Plane,Lower Body,Push,Compound,Unilateral,Calisthenics
bodyweight-duck-walk,Bodyweight Duck Walk,https://youtu.be/-swSVo8-i4I?si=sEL_AtnfPtYy7b1X,https://youtu.be/Wr_IV43jF5Q?si=p2agYKHg9gfmam43,Intermediate,intermediate,Quadriceps,Quadriceps Femoris,Gluteus Maximus,Bodyweight,1,,0,Bodyweight,bodyweight|gym,Standing,No Arms,Continuous,No Grip,No Load,Alternating,No Elevation,Single Exercise,Knee Dominant,Sagittal Plane|Transverse Plane,Lower Body,Push,Compound,Unilateral,Animal Flow
bodyweight-eccentric-push-up,Bodyweight Eccentric Push Up,https://youtu.be/4JJB2m4AuO8?si=NqYITu6_1fcaAbn7,,Beginner,beginner,Chest,Pectoralis Major,Triceps Brachii,Bodyweight,1,,0,Bodyweight,bodyweight|gym,Prone,Double Arm,Continuous,Flat Palm,No Load,Continuous,No Elevation,Single Exercise,Horizontal Push,Sagittal Plane,Upper Body,Push,Compound,Bilateral,Calisthenics
bodyweight-extended-range-side-lying-hip-abduction,Bodyweight Extended Range Side Lying Hip Abduction,https://youtu.be/s6API4Yeqxs?si=apjN7JBTfdY-DW16,https://youtu.be/kfbS8bJmnN0?si=WRtJRJ_lIJLcNrbv,Beginner,beginner,Abductors,Gluteus Medius,Gluteus Minimus|Tensor Fasciae Latae,Bodyweight,1,Bench (Flat),1,Bodyweight|Bench (Flat),bodyweight|gym,Side Lying,No Arms,Continuous,No Grip,No Load,Continuous,No Elevation,Single Exercise,Hip Abduction,Frontal Plane,Lower Body,Other,Isolation,Unilateral,Bodybuilding
bodyweight-face-the-wall-squat,Bodyweight Face the Wall Squat,https://youtu.be/pktIjwNiuYE?si=fWFt85clM0T2gopP,https://youtu.be/qoL6FUSrZNY,Beginner,beginner,Quadriceps,Quadriceps Femoris,Gluteus Maximus,Bodyweight,1,,0,Bodyweight,bodyweight|gym,Standing,No Arms,Continuous,No Grip,No Load,Continuous,No Elevation,Single Exercise,Knee Dominant,Sagittal Plane,Lower Body,Push,Compound,Bilateral,
bodyweight-feet-elevated-calf-raise,Bodyweight Feet Elevated Calf Raise,https://youtu.be/VuvZCiSMw_A?si=wJFjWj_7127inskf,,Beginner,beginner,Calves,Gastrocnemius,Soleus|Tibialis Anterior,Bodyweight,1,,0,Bodyweight,bodyweight|gym,Standing,No Arms,Continuous,No Grip,No Load,Continuous,Toes Elevated,Single Exercise,Ankle Plantar Flexion,Sagittal Plane,Lower Body,Push,Isolation,Bilateral,Bodybuilding
bodyweight-feet-elevated-frog-pump,Bodyweight Feet Elevated Frog Pump,https://youtu.be/K2AvS_4hjd4?si=WeXgOnAQd6Db4L-d,https://youtu.be/NK4axZ_5xCc?si=-6TyqUc4PiCzSXK5,Novice,beginner,Glutes,Gluteus Maximus,Biceps Femoris|Adductor Magnus,Bodyweight,1,Bench (Flat),1,Bodyweight|Bench (Flat),bodyweight|gym,Bridge,No Arms,Continuous,No Grip,No Load,Continuous,Feet Elevated,Single Exercise,Hip Extension,Sagittal Plane,Lower Body,,Compound,Bilateral,
bodyweight-feet-elevated-glute-bridge,Bodyweight Feet Elevated Glute Bridge,https://youtu.be/kFvF6ZHv-KI,https://youtu.be/eSSloIyhHUw,Novice,beginner,Glutes,Gluteus Maximus,Biceps Femoris|Erector Spinae,Bodyweight,1,Bench (Flat),1,Bodyweight|Bench (Flat),bodyweight|gym,Bridge,No Arms,Continuous,No Grip,No Load,Continuous,Feet Elevated,Single Exercise,Hip Extension,Sagittal Plane,Lower Body,,Compound,Bilateral,Bodybuilding
bodyweight-feet-elevated-pike-push-up,Bodyweight Feet Elevated Pike Push Up,https://youtu.be/s5VyQrNhEYY?si=9tSA6c3bjeje5MfX,https://youtu.be/_FfCWr4B6z8?si=IEXKukMqp8ATfMdh,Intermediate,intermediate,Shoulders,Anterior Deltoids,Triceps Brachii,Bodyweight,1,Bench (Flat),1,Bodyweight|Bench (Flat),bodyweight|gym,Inverted,Double Arm,Continuous,Flat Palm,No Load,Continuous,Feet Elevated,Single Exercise,Vertical Push,Sagittal Plane,Upper Body,Push,Compound,Bilateral,Calisthenics
bodyweight-feet-elevated-russian-twist,Bodyweight Feet Elevated Russian Twist,https://youtu.be/WT9UCB_1Y8Q?si=dmkzRkM-dzlFe1ux,https://youtu.be/874-Or2w75o?si=koYCn0aGS7qYWc8s,Novice,beginner,Abdominals,Obliques,Rectus Abdominis|Iliopsoas,Bodyweight,1,,0,Bodyweight,bodyweight|gym,Seated Floor,Double Arm,Continuous,No Grip,No Load,Continuous,No Elevation,Single Exercise,Rotational,Transverse Plane,Core,Other,Compound,Bilateral,
bodyweight-feet-on-wall-mountain-climber,Bodyweight Feet On Wall Mountain Climber,https://youtu.be/jGwHfj957eU?si=i-ZtryUkm2Geud9J,https://youtu.be/OcGkhubaWzE,Advanced,advanced,Abdominals,Rectus Abdominis,Iliopsoas|Anterior Deltoids,Bodyweight,1,,0,Bodyweight,bodyweight|gym,Prone,Double Arm,Continuous,Flat Palm,No Load,Alternating,Feet Elevated,Single Exercise,Anti-Extension|Spinal Flexion,Sagittal Plane,Core,Other,Compound,Unilateral,Calisthenics
bodyweight-fingertip-full-planche-push-up,Bodyweight Fingertip Full Planche Push Up,https://youtu.be/kw0kXtvOpfU?si=l1qrLXesjuSAv8NK,,Grand Master,advanced,Chest,Pectoralis Major,Triceps Brachii|Rectus Abdominis,Bodyweight,1,,0,Bodyweight,bodyweight|gym,Prone,Double Arm,Continuous,Fingertip,No Load,Continuous,No Elevation,Single Exercise,Horizontal Push|Isometric Hold,Sagittal Plane,Full Body,Push,Compound,Bilateral,Calisthenics
bodyweight-fire-hydrant,Bodyweight Fire Hydrant,https://youtu.be/IFrN8GELc-k?feature=shared,https://youtu.be/La3xYT8MGks,Beginner,beginner,Glutes,Gluteus Maximus,Gluteus Medius|Gluteus Minimus,Bodyweight,1,,0,Bodyweight,bodyweight|gym,Quadruped,Double Arm,Continuous,Flat Palm,No Load,Continuous,No Elevation,Single Exercise,Hip External Rotation,Transverse Plane,Lower Body,Other,Isolation,Unilateral,
bodyweight-flutter-kicks,Bodyweight Flutter Kicks,https://youtu.be/e_s7uBNPnow,https://youtu.be/DNx0PYv7_L8,Beginner,beginner,Hip Flexors,Iliopsoas,Rectus Abdominis,Bodyweight,1,,0,Bodyweight,bodyweight|gym,Supine,No Arms,Continuous,No Grip,No Load,Alternating,No Elevation,Single Exercise,Hip Flexion,Sagittal Plane,Core,Other,Compound,Unilateral,
bodyweight-foot-elevated-cossack-squat,Bodyweight Foot Elevated Cossack Squat,https://youtu.be/DgJtQJxYVTk,,Beginner,beginner,Quadriceps,Quadriceps Femoris,Adductor Magnus|Gluteus Maximus,Bodyweight,1,,0,Bodyweight,bodyweight|gym,Standing,No Arms,Continuous,No Grip,No Load,Continuous,Foot Elevated (Lateral),Single Exercise,Knee Dominant,Frontal Plane,Lower Body,Push,Compound,Unilateral,Bodybuilding
bodyweight-foot-elevated-knee-over-toe-split-squat,Bodyweight Foot Elevated Knee Over Toe Split Squat,https://youtu.be/Gu4qA5TevLU,,Beginner,beginner,Quadriceps,Quadriceps Femoris,Gluteus Maximus|Soleus,Bodyweight,1,,0,Bodyweight,bodyweight|gym,Knee Over Toe Split Squat,No Arms,Continuous,No Grip,No Load,Continuous,Foot Elevated (Front),Single Exercise,Knee Dominant,Sagittal Plane,Lower Body,Push,Compound,Unilateral,Bodybuilding
bodyweight-forearm-plank,Bodyweight Forearm Plank,https://youtu.be/YvUw_mKMGfQ?feature=shared,,Novice,beginner,Abdominals,Rectus Abdominis,,Bodyweight,1,,0,Bodyweight,bodyweight|gym,Prone,Double Arm,Continuous,Forearm,No Load,Continuous,No Elevation,Single Exercise,Anti-Extension,Sagittal Plane,Core,Other,Compound,Bilateral,Calisthenics
bodyweight-forearm-plank-alternating-knee-to-elbow,Bodyweight Forearm Plank Alternating Knee to Elbow,https://youtu.be/A_JgZzr6o-k,,Intermediate,intermediate,Abdominals,Rectus Abdominis,,Bodyweight,1,,0,Bodyweight,bodyweight|gym,Prone,Double Arm,Continuous,Forearm,No Load,Alternating,No Elevation,Single Exercise,Anti-Extension,Sagittal Plane,Core,Other,Compound,Unilateral,Calisthenics
bodyweight-forward-lunge,Bodyweight Forward Lunge,https://youtu.be/1XKXGRQX-0w?si=hoLOL3F63ye-LGkD,https://youtu.be/4JEsjeTA9M8?si=WxT6yU_vYpJsX-hU,Beginner,beginner,Quadriceps,Quadriceps Femoris,Gluteus Maximus|Biceps Femoris,Bodyweight,1,,0,Bodyweight,bodyweight|gym,Standing,No Arms,Continuous,No Grip,No Load,Continuous,No Elevation,Single Exercise,Knee Dominant,Sagittal Plane,Lower Body,Push,Compound,Unilateral,Bodybuilding
bodyweight-freestanding-handstand,Bodyweight Freestanding Handstand,https://youtu.be/E2s-D009x6E,https://youtu.be/JyyKGE-Ajs8,Advanced,advanced,Shoulders,Anterior Deltoids,Triceps Brachii,Bodyweight,1,,0,Bodyweight,bodyweight|gym,Inverted,Double Arm,Continuous,Flat Palm,No Load,Continuous,No Elevation,Single Exercise,Isometric Hold,Sagittal Plane,Upper Body,Other,Compound,Bilateral,Calisthenics
bodyweight-freestanding-handstand-push-up,Bodyweight Freestanding Handstand Push Up,https://youtu.be/aAErmRDDJKY,https://youtu.be/3I_vcrmE0a0,Master,advanced,Shoulders,Anterior Deltoids,Triceps Brachii,Bodyweight,1,,0,Bodyweight,bodyweight|gym,Inverted,Double Arm,Continuous,Flat Palm,No Load,Continuous,No Elevation,Single Exercise,Vertical Push,Sagittal Plane,Upper Body,Push,Compound,Bilateral,Calisthenics
bodyweight-frog-pump,Bodyweight Frog Pump,https://youtu.be/7IVoH7E4rWo,https://youtu.be/jbJBXErKD-U,Beginner,beginner,Glutes,Gluteus Maximus,Biceps Femoris|Adductor Magnus,Bodyweight,1,,0,Bodyweight,bodyweight|gym,Bridge,No Arms,Continuous,No Grip,No Load,Continuous,No Elevation,Single Exercise,Hip Extension,Sagittal Plane,Lower Body,,Compound,Bilateral,
bodyweight-frog-reverse-hyperextension,Bodyweight Frog Reverse Hyperextension,https://youtu.be/zH8QN413Vuo?si=htM_QtEmupefpV2z,,Novice,beginner,Glutes,Gluteus Maximus,,Bodyweight,1,Bench (Flat),1,Bodyweight|Bench (Flat),bodyweight|gym,Prone,Double Arm,Continuous,Neutral,No Load,Continuous,No Elevation,Single Exercise,Hip Extension,Sagittal Plane,Lower Body,,Isolation,Bilateral,Bodybuilding
bodyweight-full-planche,Bodyweight Full Planche,https://youtu.be/hTpQCPjYZ3w?si=jlVsTRhe4TDGXMhx,,Expert,advanced,Abdominals,Rectus Abdominis,,Bodyweight,1,,0,Bodyweight,bodyweight|gym,Prone,Double Arm,Continuous,Flat Palm,No Load,Continuous,No Elevation,Single Exercise,Isometric Hold,Sagittal Plane,Full Body,Other,Compound,Bilateral,Calisthenics
bodyweight-glute-bridge,Bodyweight Glute Bridge,https://youtu.be/ncpMkhXAykg?si=a_b3ot2rsThtz4DE,https://youtu.be/wPM8icPu6H8,Beginner,beginner,Glutes,Gluteus Maximus,Biceps Femoris|Erector Spinae,Bodyweight,1,,0,Bodyweight,bodyweight|gym,Bridge,No Arms,Continuous,No Grip,No Load,Continuous,No Elevation,Single Exercise,Hip Extension,Sagittal Plane,Lower Body,,Compound,Bilateral,Bodybuilding
bodyweight-glute-bridge-isometric-with-alternating-single-leg-extension,Bodyweight Glute Bridge Isometric with Alternating Single Leg Extension,https://youtu.be/cRCXEFhpBEI?si=6A2YpBsXM9WqT6rW,https://youtu.be/ubuobFi9GH8?si=aysa84_fukw-vhZm,Beginner,beginner,Glutes,Gluteus Maximus,Biceps Femoris|Obliques,Bodyweight,1,,0,Bodyweight,bodyweight|gym,Single Leg Bridge,No Arms,Continuous,No Grip,No Load,Alternating,No Elevation,Single Exercise,Isometric Hold|Hip Extension,Sagittal Plane,Lower Body,,Compound,Unilateral,Bodybuilding
bodyweight-hamstring-walkout,Bodyweight Hamstring Walkout,https://youtu.be/GcV2LB0qqnY?si=PoIiYCAOL0uaDuPR,https://youtu.be/EbOE-ATUND4,Novice,beginner,Hamstrings,Biceps Femoris,Gluteus Maximus,Bodyweight,1,,0,Bodyweight,bodyweight|gym,Bridge,No Arms,Continuous,No Grip,No Load,Alternating,No Elevation,Single Exercise,Knee Dominant,Sagittal Plane,Lower Body,,Compound,Unilateral,
bodyweight-hand-assisted-calf-raise,Bodyweight Hand Assisted Calf Raise,https://youtu.be/HwG4_WIMB7g?si=ly2SGRWM5lHuzOHF,,Beginner,beginner,Calves,Gastrocnemius,Soleus|Tibialis Posterior,Bodyweight,1,,0,Bodyweight,bodyweight|gym,Standing,Double Arm,Continuous,Hand Assisted,No Load,Continuous,No Elevation,Single Exercise,Ankle Plantar Flexion,Sagittal Plane,Lower Body,Push,Isolation,Bilateral,Bodybuilding
bodyweight-hand-assisted-feet-elevated-calf-raise,Bodyweight Hand Assisted Feet Elevated Calf Raise,https://youtu.be/JUDbOvgH6AQ?si=p3CkDDLIlKjuufVF,,Beginner,beginner,Calves,Gastrocnemius,Soleus|Tibialis Anterior,Bodyweight,1,,0,Bodyweight,bodyweight|gym,Standing,Double Arm,Continuous,Hand Assisted,No Load,Continuous,Toes Elevated,Single Exercise,Ankle Plantar Flexion,Sagittal Plane,Lower Body,Push,Isolation,Bilateral,Bodybuilding
bodyweight-hand-assisted-foot-elevated-knee-over-toe-split-squat,Bodyweight Hand Assisted Foot Elevated Knee Over Toe Split Squat,https://youtu.be/hTBEkHf8GmA,,Beginner,beginner,Quadriceps,Quadriceps Femoris,Gluteus Maximus|Soleus,Bodyweight,1,,0,Bodyweight,bodyweight|gym,Knee Over Toe Split Squat,Single Arm,Continuous,Hand Assisted,No Load,Continuous,Foot Elevated (Front),Single Exercise,Knee Dominant,Sagittal Plane,Lower Body,Push,Compound,Unilateral,Bodybuilding
bodyweight-hand-assisted-foot-elevated-single-leg-calf-raise,Bodyweight Hand Assisted Foot Elevated Single Leg Calf Raise,https://youtu.be/5hkhz_nMuws?si=gPxN6_F1w9qQdHvy,,Novice,beginner,Calves,Gastrocnemius,Soleus|Tibialis Anterior,Bodyweight,1,,0,Bodyweight,bodyweight|gym,Single Leg Standing,Double Arm,Continuous,Hand Assisted,No Load,Continuous,Toes Elevated,Single Exercise,Ankle Plantar Flexion,Sagittal Plane,Lower Body,Push,Isolation,Unilateral,Bodybuilding
bodyweight-hand-assisted-hawaiian-squat,Bodyweight Hand Assisted Hawaiian Squat,https://youtu.be/qnw_7_U_fJU?si=0CZNhyLC07DBXGKk,,Intermediate,intermediate,Quadriceps,Quadriceps Femoris,Gluteus Maximus,Bodyweight,1,,0,Bodyweight,bodyweight|gym,Single Leg Standing,Double Arm,Alternating,Hand Assisted,No Load,Continuous,No Elevation,Single Exercise,Knee Dominant,Sagittal Plane,Lower Body,Push,Compound,Unilateral,Calisthenics
bodyweight-hand-assisted-knee-over-toe-split-squat,Bodyweight Hand Assisted Knee Over Toe Split Squat,https://youtu.be/gBSQOdjjKcc?si=oEXgjHk6m5c-o7MS,https://youtu.be/gx-CSuRFcDQ?si=G9h39jrXLFldESBC,Beginner,beginner,Quadriceps,Quadriceps Femoris,Gluteus Maximus|Soleus,Bodyweight,1,,0,Bodyweight,bodyweight|gym,Knee Over Toe Split Squat,Single Arm,Continuous,Hand Assisted,No Load,Continuous,No Elevation,Single Exercise,Knee Dominant,Sagittal Plane,Lower Body,Push,Compound,Unilateral,Bodybuilding
bodyweight-hand-assisted-pistol-squat,Bodyweight Hand Assisted Pistol Squat,https://youtu.be/tiA23NSUm7A?si=_N2Va66rdUdrcMpD,,Intermediate,intermediate,Quadriceps,Quadriceps Femoris,Gluteus Maximus,Bodyweight,1,,0,Bodyweight,bodyweight|gym,Single Leg Standing,Double Arm,Alternating,Hand Assisted,No Load,Continuous,No Elevation,Single Exercise,Knee Dominant,Sagittal Plane,Lower Body,Push,Compound,Unilateral,Calisthenics
bodyweight-hand-assisted-shrimp-squat,Bodyweight Hand Assisted Shrimp Squat,https://youtu.be/c-g9fmlQ5l4?si=-RKC_mk2P8oIA0kz,https://youtu.be/tnGZCMjgbwg?si=4jYhF3_3VgOsqZwj,Intermediate,intermediate,Quadriceps,Quadriceps Femoris,Gluteus Maximus,Bodyweight,1,,0,Bodyweight,bodyweight|gym,Single Leg Standing,Double Arm,Continuous,Hand Assisted,No Load,Continuous,No Elevation,Single Exercise,Knee Dominant,Sagittal Plane,Lower Body,Push,Compound,Unilateral,Calisthenics
bodyweight-hand-assisted-single-leg-calf-raise,Bodyweight Hand Assisted Single Leg Calf Raise,https://youtu.be/5hkhz_nMuws?si=M_cdEJeEYZLJJD6j,https://youtu.be/OG3OgpXsirQ?si=P1K2mbeIf5RN75wg,Novice,beginner,Calves,Gastrocnemius,Soleus|Tibialis Posterior,Bodyweight,1,,0,Bodyweight,bodyweight|gym,Single Leg Standing,Double Arm,Continuous,Hand Assisted,No Load,Continuous,No Elevation,Single Exercise,Ankle Plantar Flexion,Sagittal Plane,Lower Body,Push,Isolation,Unilateral,Bodybuilding
bodyweight-hand-assisted-sissy-squat,Bodyweight Hand Assisted Sissy Squat,https://youtu.be/nNAssQ-4HjA?si=wsCriUBiz-jLsGEk,https://youtu.be/A0Vt-TcdwF8?si=Rg0aoGihOOY9RmnO,Novice,beginner,Quadriceps,Quadriceps Femoris,Gluteus Maximus,Bodyweight,1,,0,Bodyweight,bodyweight|gym,Standing,Double Arm,Continuous,Hand Assisted,No Load,Continuous,No Elevation,Single Exercise,Knee Dominant,Sagittal Plane,Lower Body,Push,Compound,Bilateral,Bodybuilding
bodyweight-hand-assisted-skater-squat,Bodyweight Hand Assisted Skater Squat,https://youtu.be/DExb7UaAlbg,,Novice,beginner,Quadriceps,Quadriceps Femoris,Gluteus Maximus,Bodyweight,1,,0,Bodyweight,bodyweight|gym,Single Leg Standing,Single Arm,Continuous,Hand Assisted,No Load,Continuous,No Elevation,Single Exercise,Knee Dominant,Sagittal Plane,Lower Body,Push,Compound,Unilateral,Calisthenics
bodyweight-hand-assisted-split-squat,Bodyweight Hand Assisted Split Squat,https://youtu.be/WRCsxtCfrEE,,Beginner,beginner,Quadriceps,Quadriceps Femoris,Gluteus Maximus|Biceps Femoris,Bodyweight,1,,0,Bodyweight,bodyweight|gym,Split Squat,Single Arm,Continuous,Hand Assisted,No Load,Continuous,No Elevation,Single Exercise,Knee Dominant,Sagittal Plane,Lower Body,Push,Compound,Unilateral,Bodybuilding
bodyweight-hawaiian-squat,Bodyweight Hawaiian Squat,https://youtu.be/6mefiFE8CVM?si=KyPC_eM0qqnT8F_x,https://youtu.be/Tm9u4Lahm7s?si=XSf1ikmSQUlIL9OF,Advanced,advanced,Quadriceps,Quadriceps Femoris,Gluteus Maximus,Bodyweight,1,,0,Bodyweight,bodyweight|gym,Single Leg Standing,No Arms,Continuous,No Grip,No Load,Continuous,No Elevation,Single Exercise,Knee Dominant,Sagittal Plane,Lower Body,Push,Compound,Unilateral,Calisthenics
bodyweight-hip-thrust,Bodyweight Hip Thrust,https://youtu.be/OAhvIWLC0rc,,Beginner,beginner,Glutes,Gluteus Maximus,Biceps Femoris|Quadriceps Femoris,Bodyweight,1,Bench (Flat),1,Bodyweight|Bench (Flat),bodyweight|gym,Bridge,No Arms,Continuous,No Grip,No Load,Continuous,No Elevation,Single Exercise,Hip Extension,Sagittal Plane,Lower Body,,Compound,Bilateral,Bodybuilding
bodyweight-hollow-body-flutter-kicks,Bodyweight Hollow Body Flutter Kicks,https://youtu.be/-UVAa92y1r4?si=CIm_rryJMtDs0TPj,https://youtu.be/SnoeNEynaXo?si=N-b7r6M6EqsxD6_z,Novice,beginner,Abdominals,Rectus Abdominis,Iliopsoas,Bodyweight,1,,0,Bodyweight,bodyweight|gym,Supine,Double Arm,Continuous,No Grip,No Load,Alternating,No Elevation,Single Exercise,Isometric Hold,Sagittal Plane,Core,Other,Compound,Unilateral,
bodyweight-hollow-body-hold,Bodyweight Hollow Body Hold,https://youtu.be/4xRpGgttca8,https://youtu.be/hf00_b2sRdc,Novice,beginner,Abdominals,Rectus Abdominis,,Bodyweight,1,,0,Bodyweight,bodyweight|gym,Supine,Double Arm,Continuous,No Grip,No Load,Continuous,No Elevation,Single Exercise,Isometric Hold,Sagittal Plane,Core,Other,Compound,Bilateral,
bodyweight-hollow-body-rock,Bodyweight Hollow Body Rock,https://youtu.be/p7j02V1fIzU,https://youtu.be/hbsljZvfp6E,Intermediate,intermediate,Abdominals,Rectus Abdominis,,Bodyweight,1,,0,Bodyweight,bodyweight|gym,Supine,Double Arm,Continuous,No Grip,No Load,Continuous,No Elevation,Single Exercise,Isometric Hold,Sagittal Plane,Core,Other,Compound,Bilateral,
bodyweight-in-and-out-squat-jump,Bodyweight In and Out Squat Jump,https://youtu.be/5KT8dr-J65U?si=YGtdHgvAy0DIgmt5,https://youtu.be/ZAK9zuAmEgM?si=gG1N5knGSir6hDQP,Novice,beginner,Quadriceps,Quadriceps Femoris,Gluteus Maximus,Bodyweight,1,,0,Bodyweight,bodyweight|gym,Standing,No Arms,Continuous,No Grip,No Load,Continuous,No Elevation,Single Exercise,Knee Dominant,Frontal Plane|Sagittal Plane,Lower Body,Push,Compound,Bilateral,Plyometric
bodyweight-ipsilateral-bird-dog,Bodyweight Ipsilateral Bird Dog,https://youtu.be/8e1m4FNO7t8,,Advanced,advanced,Abdominals,Rectus Abdominis,Gluteus Maximus|Erector Spinae,Bodyweight,1,,0,Bodyweight,bodyweight|gym,Quadruped,Single Arm,Continuous,Flat Palm,No Load,Continuous,No Elevation,Single Exercise,Anti-Rotational,Sagittal Plane,Core,Other,Compound,Ipsilateral,
bodyweight-isometric-split-squat-calf-raise,Bodyweight Isometric Split Squat Calf Raise,https://youtu.be/pM_ycFCgDxU?si=YT2fo22-rIu4kKPM,,Intermediate,intermediate,Calves,Soleus,Gastrocnemius|Quadriceps Femoris,Bodyweight,1,,0,Bodyweight,bodyweight|gym,Isometric Split Squat,No Arms,Continuous,No Grip,No Load,Continuous,No Elevation,Single Exercise,Ankle Plantar Flexion|Isometric Hold,Sagittal Plane,Lower Body,Push,Compound,Unilateral,Balance
bodyweight-isometric-split-squat-foot-elevated-calf-raise,Bodyweight Isometric Split Squat Foot Elevated Calf Raise,https://youtu.be/mdl2K7zkcQ8?si=HIQ62ZGgxGxvMCfb,https://youtu.be/9oFtS1mmQqI?si=xhMPJdIcP3qhe0rX,Intermediate,intermediate,Calves,Soleus,Gastrocnemius|Quadriceps Femoris,Bodyweight,1,,0,Bodyweight,bodyweight|gym,Isometric Split Squat,No Arms,Continuous,No Grip,No Load,Continuous,Toes Elevated,Single Exercise,Ankle Plantar Flexion|Isometric Hold,Sagittal Plane,Lower Body,Push,Compound,Unilateral,Balance
bodyweight-isometric-split-squat-hold,Bodyweight Isometric Split Squat Hold,https://youtu.be/36kJjDfMHIc?feature=shared,https://youtu.be/-gxiBbZ32Zw?si=FIJP1q9xE4M3IGeJ,Novice,beginner,Quadriceps,Quadriceps Femoris,Gluteus Maximus,Bodyweight,1,,0,Bodyweight,bodyweight|gym,Isometric Split Squat,No Arms,Continuous,No Grip,No Load,Continuous,No Elevation,Single Exercise,Isometric Hold|Knee Dominant,Sagittal Plane,Lower Body,Other,Compound,Unilateral,Balance
bodyweight-knee-hover-bird-dog,Bodyweight Knee Hover Bird Dog,https://youtu.be/fGaqVUHB1aA,,Intermediate,intermediate,Abdominals,Rectus Abdominis,Gluteus Maximus|Erector Spinae,Bodyweight,1,,0,Bodyweight,bodyweight|gym,Knee Hover Quadruped,Single Arm,Alternating,Flat Palm,No Load,Alternating,No Elevation,Single Exercise,Anti-Rotational,Sagittal Plane,Core,Other,Compound,Contralateral,Postural
bodyweight-knee-hover-quadruped-fire-hydrant,Bodyweight Knee Hover Quadruped Fire Hydrant,https://youtu.be/8nmBvZ1DkKQ?si=RUcdU_JPDGU_yIWv,,Intermediate,intermediate,Glutes,Gluteus Maximus,Gluteus Medius|Gluteus Minimus,Bodyweight,1,,0,Bodyweight,bodyweight|gym,Knee Hover Quadruped,Double Arm,Continuous,Flat Palm,No Load,Continuous,No Elevation,Single Exercise,Hip External Rotation|Isometric Hold,Transverse Plane,Lower Body,Other,Isolation,Unilateral,
bodyweight-knee-over-toe-split-squat,Bodyweight Knee Over Toe Split Squat,https://youtu.be/ufsoFnFCqA4,https://youtu.be/g6KrlrOq4mw,Beginner,beginner,Quadriceps,Quadriceps Femoris,Gluteus Maximus|Soleus,Bodyweight,1,,0,Bodyweight,bodyweight|gym,Knee Over Toe Split Squat,No Arms,Continuous,No Grip,No Load,Continuous,No Elevation,Single Exercise,Knee Dominant,Sagittal Plane,Lower Body,Push,Compound,Unilateral,Bodybuilding
bodyweight-kneeling-forearm-plank,Bodyweight Kneeling Forearm Plank,https://youtu.be/Ns1NS9ThNhI,https://youtu.be/5HyOjaj7atU,Beginner,beginner,Abdominals,Rectus Abdominis,,Bodyweight,1,,0,Bodyweight,bodyweight|gym,Prone,Double Arm,Continuous,Forearm,No Load,Continuous,No Elevation,Single Exercise,Anti-Extension,Frontal Plane,Core,Other,Compound,Bilateral,Calisthenics
bodyweight-kneeling-push-up,Bodyweight Kneeling Push Up,https://youtu.be/TBpk09QuVN8,https://youtu.be/utzhPQuXWcA,Beginner,beginner,Chest,Pectoralis Major,Triceps Brachii|Anterior Deltoids,Bodyweight,1,,0,Bodyweight,bodyweight|gym,Kneeling,Double Arm,Continuous,Flat Palm,No Load,Continuous,No Elevation,Single Exercise,Horizontal Push,Sagittal Plane,Upper Body,Push,Compound,Bilateral,Calisthenics
bodyweight-kneeling-side-plank,Bodyweight Kneeling Side Plank,https://youtu.be/PAHxwhBVsYY?si=pym-tzPNwmH8zNeP,https://youtu.be/3FhVhuvZgjc,Beginner,beginner,Abdominals,Obliques,Rectus Abdominis,Bodyweight,1,,0,Bodyweight,bodyweight|gym,Side Plank,Single Arm,Continuous,Forearm,No Load,Continuous,No Elevation,Single Exercise,Anti-Lateral Flexion,Frontal Plane,Core,Other,Compound,Unilateral,Calisthenics
bodyweight-l-sit,Bodyweight L Sit,https://youtu.be/pO4BH0dKCIY?si=qKwpWcDltQZ0K61z,https://youtu.be/IUZJoSP66HI?si=4Rss_iv_l3qXCY_0,Expert,advanced,Abdominals,Rectus Abdominis,,Bodyweight,1,,0,Bodyweight,bodyweight|gym,L Sit,Double Arm,Continuous,Flat Palm,No Load,Continuous,No Elevation,Single Exercise,Isometric Hold,Sagittal Plane,Core,Other,Compound,Bilateral,Calisthenics
bodyweight-lateral-bear-crawl,Bodyweight Lateral Bear Crawl,https://youtu.be/JLtXEZAwNxQ?feature=shared,,Novice,beginner,Abdominals,Rectus Abdominis,,Bodyweight,1,,0,Bodyweight,bodyweight|gym,Knee Hover Quadruped,Double Arm,Alternating,Flat Palm,No Load,Alternating,No Elevation,Single Exercise,,Frontal Plane,Core,Other,Compound,Bilateral,Animal Flow
bodyweight-lateral-box-jump,Bodyweight Lateral Box Jump,https://youtu.be/GFdBbtdUfIU?si=GoMi96WWph2nlJpr,https://youtu.be/bNHwR90FO0I?si=QZlMLdh6UGORYnRa,Intermediate,intermediate,Quadriceps,Quadriceps Femoris,Gluteus Maximus|Biceps Femoris,Bodyweight,1,Plyo Box,1,Bodyweight|Plyo Box,bodyweight|gym,Standing,No Arms,Continuous,No Grip,No Load,Continuous,Feet Elevated,Single Exercise,Knee Dominant,Frontal Plane,Lower Body,Push,Compound,Bilateral,Plyometric
bodyweight-lateral-lunge,Bodyweight Lateral Lunge,https://youtu.be/vwOrd9umMOc?si=dTiEBNYBRJajSW4a,https://youtu.be/4NlJdSzHeUg?si=2E1_ojqfTLq4NlAF,Beginner,beginner,Quadriceps,Quadriceps Femoris,Gluteus Maximus|Adductor Magnus,Bodyweight,1,,0,Bodyweight,bodyweight|gym,Standing,No Arms,Continuous,No Grip,No Load,Continuous,No Elevation,Single Exercise,Knee Dominant,Frontal Plane,Lower Body,Push,Compound,Unilateral,Bodybuilding
bodyweight-loaded-beast-to-alternating-kick-through,Bodyweight Loaded Beast to Alternating Kick Through,https://youtu.be/lhh2tGD_47g,,Intermediate,intermediate,Abdominals,Rectus Abdominis,,Bodyweight,1,,0,Bodyweight,bodyweight|gym,Knee Hover Quadruped,Double Arm,Alternating,Flat Palm,No Load,Alternating,No Elevation,Single Exercise,,Sagittal Plane,Core,Other,Compound,Unilateral,Animal Flow
bodyweight-low-switch-cossack-squat,Bodyweight Low Switch Cossack Squat,https://youtu.be/sj_bFtL9Oy4?si=osmoYlG_O5Fs6lPE,,Beginner,beginner,Quadriceps,Quadriceps Femoris,Adductor Magnus|Gluteus Maximus,Bodyweight,1,,0,Bodyweight,bodyweight|gym,Standing,No Arms,Continuous,No Grip,No Load,Alternating,No Elevation,Single Exercise,Knee Dominant,Frontal Plane,Lower Body,Push,Compound,Unilateral,Bodybuilding
bodyweight-manna,Bodyweight Manna,https://youtu.be/L7reIo5f6uo,https://youtu.be/5TUXFB7k19w,Grand Master,advanced,Abdominals,Rectus Abdominis,,Bodyweight,1,,0,Bodyweight,bodyweight|gym,Other,Double Arm,Continuous,Flat Palm,No Load,Continuous,No Elevation,Single Exercise,Isometric Hold,Sagittal Plane,Full Body,,Compound,Bilateral,
bodyweight-march,Bodyweight March,https://youtu.be/3Lc1n1iXM7s?si=7mcqsAivpC6eUgMu,,Beginner,beginner,Hip Flexors,Iliopsoas,Rectus Abdominis|Gluteus Medius,Bodyweight,1,,0,Bodyweight,bodyweight|gym,March,No Arms,Continuous,No Grip,No Load,Alternating,No Elevation,Single Exercise,Locomotion,Sagittal Plane,Core,Other,Compound,Unilateral,Balance
bodyweight-mountain-climber,Bodyweight Mountain Climber,https://youtu.be/kLh-uczlPLg?si=WfwS9PlCOc9d1t1N,https://youtu.be/cnyTQDSE884?si=-R4zNi4l233bGK8A,Novice,beginner,Abdominals,Rectus Abdominis,Iliopsoas|Anterior Deltoids,Bodyweight,1,,0,Bodyweight,bodyweight|gym,Prone,Double Arm,Continuous,Flat Palm,No Load,Alternating,No Elevation,Single Exercise,Anti-Extension|Spinal Flexion,Sagittal Plane,Core,Other,Compound,Unilateral,Calisthenics
bodyweight-nordic-hamstring-curl,Bodyweight Nordic Hamstring Curl,https://youtu.be/kjv4WQXWl_A,https://youtu.be/yfBOocr2fHA,Advanced,advanced,Hamstrings,Biceps Femoris,Gluteus Maximus,Bodyweight,1,,0,Bodyweight,bodyweight|gym,Tall Kneeling,No Arms,Continuous,No Grip,No Load,Continuous,No Elevation,Single Exercise,Knee Dominant,Sagittal Plane,Lower Body,Pull,Isolation,Bilateral,
bodyweight-pike-press-handstand,Bodyweight Pike Press Handstand,https://youtu.be/5qjQF8Bwk9Y?si=hKn5hERkDvTWUSxe,,Expert,advanced,Shoulders,Anterior Deltoids,Triceps Brachii,Bodyweight,1,,0,Bodyweight,bodyweight|gym,Inverted,Double Arm,Continuous,Flat Palm,No Load,Continuous,No Elevation,Single Exercise,Vertical Push,Sagittal Plane,Upper Body,Push,Compound,Bilateral,Calisthenics
bodyweight-pike-push-up,Bodyweight Pike Push Up,https://youtu.be/QIZ6RXq72ZI,https://youtu.be/2avz4xI25vQ,Intermediate,intermediate,Shoulders,Anterior Deltoids,Triceps Brachii,Bodyweight,1,,0,Bodyweight,bodyweight|gym,Inverted,Double Arm,Continuous,Flat Palm,No Load,Continuous,No Elevation,Single Exercise,Vertical Push,Sagittal Plane,Upper Body,Push,Compound,Bilateral,Calisthenics
bodyweight-pistol-squat,Bodyweight Pistol Squat,https://youtu.be/qDcniqddTeE?si=G4KPahZUmlQQChZ_,https://youtu.be/hHxm3VbuS-w,Advanced,advanced,Quadriceps,Quadriceps Femoris,Gluteus Maximus,Bodyweight,1,,0,Bodyweight,bodyweight|gym,Single Leg Standing,No Arms,Continuous,No Grip,No Load,Continuous,No Elevation,Single Exercise,Knee Dominant,Sagittal Plane,Lower Body,Push,Compound,Unilateral,Calisthenics
bodyweight-plate-assisted-hip-airplane,Bodyweight Plate Assisted Hip Airplane,https://youtu.be/0JAmWCoB7ec?si=aUSwxvV3VwO7Fqfi,https://youtu.be/HnR7Nz02Mms?si=okd1w8RUIAa6uBdA,Intermediate,intermediate,Glutes,Gluteus Medius,Gluteus Minimus,Bodyweight,1,Weight Plate,1,Bodyweight|Weight Plate,bodyweight|gym,Standing,Double Arm,Continuous,Hand Assisted,No Load,Continuous,No Elevation,Single Exercise,Rotational|Hip External Rotation|Hip Internal Rotation,Transverse Plane,Lower Body,,Compound,Unilateral,
bodyweight-plate-plyometric-push-up,Bodyweight Plate Plyometric Push Up,https://youtu.be/jmzZ2wQdXao,https://youtu.be/zjEHDw569b0,Intermediate,intermediate,Chest,Pectoralis Major,Triceps Brachii|Anterior Deltoids,Bodyweight,1,,0,Bodyweight,bodyweight|gym,Prone,Double Arm,Continuous,Flat Palm,No Load,Continuous,No Elevation,Single Exercise,Horizontal Push,Sagittal Plane,Upper Body,Push,Compound,Bilateral,Plyometric
bodyweight-prone-cobra,Bodyweight Prone Cobra,https://youtu.be/NZSBjpVpvw8?si=lyk8zIAtzX2ETUc_,https://youtu.be/0RAs3-Yx8oo?si=bbVyMH6ocCggjG5u,Beginner,beginner,Back,Erector Spinae,,Bodyweight,1,,0,Bodyweight,bodyweight|gym,Prone,Double Arm,Continuous,No Grip,No Load,Continuous,No Elevation,Single Exercise,Spinal Extension,Sagittal Plane,Upper Body,,Isolation,Bilateral,Postural
bodyweight-pseudo-planche-lean,Bodyweight Pseudo Planche Lean,https://youtu.be/KMCZ6Pjg9_k?si=qLUPw94vxQVVs7nw,https://youtu.be/wKV5zVJTYBo?si=Ody40S0RCgcAfrGv,Intermediate,intermediate,Abdominals,Rectus Abdominis,Anterior Deltoids|Pectoralis Major,Bodyweight,1,,0,Bodyweight,bodyweight|gym,Prone,Double Arm,Continuous,Flat Palm,No Load,Continuous,No Elevation,Single Exercise,Isometric Hold,Sagittal Plane,Upper Body,Other,Compound,Bilateral,Calisthenics
bodyweight-pseudo-planche-push-up,Bodyweight Pseudo Planche Push Up,https://youtu.be/lpZUsYQVwuE,,Advanced,advanced,Chest,Pectoralis Major,Anterior Deltoids,Bodyweight,1,,0,Bodyweight,bodyweight|gym,Prone,Double Arm,Continuous,Flat Palm,No Load,Continuous,No Elevation,Single Exercise,Horizontal Push,Sagittal Plane,Upper Body,Push,Compound,Bilateral,Calisthenics
bodyweight-push-up,Bodyweight Push Up,https://youtu.be/_l3ySVKYVJ8?si=PZh3DAAcRNF9txaZ,https://youtu.be/IODxDxX7oi4?si=WwbQkUnT1DXcYujC,Novice,beginner,Chest,Pectoralis Major,Triceps Brachii,Bodyweight,1,,0,Bodyweight,bodyweight|gym,Prone,Double Arm,Continuous,Flat Palm,No Load,Continuous,No Elevation,Single Exercise,Horizontal Push,Sagittal Plane,Upper Body,Push,Compound,Bilateral,Calisthenics
bodyweight-push-up-to-alternating-kick-through,Bodyweight Push Up to Alternating Kick Through,https://youtu.be/wcBXDGhqnBU,,Intermediate,intermediate,Chest,Pectoralis Major,Rectus Abdominis,Bodyweight,1,,0,Bodyweight,bodyweight|gym,Prone,Double Arm,Alternating,Flat Palm,No Load,Alternating,No Elevation,Combo Exercise,Horizontal Push,Sagittal Plane,Upper Body,Push,Compound,Unilateral,Animal Flow
bodyweight-quadruped-hip-extension,Bodyweight Quadruped Hip Extension,https://youtu.be/1UwyzWjFx5k,,Beginner,beginner,Glutes,Gluteus Maximus,,Bodyweight,1,,0,Bodyweight,bodyweight|gym,Quadruped,Double Arm,Continuous,Flat Palm,No Load,Continuous,No Elevation,Single Exercise,Hip Extension,Sagittal Plane,Lower Body,,Isolation,Unilateral,
bodyweight-reverse-crunch,Bodyweight Reverse Crunch,https://youtu.be/aIyadD7d7OA?si=I96m4yP0SA4lVKvH,https://youtu.be/YDvaOlhaA1U?si=4UJmTafdK-goIcb5,Beginner,beginner,Abdominals,Rectus Abdominis,Iliopsoas|Obliques,Bodyweight,1,,0,Bodyweight,bodyweight|gym,Supine,No Arms,Continuous,No Grip,Other,Continuous,No Elevation,Single Exercise,Spinal Flexion,Sagittal Plane,Core,Other,Compound,Bilateral,
bodyweight-reverse-hyperextension,Bodyweight Reverse Hyperextension,https://youtu.be/UP44YFNMF4A?si=ymXfKPXP3jXmkT4j,,Novice,beginner,Glutes,Gluteus Maximus,,Bodyweight,1,Bench (Flat),1,Bodyweight|Bench (Flat),bodyweight|gym,Prone,Double Arm,Continuous,Neutral,No Load,Continuous,No Elevation,Single Exercise,Hip Extension,Sagittal Plane,Lower Body,,Isolation,Bilateral,Bodybuilding
bodyweight-reverse-lunge,Bodyweight Reverse Lunge,https://youtu.be/U7Nrwyu6Uqo?si=i10Myq56LE1Wlzzn,https://youtu.be/qeJ3Si5r5y0?si=dVhY6YtUfCR-tcMl,Beginner,beginner,Quadriceps,Quadriceps Femoris,Gluteus Maximus|Biceps Femoris,Bodyweight,1,,0,Bodyweight,bodyweight|gym,Standing,No Arms,Continuous,No Grip,No Load,Continuous,No Elevation,Single Exercise,Knee Dominant,Sagittal Plane,Lower Body,Push,Compound,Unilateral,Bodybuilding
bodyweight-reverse-nordic,Bodyweight Reverse Nordic,https://youtu.be/GbpDfXXKuk0?si=IsPMd_J3d72xrMcZ,https://youtu.be/01-EDOql4zI,Intermediate,intermediate,Quadriceps,Quadriceps Femoris,,Bodyweight,1,,0,Bodyweight,bodyweight|gym,Tall Kneeling,No Arms,Continuous,No Grip,No Load,Continuous,No Elevation,Single Exercise,Knee Dominant,Sagittal Plane,Lower Body,,Isolation,Bilateral,
bodyweight-reverse-plank,Bodyweight Reverse Plank,https://youtu.be/_oFQ3G5iwtc?si=3F2p69DpOKAmGXoE,,Novice,beginner,Abdominals,Rectus Abdominis,Gluteus Maximus|Erector Spinae,Bodyweight,1,,0,Bodyweight,bodyweight|gym,Supine,Double Arm,Continuous,Flat Palm,No Load,Continuous,No Elevation,Single Exercise,Anti-Flexion,Sagittal Plane,Core,Other,Compound,Bilateral,Calisthenics
bodyweight-rolling-squat-burpee,Bodyweight Rolling Squat Burpee,https://youtu.be/phmcox-C8iA,https://youtu.be/_q7JUuOVKS4,Advanced,advanced,Chest,Pectoralis Major,Triceps Brachii|Anterior Deltoids,Bodyweight,1,,0,Bodyweight,bodyweight|gym,Standing,Double Arm,Continuous,Flat Palm,No Load,Continuous,No Elevation,Single Exercise,,Sagittal Plane,Full Body,Push,Compound,Bilateral,Plyometric
bodyweight-russian-step-up,Bodyweight Russian Step Up,https://youtu.be/T0aGAd4z8_g?si=LLndgNIkangYyqvf,,Novice,beginner,Quadriceps,Quadriceps Femoris,Gluteus Maximus|Iliopsoas,Bodyweight,1,Plyo Box,1,Bodyweight|Plyo Box,bodyweight|gym,Single Leg Standing Bent Knee,No Arms,Continuous,No Grip,No Load,Continuous,Foot Elevated (Front),Single Exercise,Knee Dominant,Sagittal Plane,Lower Body,Push,Compound,Unilateral,Balance
bodyweight-russian-twist,Bodyweight Russian Twist,https://youtu.be/m-dlg3v8SkY?si=KI1hgOAtTqI0ty6r,https://youtu.be/hg7xqoWmYhw?si=cUMpM7AIyf--MpHB,Beginner,beginner,Abdominals,Obliques,Rectus Abdominis|Iliopsoas,Bodyweight,1,,0,Bodyweight,bodyweight|gym,Seated Floor,Double Arm,Continuous,No Grip,No Load,Continuous,No Elevation,Single Exercise,Rotational,Transverse Plane,Core,Other,Compound,Bilateral,
bodyweight-seated-ab-circles,Bodyweight Seated Ab Circles,https://youtu.be/GflQ_ymx9Nw,,Novice,beginner,Abdominals,Rectus Abdominis,,Bodyweight,1,,0,Bodyweight,bodyweight|gym,Seated Floor,No Arms,Continuous,Flat Palm,No Load,Continuous,No Elevation,Single Exercise,Rotational,Transverse Plane,Core,Other,Compound,Bilateral,
bodyweight-seated-wall-angels,Bodyweight Seated Wall Angels,https://youtu.be/_VrAJlhDkIc?si=8vRLbrTcTLygHKZE,,Beginner,beginner,Shoulders,Posterior Deltoids,Infraspinatus|Teres Minor,Bodyweight,1,,0,Bodyweight,bodyweight|gym,Seated Floor,Double Arm,Continuous,No Grip,No Load,Continuous,No Elevation,Single Exercise,Vertical Push,Sagittal Plane,Upper Body,Push,Compound,Bilateral,
bodyweight-shrimp-squat,Bodyweight Shrimp Squat,https://youtu.be/rNsE0g9PeeA?si=zcNMA2u1Mkdf3Opf,https://youtu.be/_FBuC-VPbRY?si=1MwyLFxnUG4qllif,Advanced,advanced,Quadriceps,Quadriceps Femoris,Gluteus Maximus,Bodyweight,1,,0,Bodyweight,bodyweight|gym,Single Leg Standing,Single Arm,Continuous,Neutral,No Load,Continuous,No Elevation,Single Exercise,Knee Dominant,Sagittal Plane,Lower Body,Push,Compound,Unilateral,Calisthenics
bodyweight-side-lying-clamshell,Bodyweight Side Lying Clamshell,https://youtu.be/G3yQITNPIz8?si=V_AVSgSWE_RFAsSE,https://youtu.be/fOCd_nC1HBQ?si=6ti9IkrenmKRDFGm,Beginner,beginner,Glutes,Gluteus Maximus,Gluteus Medius|Gluteus Minimus,Bodyweight,1,,0,Bodyweight,bodyweight|gym,Side Lying,No Arms,Continuous,No Grip,No Load,Continuous,No Elevation,Single Exercise,Hip External Rotation,Transverse Plane,Lower Body,Other,Isolation,Unilateral,Bodybuilding
bodyweight-side-lying-hip-abduction,Bodyweight Side Lying Hip Abduction,https://youtu.be/m6dHgVYxAyc?si=NjK1qTP-dcOSCced,https://youtu.be/n2SmT99Dr70?si=FaG-OeO4Or-lgqGm,Beginner,beginner,Abductors,Gluteus Medius,Gluteus Minimus|Tensor Fasciae Latae,Bodyweight,1,,0,Bodyweight,bodyweight|gym,Side Lying,No Arms,Continuous,No Grip,No Load,Continuous,No Elevation,Single Exercise,Hip Abduction,Frontal Plane,Lower Body,Other,Isolation,Unilateral,Bodybuilding
bodyweight-side-lying-hip-adduction,Bodyweight Side Lying Hip Adduction,https://youtu.be/UW52u8OaWhw?si=WdEOpAR_PSB9x9bR,https://youtu.be/y4BmebZvZRE,Beginner,beginner,Adductors,Adductor Magnus,,Bodyweight,1,,0,Bodyweight,bodyweight|gym,Side Lying,No Arms,Continuous,No Grip,No Load,Continuous,No Elevation,Single Exercise,Hip Adduction,Frontal Plane,Lower Body,Other,Compound,Unilateral,
bodyweight-side-plank,Bodyweight Side Plank,https://youtu.be/_R389Jk0tIo,https://youtu.be/rCxF2nG9vQ0,Novice,beginner,Abdominals,Obliques,Rectus Abdominis,Bodyweight,1,,0,Bodyweight,bodyweight|gym,Side Plank,Single Arm,Continuous,Forearm,No Load,Continuous,No Elevation,Single Exercise,Anti-Lateral Flexion,Frontal Plane,Core,Other,Compound,Unilateral,Calisthenics
bodyweight-side-plank-reach-through,Bodyweight Side Plank Reach Through,https://youtu.be/7lfNb_zydvQ,https://youtu.be/-ruAdV34H54,Novice,beginner,Abdominals,Obliques,Rectus Abdominis,Bodyweight,1,,0,Bodyweight,bodyweight|gym,Side Plank,Single Arm,Continuous,Forearm,No Load,Continuous,No Elevation,Single Exercise,Anti-Lateral Flexion|Spinal Rotational,Transverse Plane,Core,Other,Compound,Unilateral,Calisthenics
bodyweight-single-arm-contralateral-single-leg-push-up,Bodyweight Single Arm Contralateral Single Leg Push Up,https://youtu.be/I6f7uUmozDY,,Expert,advanced,Chest,Pectoralis Major,Rectus Abdominis,Bodyweight,1,,0,Bodyweight,bodyweight|gym,Prone,Single Arm,Continuous,Flat Palm,No Load,Continuous,No Elevation,Single Exercise,Horizontal Push,Sagittal Plane,Upper Body,Push,Compound,Contralateral,Calisthenics
bodyweight-single-arm-l-sit,Bodyweight Single Arm L Sit,https://youtu.be/l-7PDo_nf-c?si=SV8BnhirXI2QflsN,,Master,advanced,Abdominals,Rectus Abdominis,,Bodyweight,1,,0,Bodyweight,bodyweight|gym,L Sit,Single Arm,Continuous,Flat Palm,No Load,Continuous,No Elevation,Single Exercise,Isometric Hold,Sagittal Plane,Core,Other,Compound,Unilateral,Calisthenics
bodyweight-single-arm-push-up,Bodyweight Single Arm Push Up,https://youtu.be/CQ6VEzQAI7w?si=_nTW1Yq_iP18uBgt,https://youtu.be/azjQG10quYw,Advanced,advanced,Chest,Pectoralis Major,Triceps Brachii|Anterior Deltoids,Bodyweight,1,,0,Bodyweight,bodyweight|gym,Prone,Single Arm,Continuous,Flat Palm,No Load,Continuous,No Elevation,Single Exercise,Horizontal Push|Anti-Rotational,Sagittal Plane,Upper Body,Push,Compound,Unilateral,Calisthenics
bodyweight-single-leg-box-jump,Bodyweight Single Leg Box Jump,https://youtu.be/ENZjCX9HjVI?si=gdLZCVhHGqq16S_R,https://youtu.be/LDU_yVvp7pA?si=MGZ7zoqpg43J_Iej,Advanced,advanced,Quadriceps,Quadriceps Femoris,Gluteus Maximus|Biceps Femoris,Bodyweight,1,Plyo Box,1,Bodyweight|Plyo Box,bodyweight|gym,Single Leg Standing,No Arms,Continuous,No Grip,No Load,Continuous,Foot Elevated,Single Exercise,Knee Dominant,Sagittal Plane,Lower Body,Push,Compound,Unilateral,Plyometric
bodyweight-single-leg-calf-raise,Bodyweight Single Leg Calf Raise,https://youtu.be/AWBGE0PlYkI?si=INJvlHfbZ6BpG0RT,,Novice,beginner,Calves,Gastrocnemius,Soleus|Tibialis Posterior,Bodyweight,1,,0,Bodyweight,bodyweight|gym,Single Leg Standing,No Arms,Continuous,No Grip,No Load,Continuous,No Elevation,Single Exercise,Ankle Plantar Flexion,Sagittal Plane,Lower Body,Push,Isolation,Unilateral,Bodybuilding
bodyweight-single-leg-foot-elevated-glute-bridge,Bodyweight Single Leg Foot Elevated Glute Bridge,https://youtu.be/I7Zwyzr8COk,https://youtu.be/-sDqY1KTpPE,Novice,beginner,Glutes,Gluteus Maximus,Biceps Femoris|Obliques,Bodyweight,1,,0,Bodyweight,bodyweight|gym,Single Leg Bridge,No Arms,Continuous,No Grip,No Load,Continuous,Foot Elevated,Single Exercise,Hip Extension,Sagittal Plane,Lower Body,,Compound,Unilateral,Bodybuilding
bodyweight-single-leg-glute-bridge,Bodyweight Single Leg Glute Bridge,https://youtu.be/z4J188sFD4g,https://youtu.be/_K_di6h2-Wg,Novice,beginner,Glutes,Gluteus Maximus,Biceps Femoris|Obliques,Bodyweight,1,,0,Bodyweight,bodyweight|gym,Single Leg Bridge,No Arms,Continuous,No Grip,No Load,Continuous,No Elevation,Single Exercise,Hip Extension,Sagittal Plane,Lower Body,,Compound,Unilateral,Bodybuilding
bodyweight-single-leg-hip-thrust,Bodyweight Single Leg Hip Thrust,https://youtu.be/1Dbd7wStRJg?si=Yx13oEQ5A4kl4YJ5,https://youtu.be/qCObDXTe4KY?si=gnfQ6Ju2Wvq1ZkY0,Novice,beginner,Glutes,Gluteus Maximus,Biceps Femoris|Obliques,Bodyweight,1,Bench (Flat),1,Bodyweight|Bench (Flat),bodyweight|gym,Single Leg Bridge,No Arms,Continuous,No Grip,No Load,Continuous,No Elevation,Single Exercise,Hip Extension,Sagittal Plane,Lower Body,,Compound,Unilateral,Bodybuilding
bodyweight-single-leg-romanian-deadlift-jump,Bodyweight Single Leg Romanian Deadlift Jump,https://youtu.be/EmmP-jsvVJE,,Intermediate,intermediate,Hamstrings,Biceps Femoris,Gluteus Maximus|Obliques,Bodyweight,1,,0,Bodyweight,bodyweight|gym,Single Leg Standing,No Arms,Continuous,No Grip,No Load,Continuous,No Elevation,Single Exercise,Hip Hinge,Sagittal Plane,Lower Body,Other,Compound,Unilateral,Plyometric
bodyweight-sissy-squat,Bodyweight Sissy Squat,https://youtu.be/GHvRU4-Guuw?si=NJtNhZAAV3mKCcG-,,Advanced,advanced,Quadriceps,Quadriceps Femoris,Gluteus Maximus,Bodyweight,1,,0,Bodyweight,bodyweight|gym,Standing,No Arms,Continuous,No Grip,No Load,Continuous,No Elevation,Single Exercise,Knee Dominant,Sagittal Plane,Lower Body,Push,Compound,Bilateral,Bodybuilding
bodyweight-sit-up,Bodyweight Sit Up,https://youtu.be/bT8NVeDvuQg?si=paUR-bam-jwd-xPx,https://youtu.be/-WSon5E798w,Novice,beginner,Abdominals,Rectus Abdominis,,Bodyweight,1,,0,Bodyweight,bodyweight|gym,Supine,No Arms,Continuous,Head Supported,No Load,Continuous,No Elevation,Single Exercise,Spinal Flexion,Sagittal Plane,Core,Other,Compound,Bilateral,
bodyweight-skater-jump,Bodyweight Skater Jump,https://youtu.be/CaN4zfIPyXU,https://youtu.be/9_jLW6VkU8A,Intermediate,intermediate,Abductors,Gluteus Medius,Quadriceps Femoris|Gluteus Maximus,Bodyweight,1,,0,Bodyweight,bodyweight|gym,Single Leg Standing,No Arms,Continuous,No Grip,No Load,Alternating,No Elevation,Single Exercise,,Frontal Plane,Lower Body,Push,Compound,Unilateral,Plyometric
bodyweight-skater-squat,Bodyweight Skater Squat,https://youtu.be/kRnLZadW5Q0,,Intermediate,intermediate,Quadriceps,Quadriceps Femoris,Gluteus Maximus,Bodyweight,1,,0,Bodyweight,bodyweight|gym,Single Leg Standing,No Arms,Continuous,No Grip,No Load,Continuous,No Elevation,Single Exercise,Knee Dominant,Sagittal Plane,Lower Body,Push,Compound,Unilateral,Calisthenics
bodyweight-split-squat,Bodyweight Split Squat,https://youtu.be/-aMgxO760L4?si=9gx0HVA_RdsNSgFi,https://youtu.be/Ms7aIhDm0uc?si=pgjcaF14O52_VWTc,Beginner,beginner,Quadriceps,Quadriceps Femoris,Gluteus Maximus|Biceps Femoris,Bodyweight,1,,0,Bodyweight,bodyweight|gym,Split Squat,No Arms,Continuous,No Grip,No Load,Continuous,No Elevation,Single Exercise,Knee Dominant,Sagittal Plane,Lower Body,Push,Compound,Unilateral,
bodyweight-split-squat-jump,Bodyweight Split Squat Jump,https://youtu.be/RtY9kyhuh5I?si=ryQL7SpLXYab74U9,https://youtu.be/J_4uubd0QX8?si=-Iv6OThDGvT5CPwq,Intermediate,intermediate,Quadriceps,Quadriceps Femoris,Gluteus Maximus|Biceps Femoris,Bodyweight,1,,0,Bodyweight,bodyweight|gym,Split Squat,No Arms,Continuous,No Grip,No Load,Continuous,No Elevation,Single Exercise,Knee Dominant,Sagittal Plane,Lower Body,Push,Compound,Unilateral,Plyometric
bodyweight-squat,Bodyweight Squat,https://youtu.be/C_VtOYc6j5c,https://youtu.be/X8DnpBl7Hwk?si=-pUtkTHlnl_1sYvs,Beginner,beginner,Quadriceps,Quadriceps Femoris,Gluteus Maximus,Bodyweight,1,,0,Bodyweight,bodyweight|gym,Standing,No Arms,Continuous,No Grip,No Load,Continuous,No Elevation,Single Exercise,Knee Dominant,Sagittal Plane,Lower Body,Push,Compound,Bilateral,Calisthenics
bodyweight-squat-jump,Bodyweight Squat Jump,https://youtu.be/YGGq0AE5Uyc?si=or6Xddi0YaAkHuXV,,Intermediate,intermediate,Quadriceps,Quadriceps Femoris,Gluteus Maximus,Bodyweight,1,,0,Bodyweight,bodyweight|gym,Standing,No Arms,Continuous,No Grip,No Load,Continuous,No Elevation,Single Exercise,Knee Dominant,Sagittal Plane,Lower Body,Push,Compound,Bilateral,Plyometric
bodyweight-squat-to-bench,Bodyweight Squat to Bench,https://youtu.be/93l0NGCosAE,,Beginner,beginner,Quadriceps,Quadriceps Femoris,Gluteus Maximus,Bodyweight,1,Bench (Flat),1,Bodyweight|Bench (Flat),bodyweight|gym,Standing,No Arms,Continuous,No Grip,No Load,Continuous,No Elevation,Single Exercise,Knee Dominant,Sagittal Plane,Lower Body,Push,Compound,Bilateral,Calisthenics
bodyweight-standing-walkout-plank,Bodyweight Standing Walkout Plank,https://youtu.be/R6SMJ-TzgZo,https://youtu.be/R6SMJ-TzgZo,Intermediate,intermediate,Abdominals,Rectus Abdominis,,Bodyweight,1,,0,Bodyweight,bodyweight|gym,Standing,Double Arm,Alternating,Flat Palm,No Load,Continuous,No Elevation,Single Exercise,Anti-Extension,Sagittal Plane,Core,Other,Compound,Bilateral,Calisthenics
bodyweight-standing-walkout-push-up,Bodyweight Standing Walkout Push Up,https://youtu.be/zR7oQp1Ucq8,,Intermediate,intermediate,Chest,Pectoralis Major,Rectus Abdominis,Bodyweight,1,,0,Bodyweight,bodyweight|gym,Prone,Double Arm,Alternating,Flat Palm,No Load,Continuous,No Elevation,Single Exercise,Horizontal Push,Sagittal Plane,Upper Body,Push,Compound,Bilateral,
bodyweight-standing-wall-angels,Bodyweight Standing Wall Angels,https://youtu.be/pNuHObBC-rg?si=vkl3Eaw-boo60WvV,,Beginner,beginner,Shoulders,Posterior Deltoids,Infraspinatus|Teres Minor,Bodyweight,1,,0,Bodyweight,bodyweight|gym,Standing,Double Arm,Continuous,No Grip,No Load,Continuous,No Elevation,Single Exercise,Vertical Push,Sagittal Plane,Upper Body,Push,Compound,Bilateral,
bodyweight-step-up,Bodyweight Step Up,https://youtu.be/V9ButqpLLcw?si=W7rot5ocLsfGP3zd,https://youtu.be/gF9mAgwFV0U?si=-l753jr2phBx6o3o,Novice,beginner,Quadriceps,Quadriceps Femoris,Gluteus Maximus|Biceps Femoris,Bodyweight,1,Plyo Box,1,Bodyweight|Plyo Box,bodyweight|gym,Standing,No Arms,Continuous,No Grip,No Load,Continuous,Foot Elevated (Front),Single Exercise,Knee Dominant,Sagittal Plane,Lower Body,Push,Compound,Unilateral,Calisthenics
bodyweight-step-up-jump,Bodyweight Step Up Jump,https://youtu.be/bZYAKXoBXGs?si=HbHeFnXtAvKsYndx,,Intermediate,intermediate,Quadriceps,Quadriceps Femoris,Gluteus Maximus|Biceps Femoris,Bodyweight,1,Plyo Box,1,Bodyweight|Plyo Box,bodyweight|gym,Standing,No Arms,Continuous,No Grip,No Load,Continuous,Foot Elevated (Front),Single Exercise,Knee Dominant,Sagittal Plane,Lower Body,Push,Compound,Unilateral,Plyometric
bodyweight-straddle-l-sit,Bodyweight Straddle L Sit,https://youtu.be/XS7Y1jQ-kxs?si=hFDuiao7cTRRHUCT,https://youtu.be/FAkSQE9cLDM?si=8vu1ONbtVyBDEhZQ,Expert,advanced,Abdominals,Rectus Abdominis,,Bodyweight,1,,0,Bodyweight,bodyweight|gym,L Sit,Double Arm,Continuous,Flat Palm,No Load,Continuous,No Elevation,Single Exercise,Isometric Hold,Sagittal Plane,Core,Other,Compound,Bilateral,Calisthenics
bodyweight-straddle-planche,Bodyweight Straddle Planche,https://youtu.be/-huk0Idtr6M?si=mLwa_8pXggDXuFgO,,Expert,advanced,Abdominals,Rectus Abdominis,,Bodyweight,1,,0,Bodyweight,bodyweight|gym,Prone,Double Arm,Continuous,Flat Palm,No Load,Continuous,No Elevation,Single Exercise,Isometric Hold,Sagittal Plane,Full Body,Other,Compound,Bilateral,Calisthenics
bodyweight-straddle-planche-push-up,Bodyweight Straddle Planche Push Up,https://youtu.be/qgNYrUdn1Oo?si=66l491gj5kmLLjA0,,Master,advanced,Chest,Pectoralis Major,Triceps Brachii|Rectus Abdominis,Bodyweight,1,,0,Bodyweight,bodyweight|gym,Prone,Double Arm,Continuous,Flat Palm,No Load,Continuous,No Elevation,Single Exercise,Horizontal Push|Isometric Hold,Sagittal Plane,Full Body,Push,Compound,Bilateral,Calisthenics
bodyweight-straddle-press-handstand,Bodyweight Straddle Press Handstand,https://youtu.be/olR47A-UOYU?si=XvqzFclDvXSJPmsi,,Expert,advanced,Shoulders,Anterior Deltoids,Triceps Brachii,Bodyweight,1,,0,Bodyweight,bodyweight|gym,Inverted,Double Arm,Continuous,Flat Palm,No Load,Continuous,No Elevation,Single Exercise,Vertical Push,Sagittal Plane,Upper Body,Push,Compound,Bilateral,Calisthenics
bodyweight-supine-alternating-single-leg-raise,Bodyweight Supine Alternating Single Leg Raise,https://youtu.be/IUCoqgdvDxU?si=8xtgp1M-mJqke2mR,https://youtu.be/TJITvui4Wwo,Beginner,beginner,Abdominals,Rectus Abdominis,Iliopsoas|Obliques,Bodyweight,1,,0,Bodyweight,bodyweight|gym,Supine,No Arms,Continuous,No Grip,No Load,Alternating,No Elevation,Single Exercise,Hip Flexion,Sagittal Plane,Core,Other,Compound,Unilateral,
bodyweight-supine-leg-raise,Bodyweight Supine Leg Raise,https://youtu.be/q0JVBRHoLz4,,Novice,beginner,Abdominals,Rectus Abdominis,Iliopsoas|Obliques,Bodyweight,1,,0,Bodyweight,bodyweight|gym,Supine,No Arms,Continuous,No Grip,No Load,Continuous,No Elevation,Single Exercise,Hip Flexion,Sagittal Plane,Core,Other,Compound,Bilateral,
bodyweight-tricep-extension,Bodyweight Tricep Extension,https://youtu.be/O8WGl4_aYTQ?si=eq7Ylf5fkEliBcxD,https://youtu.be/4UXZtR-rIoY?si=ggITiNWq8ljjXKSJ,Intermediate,intermediate,Triceps,Triceps Brachii,,Bodyweight,1,,0,Bodyweight,bodyweight|gym,Prone,Double Arm,Continuous,Forearm,No Load,Continuous,No Elevation,Single Exercise,Elbow Extension,Sagittal Plane,Upper Body,Push,Isolation,Bilateral,Calisthenics
bodyweight-tuck-jump,Bodyweight Tuck Jump,https://youtu.be/vgB_eWuvGW8?si=anQ4gfG2ik-Y_uU9,https://youtu.be/r7oBejx1PHM,Novice,beginner,Quadriceps,Quadriceps Femoris,Gluteus Maximus,Bodyweight,1,,0,Bodyweight,bodyweight|gym,Standing,No Arms,Continuous,No Grip,No Load,Continuous,No Elevation,Single Exercise,,Sagittal Plane,Lower Body,,Compound,Bilateral,Plyometric
bodyweight-tuck-l-sit,Bodyweight Tuck L Sit,https://youtu.be/U9Z7WWNm1d4?si=pWSS4MOr8iZXWiNj,https://youtu.be/K-c1xXiUWJE,Advanced,advanced,Abdominals,Rectus Abdominis,,Bodyweight,1,,0,Bodyweight,bodyweight|gym,Tuck L Sit,Double Arm,Continuous,Flat Palm,No Load,Continuous,No Elevation,Single Exercise,Isometric Hold,Sagittal Plane,Core,Other,Compound,Bilateral,Calisthenics
bodyweight-tuck-planche,Bodyweight Tuck Planche,https://youtu.be/VFYZh24e0RI?si=_Vjvy9tWBn4nc7l_,https://youtu.be/mR-8cNSYvYE?si=AV7-k3IZs0hk0Xw4,Advanced,advanced,Abdominals,Rectus Abdominis,Biceps Brachii,Bodyweight,1,,0,Bodyweight,bodyweight|gym,Other,Double Arm,Continuous,Flat Palm,No Load,Continuous,No Elevation,Single Exercise,Isometric Hold,Sagittal Plane,Full Body,Other,Compound,Bilateral,Calisthenics
bodyweight-tuck-planche-push-up,Bodyweight Tuck Planche Push Up,https://youtu.be/U-MgWVM_2-Y?si=-XnkVL5OAVXtyCPu,https://youtu.be/4IISjdSCw5k?si=HWpyENQN5lT6kfEx,Expert,advanced,Chest,Pectoralis Major,Triceps Brachii|Rectus Abdominis,Bodyweight,1,,0,Bodyweight,bodyweight|gym,Other,Double Arm,Continuous,Flat Palm,No Load,Continuous,No Elevation,Single Exercise,Horizontal Push|Isometric Hold,Sagittal Plane,Full Body,Push,Compound,Bilateral,Calisthenics
bodyweight-two-finger-full-planche-push-up,Bodyweight Two Finger Full Planche Push Up,https://youtu.be/CGeBvG5XP7U?si=nGM9dXX2v8dyqJA_,,Legendary,advanced,Chest,Pectoralis Major,Triceps Brachii|Rectus Abdominis,Bodyweight,1,,0,Bodyweight,bodyweight|gym,Prone,Double Arm,Continuous,Fingertip,No Load,Continuous,No Elevation,Single Exercise,Horizontal Push|Isometric Hold,Sagittal Plane,Full Body,Push,Compound,Bilateral,Calisthenics
bodyweight-v-up,Bodyweight V Up,https://youtu.be/7UVgs18Y1P4?si=o0GvxxE-1wAYvgfE,https://youtu.be/WTmnP0xIdq8?si=fMOoyGheRtiFA8qN,Novice,beginner,Abdominals,Rectus Abdominis,Iliopsoas|Obliques,Bodyweight,1,,0,Bodyweight,bodyweight|gym,Supine,Double Arm,Continuous,No Grip,Other,Continuous,No Elevation,Single Exercise,Spinal Flexion,Sagittal Plane,Core,Other,Compound,Bilateral,
bodyweight-walking-lunge,Bodyweight Walking Lunge,https://youtu.be/tlbTz6IamaE,,Beginner,beginner,Quadriceps,Quadriceps Femoris,Gluteus Maximus|Biceps Femoris,Bodyweight,1,,0,Bodyweight,bodyweight|gym,Walking,No Arms,Continuous,No Grip,No Load,Alternating,No Elevation,Single Exercise,Knee Dominant,Sagittal Plane,Lower Body,Push,Compound,Unilateral,Bodybuilding
bodyweight-wall-assisted-hip-airplane,Bodyweight Wall Assisted Hip Airplane,https://youtu.be/20R2FqNUBsA?si=3Nuvhsgux27gQFjW,https://youtu.be/1N2DSsVG2Ww,Intermediate,intermediate,Glutes,Gluteus Medius,Gluteus Minimus,Bodyweight,1,,0,Bodyweight,bodyweight|gym,Standing,Double Arm,Continuous,Hand Assisted,No Load,Continuous,No Elevation,Single Exercise,Rotational|Hip External Rotation|Hip Internal Rotation,Transverse Plane,Lower Body,,Compound,Unilateral,
bodyweight-wall-eccentric-straddle-press-handstand,Bodyweight Wall Eccentric Straddle Press Handstand,https://youtu.be/VVan0yoinV8,,Advanced,advanced,Shoulders,Anterior Deltoids,Triceps Brachii,Bodyweight,1,,0,Bodyweight,bodyweight|gym,Inverted,Double Arm,Continuous,Flat Palm,No Load,Continuous,No Elevation,Single Exercise,Vertical Push,Sagittal Plane,Upper Body,Push,Compound,Bilateral,Calisthenics
bodyweight-wall-facing-handstand,Bodyweight Wall Facing Handstand,https://youtu.be/yHuLx1J9orw,https://youtu.be/FZFkX5of5Vg,Novice,beginner,Shoulders,Anterior Deltoids,Triceps Brachii,Bodyweight,1,,0,Bodyweight,bodyweight|gym,Inverted,Double Arm,Continuous,Flat Palm,No Load,Continuous,No Elevation,Single Exercise,Isometric Hold,Sagittal Plane,Upper Body,Other,Compound,Bilateral,Calisthenics
bodyweight-wall-facing-handstand-push-up,Bodyweight Wall Facing Handstand Push Up,https://youtu.be/ZDhNSacJLEE?si=aGw3Fw5a7Q34pWuk,https://youtu.be/gdhmNaZ7nAk?si=T4ilRD-M0KLF7m_h,Expert,advanced,Shoulders,Anterior Deltoids,Triceps Brachii,Bodyweight,1,,0,Bodyweight,bodyweight|gym,Inverted,Double Arm,Continuous,Flat Palm,No Load,Continuous,No Elevation,Single Exercise,Vertical Push,Sagittal Plane,Upper Body,Push,Compound,Bilateral,Calisthenics
bodyweight-wall-sit,Bodyweight Wall Sit,https://youtu.be/SszDMOZvFuw,https://youtu.be/y-wV4Venusw,Beginner,beginner,Quadriceps,Quadriceps Femoris,Gluteus Maximus,Bodyweight,1,,0,Bodyweight,bodyweight|gym,Wall Sit,No Arms,Continuous,No Grip,No Load,Continuous,No Elevation,Single Exercise,Isometric Hold,Sagittal Plane,Lower Body,Other,Compound,Bilateral,
bodyweight-wall-slide-squat,Bodyweight Wall Slide Squat,https://youtu.be/3J99J5NxNSQ?si=Xv_W-o9GzT-nvtVQ,,Beginner,beginner,Quadriceps,Quadriceps Femoris,Gluteus Maximus,Bodyweight,1,,0,Bodyweight,bodyweight|gym,Standing,No Arms,Continuous,No Grip,No Load,Continuous,No Elevation,Single Exercise,Knee Dominant,Sagittal Plane,Lower Body,Push,Compound,Bilateral,
bodyweight-wall-supported-tibialis-raise,Bodyweight Wall Supported Tibialis Raise,https://youtu.be/nQKgHwi8W9E?si=h2cdsN6y8_YWkxWd,,Beginner,beginner,Shins,Tibialis Anterior,Extensor Digitorum Longus|Extensor Hallucis Longus,Bodyweight,1,,0,Bodyweight,bodyweight|gym,Standing,No Arms,Continuous,No Grip,Other,Continuous,No Elevation,Single Exercise,Ankle Dorsiflexion,Sagittal Plane,Lower Body,,Isolation,Unilateral,
bodyweight-windmill,Bodyweight Windmill,https://youtu.be/87I2gbRgtUI?si=4hUJ0N3X8wu8MMKC,,Novice,beginner,Abdominals,Obliques,Rectus Abdominis|Anterior Deltoids,Bodyweight,1,,0,Bodyweight,bodyweight|gym,Standing,Double Arm,Continuous,No Grip,No Load,Continuous,No Elevation,Single Exercise,Rotational,Transverse Plane,Core,Other,Compound,Unilateral,Grinds
bodyweight-windshield-wiper,Bodyweight Windshield Wiper,https://youtu.be/XXcRdXIw0go?si=y-Sh6yOZyvTpiN50,https://youtu.be/aIr0E8ZXUqw?si=Hs-OzSS-_dEyAKns,Novice,beginner,Abdominals,Obliques,Rectus Abdominis|Transverse Abdominis,Bodyweight,1,,0,Bodyweight,bodyweight|gym,Supine,No Arms,Continuous,No Grip,No Load,Continuous,No Elevation,Single Exercise,Rotational,Transverse Plane,Core,Other,Compound,Bilateral,Calisthenics
bulgarian-bag-alternating-side-swing-squat,Bulgarian Bag Alternating Side Swing Squat,https://youtu.be/KCyWRqPHOCQ?si=bsZ5UbqpPjccsnEp,,Advanced,advanced,Abdominals,Obliques,Quadriceps Femoris,Bulgarian Bag,1,,0,Bulgarian Bag,gym,Standing,Double Arm,Continuous,Neutral,Other,Continuous,No Elevation,Single Exercise,Rotational,Transverse Plane|Frontal Plane,Full Body,,Compound,Bilateral,Ballistics
bulgarian-bag-alternating-spin,Bulgarian Bag Alternating Spin,https://youtu.be/m3pCByzR5Is?si=d4rUJA6uUKzAub51,,Advanced,advanced,Shoulders,Posterior Deltoids,Obliques,Bulgarian Bag,1,,0,Bulgarian Bag,gym,Standing,Double Arm,Continuous,Neutral,Overhead,Continuous,No Elevation,Single Exercise,Rotational,Transverse Plane,Upper Body,Pull,Compound,Bilateral,
bulgarian-bag-alternating-spin-to-side-swing-squat,Bulgarian Bag Alternating Spin to Side Swing Squat,https://youtu.be/2UpONYbzL7c?si=C2NbwmasH7LSljdz,,Advanced,advanced,Shoulders,Posterior Deltoids,Obliques|Quadriceps Femoris,Bulgarian Bag,1,,0,Bulgarian Bag,gym,Standing,Double Arm,Continuous,Neutral,Overhead,Continuous,No Elevation,Combo Exercise,Rotational,Transverse Plane,Full Body,,Compound,Bilateral,
bulgarian-bag-back-rack-alternating-cossack-squat,Bulgarian Bag Back Rack Alternating Cossack Squat,https://youtu.be/wqXP71ooU44?si=oje6--5yoC_aZeha,,Novice,beginner,Quadriceps,Quadriceps Femoris,Adductor Magnus|Gluteus Maximus,Bulgarian Bag,1,,0,Bulgarian Bag,gym,Standing,Double Arm,Continuous,Neutral,Back Rack,Alternating,No Elevation,Single Exercise,Knee Dominant,Frontal Plane,Lower Body,Push,Compound,Unilateral,Bodybuilding
bulgarian-bag-back-rack-alternating-forward-lunge,Bulgarian Bag Back Rack Alternating Forward Lunge,https://youtu.be/a8y1Qwir7YQ?si=izeBmxPLl4E0ekvy,https://youtu.be/mQTDtKsvU1w?si=T-FpFQkffSsSciAJ,Novice,beginner,Quadriceps,Quadriceps Femoris,Gluteus Maximus|Biceps Femoris,Bulgarian Bag,1,,0,Bulgarian Bag,gym,Standing,Double Arm,Continuous,Neutral,Back Rack,Alternating,No Elevation,Single Exercise,Knee Dominant,Sagittal Plane,Lower Body,Push,Compound,Unilateral,Bodybuilding
bulgarian-bag-back-rack-alternating-lateral-lunge,Bulgarian Bag Back Rack Alternating Lateral Lunge,https://youtu.be/fJePN1sD5ok?si=g-YYXG1x8L53Vuv-,,Novice,beginner,Quadriceps,Quadriceps Femoris,Gluteus Maximus|Adductor Magnus,Bulgarian Bag,1,,0,Bulgarian Bag,gym,Standing,Double Arm,Continuous,Neutral,Back Rack,Alternating,No Elevation,Single Exercise,Knee Dominant,Frontal Plane,Lower Body,Push,Compound,Unilateral,Bodybuilding
bulgarian-bag-back-rack-curtsy-lunge,Bulgarian Bag Back Rack Curtsy Lunge,https://youtu.be/6Y7jLhsURck?si=ZI60iuhlYRh4x0Ul,,Novice,beginner,Quadriceps,Quadriceps Femoris,Gluteus Maximus|Adductor Magnus,Bulgarian Bag,1,,0,Bulgarian Bag,gym,Standing,Double Arm,Continuous,Neutral,Back Rack,Continuous,No Elevation,Single Exercise,Knee Dominant,Frontal Plane,Lower Body,Push,Compound,Unilateral,Bodybuilding
bulgarian-bag-back-rack-forward-lunge,Bulgarian Bag Back Rack Forward Lunge,https://youtu.be/GRFb4uKia9o?si=12NJKTAJm5VqsZCt,,Novice,beginner,Quadriceps,Quadriceps Femoris,Gluteus Maximus|Biceps Femoris,Bulgarian Bag,1,,0,Bulgarian Bag,gym,Standing,Double Arm,Continuous,Neutral,Back Rack,Continuous,No Elevation,Single Exercise,Knee Dominant,Sagittal Plane,Lower Body,Push,Compound,Unilateral,Bodybuilding
bulgarian-bag-back-rack-reverse-lunge,Bulgarian Bag Back Rack Reverse Lunge,https://youtu.be/RqMG5v-jUyE?si=hxI8O10U-7CcGVRp,,Novice,beginner,Quadriceps,Quadriceps Femoris,Gluteus Maximus|Biceps Femoris,Bulgarian Bag,1,,0,Bulgarian Bag,gym,Standing,Double Arm,Continuous,Neutral,Back Rack,Continuous,No Elevation,Single Exercise,Knee Dominant,Sagittal Plane,Lower Body,Push,Compound,Unilateral,Bodybuilding
bulgarian-bag-back-rack-split-squat,Bulgarian Bag Back Rack Split Squat,https://youtu.be/VI6qhpokyPI?si=vlQYMvQBOEZ4sjof,,Novice,beginner,Quadriceps,Quadriceps Femoris,Gluteus Maximus|Biceps Femoris,Bulgarian Bag,1,,0,Bulgarian Bag,gym,Split Squat,Double Arm,Continuous,Neutral,Back Rack,Continuous,No Elevation,Single Exercise,Knee Dominant,Sagittal Plane,Lower Body,Push,Compound,Unilateral,Bodybuilding
bulgarian-bag-back-rack-squat,Bulgarian Bag Back Rack Squat,https://youtu.be/ctrXJi1QgEQ?si=O95czG8N3RjyL-Y-,https://youtu.be/77bp2Vf5KOY?si=qgFXxKXj-bodeUVk,Novice,beginner,Quadriceps,Gluteus Maximus,,Bulgarian Bag,1,,0,Bulgarian Bag,gym,Standing,Double Arm,Continuous,Neutral,Back Rack,Continuous,No Elevation,Single Exercise,Knee Dominant,Sagittal Plane,Lower Body,Push,Compound,Bilateral,
bulgarian-bag-back-rack-walking-lunge,Bulgarian Bag Back Rack Walking Lunge,https://youtu.be/FNr5JBGrJTU?si=bn24rl-sBOt5WTfx,,Novice,beginner,Quadriceps,Quadriceps Femoris,Gluteus Maximus|Biceps Femoris,Bulgarian Bag,1,,0,Bulgarian Bag,gym,Walking,Double Arm,Continuous,Neutral,Back Rack,Alternating,No Elevation,Single Exercise,Knee Dominant,Sagittal Plane,Lower Body,Push,Compound,Unilateral,Bodybuilding
bulgarian-bag-dead-squat-clean,Bulgarian Bag Dead Squat Clean,https://youtu.be/xeUVzgEapmQ?si=ieR0dXu6Bem56sNy,https://youtu.be/_rvrT_1FJDw?si=hbKW2DKEimzjn-If,Intermediate,intermediate,Quadriceps,Quadriceps Femoris,Gluteus Maximus,Bulgarian Bag,1,,0,Bulgarian Bag,gym,Standing,Double Arm,Continuous,Neutral,Front Rack,Continuous,No Elevation,Single Exercise,Knee Dominant|Hip Hinge,Sagittal Plane,Full Body,,Compound,Bilateral,
bulgarian-bag-front-rack-squat,Bulgarian Bag Front Rack Squat,https://youtu.be/jAo338cgsmU?si=1dPZPEL1g1HDUuIC,,Novice,beginner,Quadriceps,Gluteus Maximus,,Bulgarian Bag,1,,0,Bulgarian Bag,gym,Standing,Double Arm,Continuous,Supinated,Front Rack,Continuous,No Elevation,Single Exercise,Knee Dominant,Sagittal Plane,Lower Body,Push,Compound,Bilateral,
bulgarian-bag-snatch,Bulgarian Bag Snatch,https://youtu.be/9-gxBjR4OyE?si=Z1RZknDb7e1_9QmD,https://youtu.be/LZNJdtSUG2g?si=VL3fegXQBKZIbUCg,Intermediate,intermediate,Glutes,Gluteus Maximus,Anterior Deltoids,Bulgarian Bag,1,,0,Bulgarian Bag,gym,Standing,Double Arm,Continuous,Neutral,Overhead,Continuous,No Elevation,Single Exercise,Hip Hinge,Sagittal Plane,Full Body,,Compound,Bilateral,Ballistics
bulgarian-bag-spin,Bulgarian Bag Spin,https://youtu.be/PbysPTU69fc?si=8cDk2dXzGqWm8BiX,https://youtu.be/QwaxyJG9MFM?si=2XrD59ek9Y4-o8-L,Advanced,advanced,Shoulders,Posterior Deltoids,Obliques,Bulgarian Bag,1,,0,Bulgarian Bag,gym,Standing,Double Arm,Continuous,Neutral,Overhead,Continuous,No Elevation,Single Exercise,Rotational,Transverse Plane,Upper Body,Pull,Compound,Bilateral,
bulgarian-bag-swing,Bulgarian Bag Swing,https://youtu.be/Q7rAfqN-NH0?si=zEMPL2_L-ZEUhtLj,,Novice,beginner,Glutes,Gluteus Maximus,,Bulgarian Bag,1,,0,Bulgarian Bag,gym,Standing,Double Arm,Continuous,Neutral,Other,Continuous,No Elevation,Single Exercise,Hip Hinge,Sagittal Plane,Full Body,,Compound,Bilateral,Ballistics
bulgarian-bag-swing-squat,Bulgarian Bag Swing Squat,https://youtu.be/gVYqz0SXsXE?si=WX6MR6-rxwXauydO,https://youtu.be/pKkO375ukiM?si=hViaWAmn-trGHUuI,Advanced,advanced,Glutes,Gluteus Maximus,Quadriceps Femoris,Bulgarian Bag,1,,0,Bulgarian Bag,gym,Standing,Double Arm,Continuous,Neutral,Other,Continuous,No Elevation,Single Exercise,Hip Hinge|Knee Dominant,Sagittal Plane,Full Body,,Compound,Bilateral,
bulgarian-bag-swipe,Bulgarian Bag Swipe,https://youtu.be/qFNcznHSBo8?si=5hfD700tGnPBWD3l,,Intermediate,intermediate,Glutes,Posterior Deltoids,,Bulgarian Bag,1,,0,Bulgarian Bag,gym,Standing,Double Arm,Continuous,Neutral,Overhead,Continuous,No Elevation,Single Exercise,Hip Hinge,Sagittal Plane,Full Body,,Compound,Bilateral,
bulgarian-bag-thruster,Bulgarian Bag Thruster,https://youtu.be/-Am9J90oDK4?si=DzyEzfiwzZAs3ckF,,Novice,beginner,Quadriceps,Quadriceps Femoris,Anterior Deltoids,Bulgarian Bag,1,,0,Bulgarian Bag,gym,Standing,Double Arm,Continuous,Supinated,Overhead,Continuous,No Elevation,Single Exercise,Knee Dominant|Vertical Push,Sagittal Plane,Full Body,Push,Compound,Bilateral,
cable-face-pull,Cable Face Pull,https://youtu.be/l3prcz-3FbI?si=qvb-6gLh-aavLGWK,https://youtu.be/1dzR5IW0cL8,Novice,beginner,Shoulders,Posterior Deltoids,Infraspinatus|Teres Minor,Cable,1,,0,Cable,gym,Standing,Double Arm,Continuous,Neutral,Other,Continuous,No Elevation,Single Exercise,Shoulder External Rotation,Sagittal Plane,Upper Body,Pull,Compound,Bilateral,
cable-fire-hydrant,Cable Fire Hydrant,https://youtu.be/P4cP-juNM1Q,,Novice,beginner,Glutes,Gluteus Maximus,Gluteus Medius|Gluteus Minimus,Cable,1,,0,Cable,gym,Quadruped,No Arms,Continuous,Flat Palm,Other,Continuous,No Elevation,Single Exercise,Hip External Rotation,Transverse Plane,Lower Body,Other,Isolation,Unilateral,Bodybuilding
cable-glute-kickback,Cable Glute Kickback,https://youtu.be/qJxwJ1e1HxI?si=5y999i_uPybFFDol,https://youtu.be/dJa_Nf4zdik,Novice,beginner,Glutes,Gluteus Maximus,,Cable,1,,0,Cable,gym,Standing,No Arms,Continuous,Hand Assisted,Other,Continuous,No Elevation,Single Exercise,Hip Extension,Sagittal Plane,Lower Body,,Isolation,Unilateral,Bodybuilding
cable-guillotine-curl,Cable Guillotine Curl,https://youtu.be/KLM1hUecXbY,,Novice,beginner,Biceps,Biceps Brachii,Brachialis|Brachioradialis,Cable,1,,0,Cable,gym,Supine,Double Arm,Continuous,Supinated,Other,Continuous,No Elevation,Single Exercise,Elbow Flexion,Sagittal Plane,Upper Body,Pull,Isolation,Bilateral,Bodybuilding
cable-half-kneeling-face-pull,Cable Half Kneeling Face Pull,https://youtu.be/_1ATOXmanEw?si=7DN0OJcZ8jGgOQxp,https://youtu.be/tfUo4ebRcpk,Novice,beginner,Shoulders,Posterior Deltoids,Infraspinatus|Teres Minor,Cable,1,,0,Cable,gym,Half Kneeling,Double Arm,Continuous,Neutral,Other,Continuous,No Elevation,Single Exercise,Shoulder External Rotation,Sagittal Plane,Upper Body,Pull,Compound,Bilateral,
cable-half-kneeling-pallof-press,Cable Half Kneeling Pallof Press,https://youtu.be/7JBR6JGE1hY,https://youtu.be/DWwI61I1KAM,Novice,beginner,Abdominals,Obliques,Rectus Abdominis,Cable,1,,0,Cable,gym,Half Kneeling,Double Arm,Continuous,Neutral,Other,Continuous,No Elevation,Single Exercise,Anti-Rotational,Transverse Plane,Core,,Compound,Bilateral,
cable-hip-abduction,Cable Hip Abduction,https://youtu.be/saVSMtIttZE?si=qgSuj5ww8uiz2Wkd,https://youtu.be/pvnR8CDb4BU,Novice,beginner,Abductors,Gluteus Medius,Gluteus Minimus|Tensor Fasciae Latae,Cable,1,,0,Cable,gym,Standing,No Arms,Continuous,Hand Assisted,Other,Continuous,No Elevation,Single Exercise,Hip Abduction,Frontal Plane,Lower Body,Other,Isolation,Unilateral,
cable-hip-adduction,Cable Hip Adduction,https://youtu.be/UyXncDziNGo?si=W4GuZaUvoWtiIOxj,https://youtu.be/FUEq2RqJrbU,Novice,beginner,Adductors,Adductor Magnus,,Cable,1,,0,Cable,gym,Standing,No Arms,Continuous,Hand Assisted,Other,Continuous,No Elevation,Single Exercise,Hip Adduction,Frontal Plane,Lower Body,Other,Isolation,Unilateral,
cable-hip-rotation,Cable Hip Rotation,https://youtu.be/ApvO0XTFjRc,,Novice,beginner,Glutes,Gluteus Maximus,Gluteus Medius|Gluteus Minimus,Cable,1,,0,Cable,gym,Standing,No Arms,Continuous,Neutral,Other,Continuous,No Elevation,Single Exercise,Hip External Rotation,Transverse Plane,Lower Body,Other,Isolation,Bilateral,
cable-isometric-split-squat-pallof-press,Cable Isometric Split Squat Pallof Press,https://youtu.be/zMR-P_9GGKE?feature=shared,,Intermediate,intermediate,Abdominals,Obliques,Rectus Abdominis,Cable,1,,0,Cable,gym,Isometric Split Squat,Double Arm,Continuous,Neutral,Other,Continuous,No Elevation,Single Exercise,Anti-Rotational|Isometric Hold,Transverse Plane,Full Body,Other,Compound,Unilateral,Balance
cable-kneeling-crunch,Cable Kneeling Crunch,https://youtu.be/ToJeyhydUxU,https://youtu.be/vsAPBAg0fb0,Novice,beginner,Abdominals,Rectus Abdominis,Iliopsoas|Obliques,Cable,1,,0,Cable,gym,Kneeling,Double Arm,Continuous,Neutral,Other,Continuous,No Elevation,Single Exercise,Spinal Flexion,Sagittal Plane,Core,Other,Isolation,Bilateral,
cable-pallof-press,Cable Pallof Press,https://youtu.be/tvzoG7Ua05Y?si=-i5BoLWWqI_tGovS,https://youtu.be/ma2OjgP5XDc?si=SF0B1_VMncYwLydw,Novice,beginner,Abdominals,Obliques,Rectus Abdominis,Cable,1,,0,Cable,gym,Standing,Double Arm,Continuous,Neutral,Other,Continuous,No Elevation,Single Exercise,Anti-Rotational,Transverse Plane,Core,Other,Compound,Bilateral,
cable-prone-bench-hamstring-curl,Cable Prone Bench Hamstring Curl,https://youtu.be/IalP0lgYPnc,https://youtu.be/Atl5qhOfJpQ,Novice,beginner,Hamstrings,Biceps Femoris,Gluteus Maximus,Cable,1,Bench (Flat),1,Cable|Bench (Flat),gym,Prone,No Arms,Continuous,No Grip,Other,Continuous,No Elevation,Single Exercise,Knee Dominant,Sagittal Plane,Lower Body,Pull,Isolation,Bilateral,Bodybuilding
cable-prone-bench-single-leg-hamstring-curl,Cable Prone Bench Single Leg Hamstring Curl,https://youtu.be/l66EvN4X6Mk?si=i4fPkqXo_4_8fmO6,,Novice,beginner,Hamstrings,Biceps Femoris,Gluteus Maximus,Cable,1,Bench (Flat),1,Cable|Bench (Flat),gym,Prone,No Arms,Continuous,No Grip,Other,Continuous,No Elevation,Single Exercise,Knee Dominant,Sagittal Plane,Lower Body,Pull,Isolation,Unilateral,Bodybuilding
cable-prone-hamstring-curl,Cable Prone Hamstring Curl,https://youtu.be/qOu-89KQsIg?si=NzRrmfpYz9Rwpoy8,,Beginner,beginner,Hamstrings,Biceps Femoris,Gluteus Maximus,Cable,1,,0,Cable,gym,Prone,No Arms,Continuous,No Grip,Other,Continuous,No Elevation,Single Exercise,Knee Dominant,Sagittal Plane,Lower Body,Pull,Isolation,Bilateral,Bodybuilding
cable-prone-single-leg-hamstring-curl,Cable Prone Single Leg Hamstring Curl,https://youtu.be/k6Vo8hBLypQ,,Beginner,beginner,Hamstrings,Biceps Femoris,Gluteus Maximus,Cable,1,,0,Cable,gym,Prone,No Arms,Continuous,No Grip,Other,Continuous,No Elevation,Single Exercise,Knee Dominant,Sagittal Plane,Lower Body,Pull,Isolation,Unilateral,Bodybuilding
cable-pull-through,Cable Pull Through,https://youtu.be/NEDrQPoITMc?si=ZeJ1LOUbzrjgk-_8,https://youtu.be/DbSF7ipBh5Y,Beginner,beginner,Glutes,Gluteus Maximus,,Cable,1,,0,Cable,gym,Standing,Double Arm,Continuous,Neutral,Other,Continuous,No Elevation,Single Exercise,Hip Hinge,Sagittal Plane,Lower Body,,Compound,Bilateral,Bodybuilding
cable-quadruped-hip-abduction,Cable Quadruped Hip Abduction,https://youtu.be/MZi0M3OJEVw,,Novice,beginner,Abductors,Gluteus Medius,Gluteus Minimus,Cable,1,,0,Cable,gym,Quadruped,No Arms,Continuous,Flat Palm,Other,Continuous,No Elevation,Single Exercise,Hip Abduction,Sagittal Plane,Lower Body,Other,Isolation,Unilateral,
cable-reverse-crunch,Cable Reverse Crunch,https://youtu.be/3Mn_4KTDTi0?si=3zBBQ33AQDN7XPp4,https://youtu.be/Ss3G7RnIjV4,Novice,beginner,Abdominals,Rectus Abdominis,Iliopsoas|Obliques,Cable,1,,0,Cable,gym,Supine,No Arms,Continuous,No Grip,Other,Continuous,No Elevation,Single Exercise,Spinal Flexion,Sagittal Plane,Core,Other,Compound,Bilateral,
cable-reverse-grip-lat-pulldown,Cable Reverse Grip Lat Pulldown,https://youtu.be/zLKwAYUmGMc,https://youtu.be/apzFTbsm7HU,Beginner,beginner,Back,Latissimus Dorsi,Biceps Brachii,Cable,1,Bench (Flat),1,Cable|Bench (Flat),gym,Seated,Double Arm,Continuous,Supinated,Overhead,Continuous,No Elevation,Single Exercise,Vertical Pull,Sagittal Plane,Upper Body,Pull,Compound,Bilateral,Bodybuilding
cable-rope-half-kneeling-high-to-low-chop,Cable Rope Half Kneeling High to Low Chop,https://youtu.be/hUbRkz4AxkE,https://youtu.be/KOh8cxe2ziE,Intermediate,intermediate,Abdominals,Obliques,Rectus Abdominis,Cable,1,,0,Cable,gym,Half Kneeling,Double Arm,Continuous,Pronated,Other,Continuous,No Elevation,Single Exercise,Rotational,Transverse Plane,Core,Other,Compound,Bilateral,
cable-rope-half-kneeling-low-to-high-chop,Cable Rope Half Kneeling Low to High Chop,https://youtu.be/48LIxDpby_E?feature=shared,https://youtu.be/AA7q2T4IOCk,Intermediate,intermediate,Abdominals,Obliques,Rectus Abdominis,Cable,1,,0,Cable,gym,Half Kneeling,Double Arm,Continuous,Pronated,Other,Continuous,No Elevation,Single Exercise,Rotational,Transverse Plane,Core,Other,Compound,Bilateral,
cable-rope-half-kneeling-rotation,Cable Rope Half Kneeling Rotation,https://youtu.be/su38T53sj_I?si=cqcEdslivlwvc0tG,,Intermediate,intermediate,Abdominals,Obliques,Rectus Abdominis,Cable,1,,0,Cable,gym,Half Kneeling,Double Arm,Continuous,Pronated,Other,Continuous,No Elevation,Single Exercise,Rotational,Transverse Plane,Core,Other,Compound,Bilateral,
cable-rope-hammer-curl,Cable Rope Hammer Curl,https://youtu.be/BXcSLzXrab4?si=KZPHi7uurh7Nb31j,https://youtu.be/vsarApmqJmo,Beginner,beginner,Biceps,Biceps Brachii,Brachialis|Brachioradialis,Cable,1,,0,Cable,gym,Standing,Double Arm,Continuous,Neutral,Other,Continuous,No Elevation,Single Exercise,Elbow Flexion,Sagittal Plane,Upper Body,Pull,Isolation,Bilateral,Bodybuilding
cable-rope-incline-bench-skull-crusher,Cable Rope Incline Bench Skull Crusher,https://youtu.be/MVC7c73K61I?feature=shared,,Novice,beginner,Triceps,Triceps Brachii,Anconeus|Flexor Carpi Radialis,Cable,1,Bench (Incline),1,Cable|Bench (Incline),gym,Seated,Double Arm,Continuous,Neutral,Other,Continuous,No Elevation,Single Exercise,Elbow Extension,Sagittal Plane,Upper Body,Push,Isolation,Bilateral,Bodybuilding
cable-rope-incline-bench-tricep-pushdown,Cable Rope Incline Bench Tricep Pushdown,https://youtu.be/WT7TZA3xBHA?si=15gqGEo-GBZLm2qa,,Novice,beginner,Triceps,Triceps Brachii,Anconeus|Brachioradialis,Cable,1,Bench (Incline),1,Cable|Bench (Incline),gym,Seated,Double Arm,Continuous,Neutral,Other,Continuous,No Elevation,Single Exercise,Elbow Extension,Sagittal Plane,Upper Body,Push,Isolation,Bilateral,Bodybuilding
cable-rope-isometric-split-squat-high-to-low-chop,Cable Rope Isometric Split Squat High to Low Chop,https://youtu.be/WQnC460je7w?si=JmHZRydzDe7MFsRg,https://youtu.be/dQmzbRou8eM?si=Peo4RyN1izvyMwr1,Advanced,advanced,Abdominals,Obliques,Rectus Abdominis,Cable,1,,0,Cable,gym,Isometric Split Squat,Double Arm,Continuous,Neutral,Other,Continuous,No Elevation,Single Exercise,Rotational,Transverse Plane,Core,Other,Compound,Unilateral,Balance
cable-rope-overhead-tricep-extension,Cable Rope Overhead Tricep Extension,https://youtu.be/KvrP8c6eVBc?si=1EP-aMrXRtcbPO6b,https://youtu.be/XTerYx0kwQ8,Novice,beginner,Triceps,Triceps Brachii,Anterior Deltoids|Rectus Abdominis,Cable,1,,0,Cable,gym,Standing,Double Arm,Continuous,Neutral,Overhead,Continuous,No Elevation,Single Exercise,Elbow Extension,Sagittal Plane,Upper Body,Push,Isolation,Bilateral,Bodybuilding
cable-rope-pullover,Cable Rope Pullover,https://youtu.be/eAklBxVmR6w?si=FCt-1WsfkCKhD2P_,https://youtu.be/h1qdFssQTsA?si=xFN8zuu8GES0yr-p,Novice,beginner,Back,Latissimus Dorsi,,Cable,1,,0,Cable,gym,Standing,Double Arm,Continuous,Neutral,Other,Continuous,No Elevation,Single Exercise,Horizontal Pull,Sagittal Plane,Upper Body,Pull,Isolation,Bilateral,Bodybuilding
cable-rope-skull-crusher,Cable Rope Skull Crusher,https://youtu.be/NfOLyLpoGII,,Novice,beginner,Triceps,Triceps Brachii,Anconeus|Flexor Carpi Radialis,Cable,1,Bench (Flat),1,Cable|Bench (Flat),gym,Supine,Double Arm,Continuous,Neutral,Other,Continuous,No Elevation,Single Exercise,Elbow Extension,Sagittal Plane,Upper Body,Push,Isolation,Bilateral,Bodybuilding
cable-rope-staggered-stance-high-to-low-chop,Cable Rope Staggered Stance High to Low Chop,https://youtu.be/FFaeQW7hwYs?feature=shared,https://youtu.be/jnG8cjO0fMQ?si=8rvMJWRgsZskHMP9,Intermediate,intermediate,Abdominals,Obliques,Rectus Abdominis,Cable,1,,0,Cable,gym,Staggered Stance,Double Arm,Continuous,Pronated,Other,Continuous,No Elevation,Single Exercise,Rotational,Transverse Plane,Core,Other,Compound,Bilateral,
cable-rope-tall-kneeling-high-to-low-chop,Cable Rope Tall Kneeling High to Low Chop,https://youtu.be/h-af-afj-Xg,,Intermediate,intermediate,Abdominals,Obliques,Rectus Abdominis,Cable,1,,0,Cable,gym,Tall Kneeling,Double Arm,Continuous,Pronated,Other,Continuous,No Elevation,Single Exercise,Rotational,Transverse Plane,Core,Other,Compound,Bilateral,
cable-rope-tall-kneeling-low-to-high-chop,Cable Rope Tall Kneeling Low to High Chop,https://youtu.be/dz0OxCiLkjI?si=-FrxaHRLjT-KzMPb,,Intermediate,intermediate,Abdominals,Obliques,Rectus Abdominis,Cable,1,,0,Cable,gym,Tall Kneeling,Double Arm,Continuous,Pronated,Other,Continuous,No Elevation,Single Exercise,Rotational,Transverse Plane,Core,Other,Compound,Bilateral,
cable-rope-tall-kneeling-overhead-tricep-extension,Cable Rope Tall Kneeling Overhead Tricep Extension,https://youtu.be/cDMXXH7Y9AM?si=pObK3p_2FqS0HqbC,,Novice,beginner,Triceps,Triceps Brachii,Anterior Deltoids|Rectus Abdominis,Cable,1,,0,Cable,gym,Tall Kneeling,Double Arm,Continuous,Neutral,Overhead,Continuous,No Elevation,Single Exercise,Elbow Extension,Sagittal Plane,Upper Body,Push,Isolation,Bilateral,Bodybuilding
cable-rope-tall-kneeling-tricep-pushdown,Cable Rope Tall Kneeling Tricep Pushdown,https://youtu.be/fjYbHu5oXn0?si=h7OFn1fToKpfmC3B,,Beginner,beginner,Triceps,Triceps Brachii,Anconeus|Brachioradialis,Cable,1,,0,Cable,gym,Tall Kneeling,Double Arm,Continuous,Neutral,Other,Continuous,No Elevation,Single Exercise,Elbow Extension,Sagittal Plane,Upper Body,Push,Isolation,Bilateral,Bodybuilding
cable-rope-tricep-pushdown,Cable Rope Tricep Pushdown,https://youtu.be/e5aj8hhCPkA,https://youtu.be/kiuVA0gs3EI,Beginner,beginner,Triceps,Triceps Brachii,Anconeus|Brachioradialis,Cable,1,,0,Cable,gym,Standing,Double Arm,Continuous,Neutral,Other,Continuous,No Elevation,Single Exercise,Elbow Extension,Sagittal Plane,Upper Body,Push,Isolation,Bilateral,Bodybuilding
cable-seated-crunch,Cable Seated Crunch,https://youtu.be/gQT76pz_X9Y,https://youtu.be/vg1KU7HNbyw,Novice,beginner,Abdominals,Rectus Abdominis,Iliopsoas|Obliques,Cable,1,Bench (Flat),1,Cable|Bench (Flat),gym,Seated,Double Arm,Continuous,Neutral,Other,Continuous,No Elevation,Single Exercise,Spinal Flexion,Sagittal Plane,Core,Other,Isolation,Bilateral,
cable-seated-face-pull,Cable Seated Face Pull,https://youtu.be/4UhV4cCkugM,,Novice,beginner,Shoulders,Posterior Deltoids,Infraspinatus|Teres Minor,Cable,1,,0,Cable,gym,Seated Floor,Double Arm,Continuous,Neutral,Other,Continuous,No Elevation,Single Exercise,Shoulder External Rotation,Sagittal Plane,Upper Body,Pull,Compound,Bilateral,
cable-seated-single-leg-tibialis-raise,Cable Seated Single Leg Tibialis Raise,https://youtu.be/tSDRe05L18Q?si=tzWWp_aDlp6K7_QS,,Novice,beginner,Shins,Tibialis Anterior,Extensor Digitorum Longus|Extensor Hallucis Longus,Cable,1,,0,Cable,gym,Seated Floor,No Arms,Continuous,No Grip,Other,Continuous,No Elevation,Single Exercise,Ankle Dorsiflexion,Sagittal Plane,Lower Body,,Isolation,Unilateral,
cable-seated-tibialis-raise,Cable Seated Tibialis Raise,https://youtu.be/XPrwraNV8zU?si=uYKDsDSy6F1lqx7L,,Novice,beginner,Shins,Tibialis Anterior,Extensor Digitorum Longus|Extensor Hallucis Longus,Cable,1,,0,Cable,gym,Seated Floor,No Arms,Continuous,No Grip,Other,Continuous,No Elevation,Single Exercise,Ankle Dorsiflexion,Sagittal Plane,Lower Body,,Isolation,Bilateral,
cable-single-leg-standing-bent-knee-hip-external-rotation,Cable Single Leg Standing Bent Knee Hip External Rotation,https://youtu.be/1OnBBhiaQjY,,Novice,beginner,Glutes,Gluteus Maximus,Gluteus Medius|Gluteus Minimus,Cable,1,,0,Cable,gym,Single Leg Standing Bent Knee,No Arms,Continuous,Hand Assisted,Other,Continuous,No Elevation,Single Exercise,Hip External Rotation,Transverse Plane,Lower Body,Other,Isolation,Unilateral,
cable-standing-single-leg-hamstring-curl,Cable Standing Single Leg Hamstring Curl,https://youtu.be/tkh43Yc0tEs,,Novice,beginner,Hamstrings,Biceps Femoris,Gluteus Maximus,Cable,1,,0,Cable,gym,Single Leg Standing,No Arms,Continuous,Hand Assisted,Other,Continuous,No Elevation,Single Exercise,Knee Dominant,Sagittal Plane,Lower Body,Pull,Isolation,Unilateral,Bodybuilding
cable-straight-bar-bicep-curl,Cable Straight Bar Bicep Curl,https://youtu.be/F3Y03RnVY8Y?si=8uzaga9fPI14rc9M,https://youtu.be/840rgLSw-84?si=4z2ViUdKdvN8MLLp,Beginner,beginner,Biceps,Biceps Brachii,Brachialis|Brachioradialis,Cable,1,,0,Cable,gym,Standing,Double Arm,Continuous,Supinated,Other,Continuous,No Elevation,Single Exercise,Elbow Flexion,Sagittal Plane,Upper Body,Pull,Isolation,Bilateral,Bodybuilding
cable-straight-bar-decline-bench-skull-crusher,Cable Straight Bar Decline Bench Skull Crusher,https://youtu.be/y0IdUZhZ87s?si=g54AKBchD_Tow6sM,,Novice,beginner,Triceps,Triceps Brachii,Anconeus|Flexor Carpi Radialis,Cable,1,Bench (Decline),1,Cable|Bench (Decline),gym,Prone,Double Arm,Continuous,Pronated,Other,Continuous,No Elevation,Single Exercise,Elbow Extension,Sagittal Plane,Upper Body,Push,Isolation,Bilateral,Bodybuilding
cable-straight-bar-drag-curl,Cable Straight Bar Drag Curl,https://youtu.be/s_5mJUQqQpY?si=4zKcXdHvIHVCrn6n,https://youtu.be/3ib-M9kKSvU,Beginner,beginner,Biceps,Biceps Brachii,Brachialis|Brachioradialis,Cable,1,,0,Cable,gym,Standing,Double Arm,Continuous,Supinated,Other,Continuous,No Elevation,Single Exercise,Elbow Flexion,Sagittal Plane,Upper Body,Pull,Isolation,Bilateral,Bodybuilding
cable-straight-bar-floor-skull-crusher,Cable Straight Bar Floor Skull Crusher,https://youtu.be/si8q23nPVHk?si=aeyG4_3OSRLAIpiA,,Novice,beginner,Triceps,Triceps Brachii,Anconeus|Flexor Carpi Radialis,Cable,1,,0,Cable,gym,Supine,Double Arm,Continuous,Pronated,Other,Continuous,No Elevation,Single Exercise,Elbow Extension,Sagittal Plane,Upper Body,Push,Isolation,Bilateral,Bodybuilding
cable-straight-bar-front-raise,Cable Straight Bar Front Raise,https://youtu.be/PgSZlX32WTo,https://youtu.be/wxzEul89zR0,Novice,beginner,Shoulders,Anterior Deltoids,Pectoralis Major|Biceps Brachii,Cable,1,,0,Cable,gym,Standing,Double Arm,Continuous,Pronated,Other,Continuous,No Elevation,Single Exercise,Shoulder Flexion,Sagittal Plane,Upper Body,Push,Isolation,Bilateral,Bodybuilding
cable-straight-bar-high-bicep-curl,Cable Straight Bar High Bicep Curl,https://youtu.be/xaMJYDzqTZg,,Novice,beginner,Biceps,Biceps Brachii,Brachialis|Brachioradialis,Cable,1,,0,Cable,gym,Standing,Double Arm,Continuous,Supinated,Other,Continuous,No Elevation,Single Exercise,Elbow Flexion,Sagittal Plane,Upper Body,Pull,Isolation,Bilateral,Bodybuilding
cable-straight-bar-incline-bench-skull-crusher,Cable Straight Bar Incline Bench Skull Crusher,https://youtu.be/QgzOgnBBivE?si=WqHP0U99yC8T0Pz_,https://youtu.be/Jv8czugwnKM?si=8iZoA_5S8C4Zbyv0,Novice,beginner,Triceps,Triceps Brachii,Anconeus|Flexor Carpi Radialis,Cable,1,Bench (Incline),1,Cable|Bench (Incline),gym,Seated,Double Arm,Continuous,Pronated,Other,Continuous,No Elevation,Single Exercise,Elbow Extension,Sagittal Plane,Upper Body,Push,Isolation,Bilateral,Bodybuilding
cable-straight-bar-incline-bench-tricep-pushdown,Cable Straight Bar Incline Bench Tricep Pushdown,https://youtu.be/jygDw93Kpec?si=9DxPSP8Q1CPy0yy6,,Novice,beginner,Triceps,Triceps Brachii,Anconeus|Brachioradialis,Cable,1,Bench (Incline),1,Cable|Bench (Incline),gym,Seated,Double Arm,Continuous,Pronated,Other,Continuous,No Elevation,Single Exercise,Elbow Extension,Sagittal Plane,Upper Body,Push,Isolation,Bilateral,Bodybuilding
cable-straight-bar-pullover,Cable Straight Bar Pullover,https://youtu.be/SgzJGLlAtok?si=p2bo--kETp2ajVVX,https://youtu.be/Lf6pcq7zy28,Novice,beginner,Back,Latissimus Dorsi,,Cable,1,,0,Cable,gym,Standing,Double Arm,Continuous,Pronated,Other,Continuous,No Elevation,Single Exercise,Horizontal Pull,Sagittal Plane,Upper Body,Pull,Isolation,Bilateral,Bodybuilding
cable-straight-bar-reverse-grip-bicep-curl,Cable Straight Bar Reverse Grip Bicep Curl,https://youtu.be/RLlT3qbVS3Q?si=SYASKBhplBkTNYee,,Novice,beginner,Forearms,Brachioradialis,Biceps Brachii|Brachialis,Cable,1,,0,Cable,gym,Standing,Double Arm,Continuous,Pronated,Other,Continuous,No Elevation,Single Exercise,Elbow Flexion,Sagittal Plane,Upper Body,Pull,Isolation,Bilateral,Bodybuilding
cable-straight-bar-reverse-grip-front-raise,Cable Straight Bar Reverse Grip Front Raise,https://youtu.be/7W7yCOrQMsA?si=fMaW2CwMSudtqBx5&utm_source=MTQxZ,https://youtu.be/yIoAcMD3jcE?si=1Aatvz7o_SifGMDt&utm_source=MTQxZ,Novice,beginner,Shoulders,Anterior Deltoids,Pectoralis Major,Cable,1,,0,Cable,gym,Standing,Double Arm,Continuous,Supinated,Other,Continuous,No Elevation,Single Exercise,Shoulder Flexion,Sagittal Plane,Upper Body,Push,Isolation,Bilateral,Bodybuilding
cable-straight-bar-reverse-grip-tricep-pushdown,Cable Straight Bar Reverse Grip Tricep Pushdown,https://youtu.be/GqK6WrZEyEk?si=JPCXXCLg2YG3rQa7,https://youtu.be/h0AMOYndGRM?si=nfOvCEAtMNcYKbiq,Beginner,beginner,Triceps,Triceps Brachii,,Cable,1,,0,Cable,gym,Standing,Double Arm,Continuous,Supinated,Other,Continuous,No Elevation,Single Exercise,Elbow Extension,Sagittal Plane,Upper Body,Push,Isolation,Bilateral,Bodybuilding
cable-straight-bar-seated-bicep-curl,Cable Straight Bar Seated Bicep Curl,https://youtu.be/iWyvxI5A1cA?si=aBSi-dGZ6CxySnnU,,Novice,beginner,Biceps,Biceps Brachii,Brachialis|Brachioradialis,Cable,1,Bench (Flat),1,Cable|Bench (Flat),gym,Seated,Double Arm,Continuous,Supinated,Other,Continuous,No Elevation,Single Exercise,Elbow Flexion,Sagittal Plane,Upper Body,Pull,Isolation,Bilateral,Bodybuilding
cable-straight-bar-skull-crusher,Cable Straight Bar Skull Crusher,https://youtu.be/IlNtRJkIAfg?si=H3-HtM3eVSx3c8T-,,Novice,beginner,Triceps,Triceps Brachii,Anconeus|Flexor Carpi Radialis,Cable,1,Bench (Flat),1,Cable|Bench (Flat),gym,Supine,Double Arm,Continuous,Pronated,Other,Continuous,No Elevation,Single Exercise,Elbow Extension,Sagittal Plane,Upper Body,Push,Isolation,Bilateral,Bodybuilding
cable-straight-bar-spider-curl,Cable Straight Bar Spider Curl,https://youtu.be/zGyaLrwHJjs?si=sg4m9llWui7pmOT_,https://youtu.be/djsZsACOtLY?si=uZjb73qcrYm7jmCs,Novice,beginner,Biceps,Biceps Brachii,Brachialis|Brachioradialis,Cable,1,Bench (Incline),1,Cable|Bench (Incline),gym,Prone,Double Arm,Continuous,Supinated,Other,Continuous,No Elevation,Single Exercise,Elbow Flexion,Sagittal Plane,Upper Body,Pull,Isolation,Bilateral,Bodybuilding
cable-straight-bar-tricep-pushdown,Cable Straight Bar Tricep Pushdown,https://youtu.be/LXkCrxn3caQ?si=24dygODdgdRhEqJK,https://youtu.be/zEHmnpgi-dg?si=gojDTRhS6wpAdM5x,Beginner,beginner,Triceps,Triceps Brachii,Anconeus|Brachioradialis,Cable,1,,0,Cable,gym,Standing,Double Arm,Continuous,Pronated,Other,Continuous,No Elevation,Single Exercise,Elbow Extension,Sagittal Plane,Upper Body,Push,Isolation,Bilateral,Bodybuilding
cable-supine-bicep-curl,Cable Supine Bicep Curl,https://youtu.be/hBC7lPyEkVM,,Novice,beginner,Biceps,Biceps Brachii,Brachialis|Brachioradialis,Cable,1,,0,Cable,gym,Supine,Double Arm,Continuous,Supinated,Other,Continuous,No Elevation,Single Exercise,Elbow Flexion,Sagittal Plane,Upper Body,Pull,Isolation,Bilateral,Bodybuilding
cable-tall-kneeling-pallof-press,Cable Tall Kneeling Pallof Press,https://youtu.be/EtEPKajf0PE,,Novice,beginner,Abdominals,Obliques,Rectus Abdominis,Cable,1,,0,Cable,gym,Tall Kneeling,Double Arm,Continuous,Neutral,Other,Continuous,No Elevation,Single Exercise,Anti-Rotational,Transverse Plane,Core,Other,Compound,Bilateral,
cable-tall-kneeling-pull-through,Cable Tall Kneeling Pull Through,https://youtu.be/5mkpuBI-2Ls,,Novice,beginner,Glutes,Gluteus Maximus,,Cable,1,,0,Cable,gym,Tall Kneeling,Double Arm,Continuous,Neutral,Other,Continuous,No Elevation,Single Exercise,Hip Hinge,Sagittal Plane,Lower Body,,Compound,Bilateral,Bodybuilding
cable-v-grip-lat-pulldown,Cable V Grip Lat Pulldown,https://youtu.be/8hzVLzu-RJk,https://youtu.be/neP32qCyPbQ?si=4k6HBAqUAMlVJSMT,Beginner,beginner,Back,Latissimus Dorsi,Biceps Brachii,Cable,1,Bench (Flat),1,Cable|Bench (Flat),gym,Seated,Double Arm,Continuous,Neutral,Overhead,Continuous,No Elevation,Single Exercise,Vertical Pull,Sagittal Plane,Upper Body,Pull,Compound,Bilateral,Bodybuilding
cable-v-grip-seated-floor-lat-pulldown,Cable V Grip Seated Floor Lat Pulldown,https://youtu.be/wo-YhhSpEJI,,Beginner,beginner,Back,Latissimus Dorsi,Biceps Brachii,Cable,1,,0,Cable,gym,Seated Floor,Double Arm,Continuous,Neutral,Overhead,Continuous,No Elevation,Single Exercise,Vertical Pull,Sagittal Plane,Upper Body,Pull,Compound,Bilateral,Bodybuilding
cable-v-grip-seated-low-row,Cable V Grip Seated Low Row,https://youtu.be/EhAho9Szp-0,https://youtu.be/4mRy8U542Fo,Beginner,beginner,Back,Latissimus Dorsi,,Cable,1,Bench (Flat),1,Cable|Bench (Flat),gym,Seated,Double Arm,Continuous,Neutral,Other,Continuous,No Elevation,Single Exercise,Horizontal Pull,Sagittal Plane,Upper Body,Pull,Compound,Bilateral,Bodybuilding
cable-wide-grip-lat-pulldown,Cable Wide Grip Lat Pulldown,https://youtu.be/UWhyxvCCzhw,https://youtu.be/83Y3CFcgnkQ,Beginner,beginner,Back,Latissimus Dorsi,Biceps Brachii,Cable,1,Bench (Flat),1,Cable|Bench (Flat),gym,Seated,Double Arm,Continuous,Pronated,Overhead,Continuous,No Elevation,Single Exercise,Vertical Pull,Sagittal Plane,Upper Body,Pull,Compound,Bilateral,Bodybuilding
climbing-rope-dead-hang,Climbing Rope Dead Hang,https://youtu.be/1kfxGBCXvrk?si=8pQzSrl0T2_7bVLw,https://youtu.be/hDA_NmIzaNc?si=_P4yddl7T3evFAN1,Beginner,beginner,Forearms,Brachioradialis,Latissimus Dorsi|Teres Major,Climbing Rope,1,,0,Climbing Rope,gym,Hanging,Double Arm,Continuous,Mixed Grip,No Load,Continuous,No Elevation,Single Exercise,Isometric Hold,Sagittal Plane,Upper Body,Other,Compound,Bilateral,Calisthenics
climbing-rope-hanging-l-sit,Climbing Rope Hanging L Sit,https://youtu.be/X91DSVDBT1s?si=UevmYNdSAy0aA49t,,Intermediate,intermediate,Abdominals,Rectus Abdominis,,Climbing Rope,1,,0,Climbing Rope,gym,Hanging,Double Arm,Continuous,Mixed Grip,No Load,Continuous,No Elevation,Single Exercise,Isometric Hold,Sagittal Plane,Core,Other,Compound,Bilateral,Calisthenics
climbing-rope-hanging-l-sit-flutter-kicks,Climbing Rope Hanging L Sit Flutter Kicks,https://youtu.be/ul8G6NfwcKE?si=bP1jwilThrtCP37m,https://youtu.be/QSFMIf84MGA?si=T1Z6C_Rt2gfyPUIj,Intermediate,intermediate,Hip Flexors,Iliopsoas,Rectus Abdominis,Climbing Rope,1,,0,Climbing Rope,gym,Hanging,Double Arm,Continuous,Mixed Grip,No Load,Alternating,No Elevation,Single Exercise,Hip Flexion|Isometric Hold,Sagittal Plane,Core,Other,Compound,Unilateral,Calisthenics
climbing-rope-hanging-leg-raise,Climbing Rope Hanging Leg Raise,https://youtu.be/F8A92P9zf-g?si=DNpM-zIiWn0alOvD,,Intermediate,intermediate,Abdominals,Rectus Abdominis,Iliopsoas|Obliques,Climbing Rope,1,,0,Climbing Rope,gym,Hanging,Double Arm,Continuous,Mixed Grip,No Load,Continuous,No Elevation,Single Exercise,Hip Flexion,Sagittal Plane,Core,Other,Compound,Bilateral,Calisthenics
climbing-rope-hanging-toes-to-rope,Climbing Rope Hanging Toes to Rope,https://youtu.be/aCmbZCGQ68U?feature=shared,,Advanced,advanced,Abdominals,Rectus Abdominis,Iliopsoas|Obliques,Climbing Rope,1,,0,Climbing Rope,gym,Hanging,Double Arm,Continuous,Mixed Grip,No Load,Continuous,No Elevation,Single Exercise,Hip Flexion,Sagittal Plane,Core,Other,Compound,Bilateral,Calisthenics
climbing-rope-j-hook-climb,Climbing Rope J Hook Climb,https://youtu.be/Pa4QUC9AvuA?si=_elyMb15TpqfSXja,https://youtu.be/nI4MijQJ_No?si=BzM6pG_BTUdHc4ug,Advanced,advanced,Back,Latissimus Dorsi,Biceps Brachii,Climbing Rope,1,,0,Climbing Rope,gym,Hanging,Double Arm,Alternating,Mixed Grip,No Load,Continuous,No Elevation,Single Exercise,Vertical Pull,Sagittal Plane,Upper Body,Pull,Compound,Unilateral,Calisthenics
climbing-rope-l-sit-climb,Climbing Rope L Sit Climb,https://youtu.be/ZuDgEhPspvo?si=BndR3kA8YnLxuZxN,,Master,advanced,Back,Latissimus Dorsi,Biceps Brachii|Rectus Abdominis,Climbing Rope,1,,0,Climbing Rope,gym,Hanging,Double Arm,Alternating,Mixed Grip,No Load,Continuous,No Elevation,Single Exercise,Vertical Pull|Isometric Hold,Sagittal Plane,Upper Body,Pull,Compound,Unilateral,Calisthenics
climbing-rope-l-sit-pull-up,Climbing Rope L Sit Pull Up,https://youtu.be/YPIv3MogGgo?si=W46_DHRaS-ROfgcb,,Advanced,advanced,Back,Latissimus Dorsi,Biceps Brachii|Rectus Abdominis,Climbing Rope,1,,0,Climbing Rope,gym,Hanging,Double Arm,Continuous,Mixed Grip,No Load,Continuous,No Elevation,Single Exercise,Vertical Pull|Isometric Hold,Sagittal Plane,Upper Body,Pull,Compound,Bilateral,Calisthenics
climbing-rope-legless-climb,Climbing Rope Legless Climb,https://youtu.be/rfr-Tw3Pxh8?si=qrQ6_5_lPNIjF4eo,https://youtu.be/7ckCqyAy_UU?si=Kaol49pIwsK5Jf7R,Expert,advanced,Back,Latissimus Dorsi,Biceps Brachii,Climbing Rope,1,,0,Climbing Rope,gym,Hanging,Double Arm,Alternating,Mixed Grip,No Load,Continuous,No Elevation,Single Exercise,Vertical Pull,Sagittal Plane,Upper Body,Pull,Compound,Unilateral,Calisthenics
climbing-rope-pull-up,Climbing Rope Pull Up,https://youtu.be/ifMzUGTW5WA?si=EnT0Z-s6UM5TbSHH,,Intermediate,intermediate,Back,Latissimus Dorsi,Biceps Brachii,Climbing Rope,1,,0,Climbing Rope,gym,Hanging,Double Arm,Continuous,Mixed Grip,No Load,Continuous,No Elevation,Single Exercise,Vertical Pull,Sagittal Plane,Upper Body,Pull,Compound,Bilateral,Calisthenics
climbing-rope-s-wrap-climb,Climbing Rope S Wrap Climb,https://youtu.be/zBoTgBpkn7o?si=3Ix0hv2wZwd-m2Co,https://youtu.be/QTMf7TS7ySk?si=PqMGO7zWw2svtNPj,Advanced,advanced,Back,Latissimus Dorsi,Biceps Brachii,Climbing Rope,1,,0,Climbing Rope,gym,Hanging,Double Arm,Alternating,Mixed Grip,No Load,Continuous,No Elevation,Single Exercise,Vertical Pull,Sagittal Plane,Upper Body,Pull,Compound,Unilateral,Calisthenics
climbing-rope-seated-l-sit-pull-up,Climbing Rope Seated L Sit Pull Up,https://youtu.be/N1NCIgaCbmo?si=50uKC_L4pEPyhR7m,https://youtu.be/0EdWY_0e_c8?si=p0Ti9qhFu_RXAmNJ,Advanced,advanced,Back,Latissimus Dorsi,Biceps Brachii|Rectus Abdominis,Climbing Rope,1,,0,Climbing Rope,gym,Hanging,Double Arm,Continuous,Mixed Grip,No Load,Continuous,No Elevation,Single Exercise,Vertical Pull|Isometric Hold,Sagittal Plane,Upper Body,Pull,Compound,Bilateral,Calisthenics
clubbell-barbarian-squat,Clubbell Barbarian Squat,https://youtu.be/SnRUNmL46So?si=LiGATOKJlrhb676E,https://youtu.be/JQ1UxkSqROQ?si=qs0lvcB3j2EsoQOa,Novice,beginner,Quadriceps,Quadriceps Femoris,Posterior Deltoids,Clubbell,1,,0,Clubbell,gym,Standing,Double Arm,Continuous,Neutral,Overhead,Continuous,No Elevation,Single Exercise,Knee Dominant,Sagittal Plane,Full Body,Push & Pull,Compound,Bilateral,
clubbell-front-flag-press,Clubbell Front Flag Press,https://youtu.be/3_F4oUpYY7Q?si=qgoqjkcK33CSqmX4,,Novice,beginner,Shoulders,Anterior Deltoids,Triceps Brachii,Clubbell,1,,0,Clubbell,gym,Standing,Double Arm,Continuous,Neutral,Other,Continuous,No Elevation,Single Exercise,Horizontal Push,Sagittal Plane,Upper Body,Push,Compound,Bilateral,
clubbell-hammer-swing,Clubbell Hammer Swing,https://youtu.be/8gLU9bNm4TE?si=4FnpId_WJCijmDqW,https://youtu.be/Zk_uT6dHfFM?si=9gx2NoRe2hquzwXj,Intermediate,intermediate,Abdominals,Obliques,Anterior Deltoids,Clubbell,1,,0,Clubbell,gym,Standing,Double Arm,Continuous,Neutral,Overhead,Continuous,No Elevation,Single Exercise,Rotational,Sagittal Plane,Full Body,,Compound,Bilateral,Ballistics
clubbell-inside-pendulum,Clubbell Inside Pendulum,https://youtu.be/KPxWt4X3CYQ?si=LHuzEfvY58pZcQ4P,https://youtu.be/sfzt6cLkFW0?si=PS8mGN_7PKhADecq,Intermediate,intermediate,Abdominals,Obliques,Gluteus Maximus,Clubbell,1,,0,Clubbell,gym,Standing,Double Arm,Continuous,Neutral,Other,Continuous,No Elevation,Single Exercise,Rotational,Transverse Plane,Full Body,Other,Compound,Bilateral,Ballistics
clubbell-mill,Clubbell Mill,https://youtu.be/uIqkGCpjsx8?si=_GzAaZAVU4-bAgla,,Intermediate,intermediate,Shoulders,Posterior Deltoids,Gluteus Maximus|Obliques,Clubbell,1,,0,Clubbell,gym,Standing,Double Arm,Continuous,Neutral,Behind Back,Continuous,No Elevation,Single Exercise,Rotational,Transverse Plane,Upper Body,Pull,Compound,Bilateral,Ballistics
clubbell-order-forward-lunge,Clubbell Order Forward Lunge,https://youtu.be/mVJyt-hJqQ4?si=ZyQU-rcyvqeQG8GO,,Novice,beginner,Quadriceps,Quadriceps Femoris,Gluteus Maximus|Biceps Femoris,Clubbell,1,,0,Clubbell,gym,Standing,Double Arm,Continuous,Neutral,Other,Continuous,No Elevation,Single Exercise,Knee Dominant,Sagittal Plane,Lower Body,Push,Compound,Unilateral,Bodybuilding
clubbell-outside-circle,Clubbell Outside Circle,https://youtu.be/9lVJZ8o8nzM?si=4NnTRdg9x60PkNsZ,https://youtu.be/-MuseVIc0bg?si=Ud93xU7eP4DnCjdH,Intermediate,intermediate,Abdominals,Rectus Abdominis,Gluteus Maximus|Brachioradialis,Clubbell,1,,0,Clubbell,gym,Standing,Double Arm,Continuous,Neutral,Other,Continuous,No Elevation,Single Exercise,Rotational,Transverse Plane,Full Body,Other,Compound,Bilateral,Ballistics
clubbell-outside-pendulum,Clubbell Outside Pendulum,https://youtu.be/8v5XgK3oeeE?si=kU1NrAcgDEWvlUj6,https://youtu.be/y9qsJ0bpmzs?si=igrSLxqXhCydTTCr,Intermediate,intermediate,Abdominals,Obliques,Gluteus Maximus,Clubbell,1,,0,Clubbell,gym,Standing,Double Arm,Continuous,Neutral,Other,Continuous,No Elevation,Single Exercise,Rotational,Transverse Plane,Full Body,Other,Compound,Bilateral,Ballistics
clubbell-pullover,Clubbell Pullover,https://youtu.be/0sRFLvzcqxw?si=cqK8W0uEQdEUfDAy,https://youtu.be/jpIn1Sumg78?si=l1eFqwf4PiMMc7cV,Novice,beginner,Back,Latissimus Dorsi,Posterior Deltoids|Triceps Brachii,Clubbell,1,,0,Clubbell,gym,Standing,Double Arm,Continuous,Neutral,Behind Back,Continuous,No Elevation,Single Exercise,,Sagittal Plane,Upper Body,Pull,Compound,Bilateral,
clubbell-swing,Clubbell Swing,https://youtu.be/9JHFkrjW4_Y?si=m1HLdDm33Jymv5KP,,Novice,beginner,Glutes,Gluteus Maximus,,Clubbell,1,,0,Clubbell,gym,Standing,Double Arm,Continuous,Pronated,Other,Continuous,No Elevation,Single Exercise,Hip Hinge,Sagittal Plane,Full Body,,Compound,Bilateral,Ballistics
clubbell-swing-to-alternating-shoulder-park-squat,Clubbell Swing to Alternating Shoulder Park Squat,https://youtu.be/88ySRsmla4U?si=HG4Mctbie8EQOKUi,,Intermediate,intermediate,Quadriceps,Quadriceps Femoris,Gluteus Maximus,Clubbell,1,,0,Clubbell,gym,Standing,Double Arm,Continuous,Neutral,Shoulder,Continuous,No Elevation,Combo Exercise,Hip Hinge|Knee Dominant,Sagittal Plane,Lower Body,Push,Compound,Bilateral,
clubbell-torch-press,Clubbell Torch Press,https://youtu.be/REUDhFnYMYc?si=13Shwx4VKvuvNLZh,https://youtu.be/ZLwgEO6J89U?si=L6zaRYpDOG7rBE6z,Novice,beginner,Shoulders,Anterior Deltoids,Latissimus Dorsi,Clubbell,1,,0,Clubbell,gym,Standing,Double Arm,Continuous,Neutral,Other,Continuous,No Elevation,Single Exercise,Vertical Push,Sagittal Plane,Upper Body,Push,Compound,Bilateral,
double-cable-bayesian-curl,Double Cable Bayesian Curl,https://youtu.be/8A53W4ABe5I?si=PlVzkrowfJy1WXF1,https://youtu.be/4O24gFksZ04?si=5GrZ3zJsUsOIDTqL,Novice,beginner,Biceps,Biceps Brachii,Brachialis|Brachioradialis,Cable,2,,0,Cable,gym,Staggered Stance,Double Arm,Continuous,Supinated,Other,Continuous,No Elevation,Single Exercise,Elbow Flexion,Sagittal Plane,Upper Body,Pull,Isolation,Bilateral,Bodybuilding
double-cable-chest-fly,Double Cable Chest Fly,https://youtu.be/rmwijjkuXug?si=KrHxKYPbcDVtz1gH,https://youtu.be/WEM9FCIPlxQ?si=PLumKQTIRgnkSzXY,Beginner,beginner,Chest,Pectoralis Major,Anterior Deltoids|Biceps Brachii,Cable,2,,0,Cable,gym,Staggered Stance,Double Arm,Continuous,Neutral,Other,Continuous,No Elevation,Single Exercise,Horizontal Adduction,Transverse Plane,Upper Body,Push,Isolation,Bilateral,Bodybuilding
double-cable-decline-bench-chest-fly,Double Cable Decline Bench Chest Fly,https://youtu.be/jIt8nG02Ss0?si=eVQ-M_zbzpxQN1mL&utm_source=MTQxZ,,Beginner,beginner,Chest,Pectoralis Major,Anterior Deltoids|Biceps Brachii,Cable,2,Bench (Decline),1,Cable|Bench (Decline),gym,Supine,Double Arm,Continuous,Neutral,Other,Continuous,No Elevation,Single Exercise,Horizontal Adduction,Transverse Plane,Upper Body,Push,Isolation,Bilateral,Bodybuilding
double-cable-high-to-low-chest-fly,Double Cable High to Low Chest Fly,https://youtu.be/ixn_1zDpCPc?si=5L7Yqa5uoLVVlY6W,https://youtu.be/8Um35Es-ROE?si=fu1dvpePywv0aNV2,Beginner,beginner,Chest,Pectoralis Major,Anterior Deltoids|Biceps Brachii,Cable,2,,0,Cable,gym,Staggered Stance,Double Arm,Continuous,Neutral,Other,Continuous,No Elevation,Single Exercise,Horizontal Adduction,Transverse Plane,Upper Body,Push,Isolation,Bilateral,Bodybuilding
double-cable-incline-bench-chest-fly,Double Cable Incline Bench Chest Fly,https://youtu.be/i6WHN9L5uYk?si=YLzKzoCoztvNvlQl&utm_source=MTQxZ,https://youtu.be/LGDCjwO-hFg?si=PGdl-Al6d9xjHoVi&utm_source=MTQxZ,Beginner,beginner,Chest,Pectoralis Major,Anterior Deltoids|Biceps Brachii,Cable,2,Bench (Incline),1,Cable|Bench (Incline),gym,Seated,Double Arm,Continuous,Neutral,Other,Continuous,No Elevation,Single Exercise,Horizontal Adduction,Transverse Plane,Upper Body,Push,Isolation,Bilateral,Bodybuilding
double-cable-low-to-high-chest-fly,Double Cable Low to High Chest Fly,https://youtu.be/mlONJDFVtAY?si=T4BhC9LNsFQmK0y7,https://youtu.be/M1N804yWA-8?si=2udfgaCcvhbe_pVY,Beginner,beginner,Chest,Pectoralis Major,Anterior Deltoids|Biceps Brachii,Cable,2,,0,Cable,gym,Staggered Stance,Double Arm,Continuous,Neutral,Other,Continuous,No Elevation,Single Exercise,Horizontal Adduction,Transverse Plane,Upper Body,Push,Isolation,Bilateral,Bodybuilding
double-cable-seated-chest-fly,Double Cable Seated Chest Fly,https://youtu.be/kMmV0thhwnA?si=JAh7-DW4Wpz2xBJd&utm_source=MTQxZ,https://youtu.be/CT7vDnPJZ9w?feature=shared&utm_source=MTQxZ,Beginner,beginner,Chest,Pectoralis Major,Anterior Deltoids|Biceps Brachii,Cable,2,Bench (Flat),1,Cable|Bench (Flat),gym,Seated,Double Arm,Continuous,Neutral,Other,Continuous,No Elevation,Single Exercise,Horizontal Adduction,Transverse Plane,Upper Body,Push,Isolation,Bilateral,Bodybuilding
double-clubbell-asynchronous-mill,Double Clubbell Asynchronous Mill,https://youtu.be/2t7u5sapU1Q?si=KigwClnysDsb8CGJ,,Expert,advanced,Shoulders,Posterior Deltoids,Gluteus Maximus|Obliques,Clubbell,2,,0,Clubbell,gym,Standing,Double Arm,Alternating,Neutral,Behind Back,Continuous,No Elevation,Single Exercise,Rotational,Transverse Plane,Upper Body,Pull,Compound,Unilateral,Ballistics
double-clubbell-iron-cross,Double Clubbell Iron Cross,https://youtu.be/ekVV4qI2q9A?si=E3yTJpSwWDur0p82,https://youtu.be/RwinMV55N5I?si=ZJLkwa3eVFYaxRCq,Intermediate,intermediate,Shoulders,Posterior Deltoids,,Clubbell,2,,0,Clubbell,gym,Standing,Double Arm,Continuous,Neutral,Overhead,Continuous,No Elevation,Single Exercise,,Frontal Plane,Upper Body,Pull,Compound,Bilateral,
double-clubbell-mill,Double Clubbell Mill,https://youtu.be/vwRppLKenzw?si=lWbUFOXUJgHzwIVl,,Intermediate,intermediate,Shoulders,Posterior Deltoids,Gluteus Maximus|Obliques,Clubbell,2,,0,Clubbell,gym,Standing,Double Arm,Continuous,Neutral,Behind Back,Continuous,No Elevation,Single Exercise,Rotational,Transverse Plane,Upper Body,Pull,Compound,Bilateral,Ballistics
double-clubbell-pullover,Double Clubbell Pullover,https://youtu.be/2ZYphWzJedw?si=f5GGOhThihsKqIds,https://youtu.be/d6x6YACiUx8?si=KOdxdmqhKdBF07lE,Novice,beginner,Back,Latissimus Dorsi,Posterior Deltoids|Triceps Brachii,Clubbell,2,,0,Clubbell,gym,Standing,Double Arm,Continuous,Neutral,Behind Back,Continuous,No Elevation,Single Exercise,,Sagittal Plane,Upper Body,Pull,Compound,Bilateral,
double-clubbell-side-flag-press,Double Clubbell Side Flag Press,https://youtu.be/_bnWJymK0tU?si=vYh91PF76xgOyPll,https://youtu.be/6p7mbHsX9rA?si=ePxWd06sMmnFRNLu,Intermediate,intermediate,Shoulders,Lateral Deltoids,,Clubbell,2,,0,Clubbell,gym,Standing,Double Arm,Continuous,Neutral,Other,Continuous,No Elevation,Single Exercise,Shoulder Abduction,Frontal Plane,Upper Body,Push,Compound,Bilateral,
double-clubbell-swipe,Double Clubbell Swipe,https://youtu.be/IABFtVxvqdo?si=Krk5vT1xDU9YcRb2,https://youtu.be/Ec7n3S5G3Ko?si=Xbf10Qg6yfyLzV5w,Intermediate,intermediate,Glutes,Gluteus Maximus,Biceps Femoris|Latissimus Dorsi,Clubbell,2,,0,Clubbell,gym,Standing,Double Arm,Continuous,Neutral,Other,Continuous,No Elevation,Single Exercise,Hip Hinge,Sagittal Plane,Full Body,,Compound,Bilateral,Ballistics
double-dumbbell-arnold-press,Double Dumbbell Arnold Press,https://youtu.be/sbGP9VjnjEg?si=QtatKrbr2B5FgS6F,,Beginner,beginner,Shoulders,Anterior Deltoids,Triceps Brachii,Dumbbell,2,,0,Dumbbell,dumbbells|gym,Standing,Double Arm,Continuous,Pronated,Overhead,Continuous,No Elevation,Single Exercise,Vertical Push,Transverse Plane|Sagittal Plane,Upper Body,Push,Compound,Bilateral,Bodybuilding
double-dumbbell-bench-press,Double Dumbbell Bench Press,https://youtu.be/ZaDlbm8E8Tg?si=BvNUvyhh8eTuBDsz,https://youtu.be/xphvjGDZeYE,Beginner,beginner,Chest,Pectoralis Major,Triceps Brachii,Dumbbell,2,Bench (Flat),1,Dumbbell|Bench (Flat),dumbbells|gym,Supine,Double Arm,Continuous,Pronated,Above Chest,Continuous,No Elevation,Single Exercise,Horizontal Push,Sagittal Plane,Upper Body,Push,Compound,Bilateral,Bodybuilding
double-dumbbell-bent-over-reverse-fly,Double Dumbbell Bent Over Reverse Fly,https://youtu.be/hf7jnF45N_I?si=1OHNa_B7yazQ9w4L,,Beginner,beginner,Shoulders,Posterior Deltoids,,Dumbbell,2,,0,Dumbbell,dumbbells|gym,Standing,Double Arm,Continuous,Neutral,Other,Continuous,No Elevation,Single Exercise,Horizontal Pull,Frontal Plane,Upper Body,Pull,Isolation,Bilateral,Bodybuilding
double-dumbbell-bent-over-row,Double Dumbbell Bent Over Row,https://youtu.be/6gvmcqr226U?si=Ubc_zUNwRYINkZSI,,Beginner,beginner,Back,Latissimus Dorsi,Rhomboids|Posterior Deltoids,Dumbbell,2,,0,Dumbbell,dumbbells|gym,Standing,Double Arm,Continuous,Neutral,Other,Continuous,No Elevation,Single Exercise,Horizontal Pull,Sagittal Plane,Upper Body,Pull,Compound,Bilateral,Bodybuilding
double-dumbbell-bicep-curl,Double Dumbbell Bicep Curl,https://youtu.be/HnHuhf4hEWY?si=WSqsCA9Khdbz3ag0,,Beginner,beginner,Biceps,Biceps Brachii,Brachialis|Brachioradialis,Dumbbell,2,,0,Dumbbell,dumbbells|gym,Standing,Double Arm,Continuous,Supinated,Other,Continuous,No Elevation,Single Exercise,Elbow Flexion,Sagittal Plane,Upper Body,Pull,Isolation,Bilateral,Bodybuilding
double-dumbbell-chest-fly,Double Dumbbell Chest Fly,https://youtu.be/Nhvz9EzdJ4U?si=MdnuiWNh7Wkz1qK_,https://youtu.be/QENKPHhQVi4,Beginner,beginner,Chest,Pectoralis Major,Anterior Deltoids|Biceps Brachii,Dumbbell,2,Bench (Flat),1,Dumbbell|Bench (Flat),dumbbells|gym,Supine,Double Arm,Continuous,Neutral,Above Chest,Continuous,No Elevation,Single Exercise,Horizontal Adduction,Transverse Plane,Upper Body,Push,Isolation,Bilateral,Bodybuilding
double-dumbbell-close-grip-bench-press,Double Dumbbell Close Grip Bench Press,https://youtu.be/bo6bVNho2v8?si=hNk_wo1PWsqhkRyo,https://youtu.be/zZX5AGyg3VQ,Beginner,beginner,Triceps,Triceps Brachii,Pectoralis Major|Anterior Deltoids,Dumbbell,2,Bench (Flat),1,Dumbbell|Bench (Flat),dumbbells|gym,Supine,Double Arm,Continuous,Neutral,Above Chest,Continuous,No Elevation,Single Exercise,Horizontal Push,Sagittal Plane,Upper Body,Push,Compound,Bilateral,Bodybuilding
double-dumbbell-close-grip-floor-press,Double Dumbbell Close Grip Floor Press,https://youtu.be/s6ydoB3ktlI,,Beginner,beginner,Triceps,Triceps Brachii,Pectoralis Major|Anterior Deltoids,Dumbbell,2,,0,Dumbbell,dumbbells|gym,Supine,Double Arm,Continuous,Neutral,Above Chest,Continuous,No Elevation,Single Exercise,Horizontal Push,Sagittal Plane,Upper Body,Push,Compound,Bilateral,Bodybuilding
double-dumbbell-close-grip-incline-bench-press,Double Dumbbell Close Grip Incline Bench Press,https://youtu.be/a2RWkUS7ja4?si=MlLBdANbCwT-w0d1,,Beginner,beginner,Triceps,Triceps Brachii,Pectoralis Major|Anterior Deltoids,Dumbbell,2,Bench (Incline),1,Dumbbell|Bench (Incline),dumbbells|gym,Seated,Double Arm,Continuous,Neutral,Above Chest,Continuous,No Elevation,Single Exercise,Horizontal Push,Sagittal Plane,Upper Body,Push,Compound,Bilateral,Bodybuilding
double-dumbbell-cuban-press,Double Dumbbell Cuban Press,https://youtu.be/XpcOM9Np9LQ?si=p-JIsZ-J0LYgrnEO,https://youtu.be/oQJoK0a3h44,Novice,beginner,Shoulders,Posterior Deltoids,Infraspinatus|Upper Trapezius,Dumbbell,2,,0,Dumbbell,dumbbells|gym,Standing,Double Arm,Continuous,Pronated,Overhead,Continuous,No Elevation,Single Exercise,Shoulder External Rotation|Vertical Push,Transverse Plane,Upper Body,Push & Pull,Compound,Bilateral,
double-dumbbell-cuban-rotation,Double Dumbbell Cuban Rotation,https://youtu.be/_Cfrbn8dxH4,,Novice,beginner,Shoulders,Posterior Deltoids,Infraspinatus|Teres Minor,Dumbbell,2,,0,Dumbbell,dumbbells|gym,Standing,Double Arm,Continuous,Pronated,Other,Continuous,No Elevation,Single Exercise,Shoulder External Rotation,Transverse Plane,Upper Body,Pull,Isolation,Bilateral,
double-dumbbell-cyclist-thruster,Double Dumbbell Cyclist Thruster,https://youtu.be/qoswYkyJG-I?si=Jigh3MmNt7IIj-BA,,Novice,beginner,Quadriceps,Quadriceps Femoris,Anterior Deltoids,Dumbbell,2,Slant Board,1,Dumbbell|Slant Board,dumbbells|gym,Standing,Double Arm,Continuous,Neutral,Overhead,Continuous,Heels Elevated,Single Exercise,Knee Dominant|Vertical Push,Sagittal Plane,Full Body,Push,Compound,Bilateral,Bodybuilding
double-dumbbell-decline-bench-chest-fly,Double Dumbbell Decline Bench Chest Fly,https://youtu.be/7NlIkLqcgnw?si=uIGPB18ukc3iERL2,https://youtu.be/Pf1nDoqx_1A,Beginner,beginner,Chest,Pectoralis Major,Anterior Deltoids|Biceps Brachii,Dumbbell,2,Bench (Decline),1,Dumbbell|Bench (Decline),dumbbells|gym,Supine,Double Arm,Continuous,Neutral,Above Chest,Continuous,No Elevation,Single Exercise,Horizontal Adduction,Transverse Plane,Upper Body,Push,Isolation,Bilateral,Bodybuilding
double-dumbbell-decline-bench-press,Double Dumbbell Decline Bench Press,https://youtu.be/2B6WxyLaIrE?si=YFskQesFUqPMQA7s,https://youtu.be/Pf1nDoqx_1A,Beginner,beginner,Chest,Pectoralis Major,Triceps Brachii,Dumbbell,2,Bench (Decline),1,Dumbbell|Bench (Decline),dumbbells|gym,Supine,Double Arm,Continuous,Pronated,Above Chest,Continuous,No Elevation,Single Exercise,Horizontal Push,Sagittal Plane,Upper Body,Push,Compound,Bilateral,Bodybuilding
double-dumbbell-decline-bench-skull-crusher,Double Dumbbell Decline Bench Skull Crusher,https://youtu.be/UjS2nItQCf8?si=tgrOnpPIy1_W-KAt,https://youtu.be/6YecVVStK5g?si=NizVn6jI44uFLdd_,Beginner,beginner,Triceps,Triceps Brachii,Anconeus|Flexor Carpi Radialis,Dumbbell,2,Bench (Decline),1,Dumbbell|Bench (Decline),dumbbells|gym,Supine,Double Arm,Continuous,Neutral,Other,Continuous,No Elevation,Single Exercise,Elbow Extension,Sagittal Plane,Upper Body,Push,Compound,Bilateral,Bodybuilding
double-dumbbell-devil-press,Double Dumbbell Devil Press,https://youtu.be/SCOxIkPDqxM?si=JHtcK8O5k4voNCP2,https://youtu.be/Cwxmji-3k40,Advanced,advanced,Shoulders,Anterior Deltoids,Pectoralis Major,Dumbbell,2,,0,Dumbbell,dumbbells|gym,Standing,Double Arm,Continuous,Neutral,Overhead,Continuous,No Elevation,Single Exercise,Horizontal Push,Sagittal Plane,Full Body,Push,Compound,Bilateral,
double-dumbbell-feet-elevated-renegade-row,Double Dumbbell Feet Elevated Renegade Row,https://youtu.be/lLTBO5vqm8A?si=UXhSCQSR6oZS3B2T,https://youtu.be/5FcaN35DaAQ?si=ZfAD4sAbgN70vQ_W,Advanced,advanced,Back,Latissimus Dorsi,,Dumbbell,2,Bench (Flat),1,Dumbbell|Bench (Flat),dumbbells|gym,Prone,Double Arm,Alternating,Neutral,Other,Continuous,Feet Elevated,Single Exercise,Horizontal Pull|Anti-Extension,Sagittal Plane,Upper Body,Pull,Compound,Unilateral,Bodybuilding
double-dumbbell-floor-press,Double Dumbbell Floor Press,https://youtu.be/3u2DR9HL0tY?si=3Bcig3xQ4BI89qLa,https://youtu.be/Zt1s1YhZ8Ag?si=VdqFI6Yr9LCxrUfE,Beginner,beginner,Chest,Pectoralis Major,Triceps Brachii|Anterior Deltoids,Dumbbell,2,,0,Dumbbell,dumbbells|gym,Supine,Double Arm,Continuous,Pronated,Above Chest,Continuous,No Elevation,Single Exercise,Horizontal Push,Sagittal Plane,Upper Body,Push,Compound,Bilateral,Bodybuilding
double-dumbbell-floor-skull-crusher,Double Dumbbell Floor Skull Crusher,https://youtu.be/hLKejvgR5xY?feature=shared,https://youtu.be/9oUcNuuTMMA?si=BHDHOiWHZmbsjxgO,Beginner,beginner,Triceps,Triceps Brachii,Anconeus|Flexor Carpi Radialis,Dumbbell,2,,0,Dumbbell,dumbbells|gym,Supine,Double Arm,Continuous,Neutral,Other,Continuous,No Elevation,Single Exercise,Elbow Extension,Sagittal Plane,Upper Body,Push,Compound,Bilateral,Bodybuilding
double-dumbbell-front-rack-alternating-cossack-squat,Double Dumbbell Front Rack Alternating Cossack Squat,https://youtu.be/JFeG8YiLYmk,,Novice,beginner,Quadriceps,Quadriceps Femoris,Adductor Magnus|Gluteus Maximus,Dumbbell,2,,0,Dumbbell,dumbbells|gym,Standing,Double Arm,Continuous,Neutral,Front Rack,Alternating,No Elevation,Single Exercise,Knee Dominant,Frontal Plane,Lower Body,Push,Compound,Unilateral,Bodybuilding
double-dumbbell-front-rack-alternating-curtsy-lunge,Double Dumbbell Front Rack Alternating Curtsy Lunge,https://youtu.be/1VkEZirajQQ?si=4EJltD-xdvd_ifWT,,Novice,beginner,Quadriceps,Quadriceps Femoris,Gluteus Maximus|Adductor Magnus,Dumbbell,2,,0,Dumbbell,dumbbells|gym,Standing,Double Arm,Continuous,Neutral,Front Rack,Alternating,No Elevation,Single Exercise,Knee Dominant,Frontal Plane,Lower Body,Push,Compound,Unilateral,Bodybuilding
double-dumbbell-front-rack-alternating-forward-lunge,Double Dumbbell Front Rack Alternating Forward Lunge,https://youtu.be/Ambx6K-_AfY?si=2pUqPVUnlmZLMMwH,,Novice,beginner,Quadriceps,Quadriceps Femoris,Gluteus Maximus|Biceps Femoris,Dumbbell,2,,0,Dumbbell,dumbbells|gym,Standing,Double Arm,Continuous,Neutral,Front Rack,Alternating,No Elevation,Single Exercise,Knee Dominant,Sagittal Plane,Lower Body,Push,Compound,Unilateral,Bodybuilding
double-dumbbell-front-rack-alternating-lateral-lunge,Double Dumbbell Front Rack Alternating Lateral Lunge,https://youtu.be/V-crv5-Tqbg?si=k00dfu1tLmH4-h3a,,Novice,beginner,Quadriceps,Quadriceps Femoris,Gluteus Maximus|Adductor Magnus,Dumbbell,2,,0,Dumbbell,dumbbells|gym,Standing,Double Arm,Continuous,Neutral,Front Rack,Alternating,No Elevation,Single Exercise,Knee Dominant,Frontal Plane,Lower Body,Push,Compound,Unilateral,Bodybuilding
double-dumbbell-front-rack-alternating-reverse-lunge,Double Dumbbell Front Rack Alternating Reverse Lunge,https://youtu.be/1iT74xBv0LA?si=vNMiZEtQ8W3QCkqc,,Novice,beginner,Quadriceps,Quadriceps Femoris,Gluteus Maximus|Biceps Femoris,Dumbbell,2,,0,Dumbbell,dumbbells|gym,Standing,Double Arm,Continuous,Neutral,Front Rack,Alternating,No Elevation,Single Exercise,Knee Dominant,Sagittal Plane,Lower Body,Push,Compound,Unilateral,Bodybuilding
double-dumbbell-front-rack-alternating-step-up,Double Dumbbell Front Rack Alternating Step Up,https://youtu.be/anHX8Zp67C8?si=qbb7ETCqekLaflB_,,Novice,beginner,Quadriceps,Quadriceps Femoris,Gluteus Maximus|Biceps Femoris,Dumbbell,2,Plyo Box,1,Dumbbell|Plyo Box,dumbbells|gym,Standing,Double Arm,Continuous,Neutral,Front Rack,Alternating,Foot Elevated (Front),Single Exercise,Knee Dominant,Sagittal Plane,Lower Body,Push,Compound,Unilateral,Bodybuilding
double-dumbbell-front-rack-bulgarian-split-squat,Double Dumbbell Front Rack Bulgarian Split Squat,https://youtu.be/6DO1p1pOAwM?si=zeLSk3SSoVkoP_B9,,Intermediate,intermediate,Quadriceps,Quadriceps Femoris,Gluteus Maximus|Biceps Femoris,Dumbbell,2,Bench (Flat),1,Dumbbell|Bench (Flat),dumbbells|gym,Single Leg Supported,Double Arm,Continuous,Neutral,Front Rack,Continuous,Foot Elevated (Rear),Single Exercise,Knee Dominant,Sagittal Plane,Lower Body,Push,Compound,Unilateral,Bodybuilding
double-dumbbell-front-rack-calf-raise,Double Dumbbell Front Rack Calf Raise,https://youtu.be/nDJ9cjw2J7Y?feature=shared,,Beginner,beginner,Calves,Gastrocnemius,Soleus|Tibialis Posterior,Dumbbell,2,,0,Dumbbell,dumbbells|gym,Standing,Double Arm,Continuous,Neutral,Front Rack,Continuous,No Elevation,Single Exercise,Ankle Plantar Flexion,Sagittal Plane,Lower Body,Push,Isolation,Bilateral,Bodybuilding
double-dumbbell-front-rack-carry,Double Dumbbell Front Rack Carry,https://youtu.be/dDq_T_H8h5E?si=g4wZK9kvKsPxqI3d,,Novice,beginner,Abdominals,Rectus Abdominis,Gluteus Maximus,Dumbbell,2,,0,Dumbbell,dumbbells|gym,Walking,Double Arm,Continuous,Neutral,Front Rack,Alternating,No Elevation,Single Exercise,Loaded Carry,Sagittal Plane,Full Body,Other,Compound,Bilateral,
double-dumbbell-front-rack-cossack-squat,Double Dumbbell Front Rack Cossack Squat,https://youtu.be/ZxjMX7k3Zp0?si=pZtrI1oUYV-FsjgX,,Novice,beginner,Quadriceps,Quadriceps Femoris,Adductor Magnus|Gluteus Maximus,Dumbbell,2,,0,Dumbbell,dumbbells|gym,Standing,Double Arm,Continuous,Neutral,Front Rack,Continuous,No Elevation,Single Exercise,Knee Dominant,Frontal Plane,Lower Body,Push,Compound,Unilateral,Bodybuilding
double-dumbbell-front-rack-curtsy-lunge,Double Dumbbell Front Rack Curtsy Lunge,https://youtu.be/ORgVFXTysI8?si=F2L2x6t0lsu7RXmy,,Novice,beginner,Quadriceps,Quadriceps Femoris,Gluteus Maximus|Adductor Magnus,Dumbbell,2,,0,Dumbbell,dumbbells|gym,Standing,Double Arm,Continuous,Neutral,Front Rack,Continuous,No Elevation,Single Exercise,Knee Dominant,Frontal Plane,Lower Body,Push,Compound,Unilateral,Bodybuilding
double-dumbbell-front-rack-cyclist-squat,Double Dumbbell Front Rack Cyclist Squat,https://youtu.be/QV4DL31Ch94?si=6O9QTMoEB9MtwsZY,,Novice,beginner,Quadriceps,Quadriceps Femoris,Gluteus Maximus|Soleus,Dumbbell,2,Slant Board,1,Dumbbell|Slant Board,dumbbells|gym,Standing,Double Arm,Continuous,Neutral,Front Rack,Continuous,Heels Elevated,Single Exercise,Knee Dominant,Sagittal Plane,Lower Body,Push,Compound,Bilateral,Bodybuilding
double-dumbbell-front-rack-foot-elevated-cossack-squat,Double Dumbbell Front Rack Foot Elevated Cossack Squat,https://youtu.be/d0gACX9heHk?si=U0snvFOFoR0LH9Ne,,Intermediate,intermediate,Quadriceps,Quadriceps Femoris,Adductor Magnus|Gluteus Maximus,Dumbbell,2,,0,Dumbbell,dumbbells|gym,Standing,Double Arm,Continuous,Neutral,Front Rack,Continuous,Foot Elevated (Lateral),Single Exercise,Knee Dominant,Frontal Plane,Lower Body,Push,Compound,Unilateral,Bodybuilding
double-dumbbell-front-rack-foot-elevated-knee-over-toe-split-squat,Double Dumbbell Front Rack Foot Elevated Knee Over Toe Split Squat,https://youtu.be/7obV55SSiaw?si=S805NWBkc0FbMt7c,,Novice,beginner,Quadriceps,Quadriceps Femoris,Gluteus Maximus|Soleus,Dumbbell,2,,0,Dumbbell,dumbbells|gym,Knee Over Toe Split Squat,Double Arm,Continuous,Neutral,Front Rack,Continuous,Foot Elevated (Front),Single Exercise,Knee Dominant,Sagittal Plane,Lower Body,Push,Compound,Unilateral,Bodybuilding
double-dumbbell-front-rack-forward-lunge,Double Dumbbell Front Rack Forward Lunge,https://youtu.be/gqAaDuZQjXY?si=XpGry05ejKZXpsz-,,Novice,beginner,Quadriceps,Quadriceps Femoris,Gluteus Maximus|Biceps Femoris,Dumbbell,2,,0,Dumbbell,dumbbells|gym,Standing,Double Arm,Continuous,Neutral,Front Rack,Continuous,No Elevation,Single Exercise,Knee Dominant,Sagittal Plane,Lower Body,Push,Compound,Unilateral,Bodybuilding
double-dumbbell-front-rack-knee-over-toe-split-squat,Double Dumbbell Front Rack Knee Over Toe Split Squat,https://youtu.be/WQUXh0Zk1XU?si=nWvh_443nHiOu2bH,,Novice,beginner,Quadriceps,Quadriceps Femoris,Gluteus Maximus|Soleus,Dumbbell,2,,0,Dumbbell,dumbbells|gym,Knee Over Toe Split Squat,Double Arm,Continuous,Neutral,Front Rack,Continuous,No Elevation,Single Exercise,Knee Dominant,Sagittal Plane,Lower Body,Push,Compound,Unilateral,Bodybuilding
double-dumbbell-front-rack-lateral-lunge,Double Dumbbell Front Rack Lateral Lunge,https://youtu.be/yX1XqdeaczU?si=-zoUhOUe3G-CUM4q,,Novice,beginner,Quadriceps,Quadriceps Femoris,Gluteus Maximus|Adductor Magnus,Dumbbell,2,,0,Dumbbell,dumbbells|gym,Standing,Double Arm,Continuous,Neutral,Front Rack,Continuous,No Elevation,Single Exercise,Knee Dominant,Frontal Plane,Lower Body,Push,Compound,Unilateral,Bodybuilding
double-dumbbell-front-rack-march,Double Dumbbell Front Rack March,https://youtu.be/46yupJpHPBM?feature=shared,,Novice,beginner,Hip Flexors,Iliopsoas,Rectus Abdominis|Gluteus Medius,Dumbbell,2,,0,Dumbbell,dumbbells|gym,March,Double Arm,Continuous,Neutral,Front Rack,Alternating,No Elevation,Single Exercise,Locomotion,Sagittal Plane,Core,Other,Compound,Unilateral,Balance
double-dumbbell-front-rack-reverse-lunge,Double Dumbbell Front Rack Reverse Lunge,https://youtu.be/Zv8CDt76v-o?si=2EUkwtXgQzLAb65b,https://youtu.be/v8kvmY85TEQ?si=xMnBcXliF5Tir01K,Novice,beginner,Quadriceps,Quadriceps Femoris,Gluteus Maximus|Biceps Femoris,Dumbbell,2,,0,Dumbbell,dumbbells|gym,Standing,Double Arm,Continuous,Neutral,Front Rack,Continuous,No Elevation,Single Exercise,Knee Dominant,Sagittal Plane,Lower Body,Push,Compound,Unilateral,Bodybuilding
double-dumbbell-front-rack-split-squat,Double Dumbbell Front Rack Split Squat,https://youtu.be/Bf4HVTwMjkc?si=j0OgjVc5PW-T2bs6,,Novice,beginner,Quadriceps,Quadriceps Femoris,Gluteus Maximus|Biceps Femoris,Dumbbell,2,,0,Dumbbell,dumbbells|gym,Split Squat,Double Arm,Continuous,Neutral,Front Rack,Continuous,No Elevation,Single Exercise,Knee Dominant,Sagittal Plane,Lower Body,Push,Compound,Unilateral,Bodybuilding
double-dumbbell-front-rack-squat,Double Dumbbell Front Rack Squat,https://youtu.be/B86Zj72LwzA,,Novice,beginner,Quadriceps,Quadriceps Femoris,Gluteus Maximus,Dumbbell,2,,0,Dumbbell,dumbbells|gym,Standing,Double Arm,Continuous,Neutral,Front Rack,Continuous,No Elevation,Single Exercise,Knee Dominant,Sagittal Plane,Lower Body,Push,Compound,Bilateral,Bodybuilding
double-dumbbell-front-rack-step-up,Double Dumbbell Front Rack Step Up,https://youtu.be/hKLIHPXmPA4?si=mk9hkktF_4qw0okV,,Novice,beginner,Quadriceps,Quadriceps Femoris,Gluteus Maximus|Biceps Femoris,Dumbbell,2,Plyo Box,1,Dumbbell|Plyo Box,dumbbells|gym,Standing,Double Arm,Continuous,Neutral,Front Rack,Continuous,Foot Elevated (Front),Single Exercise,Knee Dominant,Sagittal Plane,Lower Body,Push,Compound,Unilateral,Bodybuilding
double-dumbbell-front-rack-walking-lunge,Double Dumbbell Front Rack Walking Lunge,https://youtu.be/i3qlK1vA0z4?si=LCNdYUF9IbCDWnYm,,Novice,beginner,Quadriceps,Quadriceps Femoris,Gluteus Maximus|Biceps Femoris,Dumbbell,2,,0,Dumbbell,dumbbells|gym,Walking,Double Arm,Continuous,Neutral,Front Rack,Alternating,No Elevation,Single Exercise,Knee Dominant,Sagittal Plane,Lower Body,Push,Compound,Unilateral,Bodybuilding
double-dumbbell-front-raise,Double Dumbbell Front Raise,https://youtu.be/67-J94MVJUg?si=TUVKne9uaJdYMy3x,,Beginner,beginner,Shoulders,Anterior Deltoids,Pectoralis Major|Biceps Brachii,Dumbbell,2,,0,Dumbbell,dumbbells|gym,Standing,Double Arm,Continuous,Pronated,Other,Continuous,No Elevation,Single Exercise,Shoulder Flexion,Sagittal Plane,Upper Body,Push,Isolation,Bilateral,Bodybuilding
double-dumbbell-glute-bridge-isometric-bench-press,Double Dumbbell Glute Bridge Isometric Bench Press,https://youtu.be/CyHxva5XYYY,,Novice,beginner,Chest,Pectoralis Major,Triceps Brachii|Anterior Deltoids,Dumbbell,2,Bench (Flat),1,Dumbbell|Bench (Flat),dumbbells|gym,Bridge,Double Arm,Continuous,Pronated,Above Chest,Continuous,No Elevation,Single Exercise,Horizontal Push|Isometric Hold,Sagittal Plane,Full Body,Push,Compound,Bilateral,Bodybuilding
double-dumbbell-glute-bridge-isometric-floor-press,Double Dumbbell Glute Bridge Isometric Floor Press,https://youtu.be/195-8CoZDgo,,Novice,beginner,Chest,Pectoralis Major,Triceps Brachii|Gluteus Maximus,Dumbbell,2,,0,Dumbbell,dumbbells|gym,Bridge,Double Arm,Continuous,Pronated,Above Chest,Continuous,No Elevation,Single Exercise,Horizontal Push|Isometric Hold,Sagittal Plane,Full Body,Push,Compound,Bilateral,Bodybuilding
double-dumbbell-half-kneeling-overhead-press,Double Dumbbell Half Kneeling Overhead Press,https://youtu.be/HZM84steEyw?si=wN3l2SpjKBFPTIbD,,Novice,beginner,Shoulders,Anterior Deltoids,Triceps Brachii|Rectus Abdominis,Dumbbell,2,,0,Dumbbell,dumbbells|gym,Half Kneeling,Double Arm,Continuous,Neutral,Overhead,Continuous,No Elevation,Single Exercise,Vertical Push,Sagittal Plane,Upper Body,Push,Compound,Bilateral,Bodybuilding
double-dumbbell-half-kneeling-seesaw-overhead-press,Double Dumbbell Half Kneeling Seesaw Overhead Press,https://youtu.be/NP4p_SWAgnA?si=VoTKPhBbaaWrrYZH,,Novice,beginner,Shoulders,Anterior Deltoids,Triceps Brachii|Rectus Abdominis,Dumbbell,2,,0,Dumbbell,dumbbells|gym,Half Kneeling,Double Arm,Alternating,Neutral,Overhead,Continuous,No Elevation,Single Exercise,Vertical Push,Sagittal Plane,Upper Body,Push,Compound,Unilateral,Bodybuilding
double-dumbbell-hammer-curl,Double Dumbbell Hammer Curl,https://youtu.be/fM0TQLoesLs?si=Jdgh0xyXpZA-KwyM,,Beginner,beginner,Biceps,Biceps Brachii,Brachialis|Brachioradialis,Dumbbell,2,,0,Dumbbell,dumbbells|gym,Standing,Double Arm,Continuous,Neutral,Other,Continuous,No Elevation,Single Exercise,Elbow Flexion,Sagittal Plane,Upper Body,Pull,Isolation,Bilateral,Bodybuilding
double-dumbbell-hang-power-clean,Double Dumbbell Hang Power Clean,https://youtu.be/_1Tp01g9ciU?si=NTgkT4x59EZyPH9T,,Intermediate,intermediate,Glutes,Gluteus Maximus,,Dumbbell,2,,0,Dumbbell,dumbbells|gym,Standing,Double Arm,Continuous,Neutral,Front Rack,Continuous,No Elevation,Single Exercise,Hip Hinge,Sagittal Plane,Full Body,,Compound,Bilateral,Ballistics
double-dumbbell-hang-snatch,Double Dumbbell Hang Snatch,https://youtu.be/cSmvSLAiJUM?si=h-chBAq-PsufLIrW,https://youtu.be/dRAt2NB1bi0?si=gZM-j0lCV-3Bm6LP,Intermediate,intermediate,Glutes,Gluteus Maximus,Anterior Deltoids,Dumbbell,2,,0,Dumbbell,dumbbells|gym,Standing,Double Arm,Continuous,Neutral,Overhead,Continuous,No Elevation,Single Exercise,Hip Hinge,Sagittal Plane,Full Body,,Compound,Bilateral,Ballistics
double-dumbbell-hang-split-clean,Double Dumbbell Hang Split Clean,https://youtu.be/ILaWpcO0NdQ?si=wZ59jqUF1LZLoldu,,Intermediate,intermediate,Quadriceps,Quadriceps Femoris,Gluteus Maximus,Dumbbell,2,,0,Dumbbell,dumbbells|gym,Staggered Stance,Double Arm,Continuous,Neutral,Front Rack,Continuous,No Elevation,Single Exercise,Knee Dominant|Hip Hinge,Sagittal Plane,Full Body,,Compound,Unilateral,Ballistics
double-dumbbell-hang-squat-clean,Double Dumbbell Hang Squat Clean,https://youtu.be/lYo3ofjjUKI?si=6bwkgshNWDvWIlQc,,Intermediate,intermediate,Quadriceps,Quadriceps Femoris,Gluteus Maximus,Dumbbell,2,,0,Dumbbell,dumbbells|gym,Standing,Double Arm,Continuous,Neutral,Front Rack,Continuous,No Elevation,Single Exercise,Knee Dominant|Hip Hinge,Sagittal Plane,Full Body,,Compound,Bilateral,Ballistics
double-dumbbell-incline-bench-bicep-curl,Double Dumbbell Incline Bench Bicep Curl,https://youtu.be/aG7CXiKxepw?si=FH8eUTIYzp_z04m0,,Beginner,beginner,Biceps,Biceps Brachii,Brachialis|Brachioradialis,Dumbbell,2,Bench (Incline),1,Dumbbell|Bench (Incline),dumbbells|gym,Seated,Double Arm,Continuous,Supinated,Other,Continuous,No Elevation,Single Exercise,Elbow Flexion,Sagittal Plane,Upper Body,Pull,Isolation,Bilateral,Bodybuilding
double-dumbbell-incline-bench-chest-fly,Double Dumbbell Incline Bench Chest Fly,https://youtu.be/JSDpq14vCZ8?si=DX2UhxTVlOLFkyF3,https://youtu.be/bDaIL_zKbGs,Beginner,beginner,Chest,Pectoralis Major,Anterior Deltoids|Biceps Brachii,Dumbbell,2,Bench (Incline),1,Dumbbell|Bench (Incline),dumbbells|gym,Seated,Double Arm,Continuous,Neutral,Above Chest,Continuous,No Elevation,Single Exercise,Horizontal Adduction,Transverse Plane,Upper Body,Push,Isolation,Bilateral,Bodybuilding
double-dumbbell-incline-bench-hammer-curl,Double Dumbbell Incline Bench Hammer Curl,https://youtu.be/1Z6XiaBxwHQ?si=Da0lptFOFg_s0tyV,,Beginner,beginner,Biceps,Biceps Brachii,Brachialis|Brachioradialis,Dumbbell,2,Bench (Incline),1,Dumbbell|Bench (Incline),dumbbells|gym,Seated,Double Arm,Continuous,Neutral,Other,Continuous,No Elevation,Single Exercise,Elbow Flexion,Sagittal Plane,Upper Body,Pull,Isolation,Bilateral,Bodybuilding
double-dumbbell-incline-bench-press,Double Dumbbell Incline Bench Press,https://youtu.be/7QUcsq019Qs?si=rxXGikxFs6Y3YwPL,https://youtu.be/0G2_XV7slIg,Beginner,beginner,Chest,Pectoralis Major,Triceps Brachii,Dumbbell,2,Bench (Incline),1,Dumbbell|Bench (Incline),dumbbells|gym,Seated,Double Arm,Continuous,Pronated,Above Chest,Continuous,No Elevation,Single Exercise,Horizontal Push,Sagittal Plane,Upper Body,Push,Compound,Bilateral,Bodybuilding
double-dumbbell-incline-bench-prone-hammer-curl,Double Dumbbell Incline Bench Prone Hammer Curl,https://youtu.be/P-QvV7zOHjw?si=suRdks_sCJLNPIKX,,Beginner,beginner,Biceps,Biceps Brachii,Brachialis|Brachioradialis,Dumbbell,2,Bench (Incline),1,Dumbbell|Bench (Incline),dumbbells|gym,Prone,Double Arm,Continuous,Neutral,Other,Continuous,No Elevation,Single Exercise,Elbow Flexion,Sagittal Plane,Upper Body,Pull,Isolation,Bilateral,Bodybuilding
double-dumbbell-incline-bench-prone-lateral-raise,Double Dumbbell Incline Bench Prone Lateral Raise,https://youtu.be/e8K9KPGcwr8?si=HpsrB1akXMIU8ANX,,Beginner,beginner,Shoulders,Posterior Deltoids,,Dumbbell,2,Bench (Incline),1,Dumbbell|Bench (Incline),dumbbells|gym,Prone,Double Arm,Continuous,Neutral,Other,Continuous,No Elevation,Single Exercise,Shoulder Abduction,Frontal Plane,Upper Body,Pull,Isolation,Bilateral,Bodybuilding
double-dumbbell-incline-bench-prone-row,Double Dumbbell Incline Bench Prone Row,https://youtu.be/93ZAdx24QVQ,https://youtu.be/2LxN3_3atps,Novice,beginner,Back,Latissimus Dorsi,,Dumbbell,2,Bench (Incline),1,Dumbbell|Bench (Incline),dumbbells|gym,Prone,Double Arm,Continuous,Neutral,Other,Continuous,No Elevation,Single Exercise,Horizontal Pull,Sagittal Plane,Upper Body,Pull,Compound,Bilateral,Bodybuilding
double-dumbbell-incline-bench-prone-shrug,Double Dumbbell Incline Bench Prone Shrug,https://youtu.be/Cm4HfYm9w3A?si=iRKP7u31KGlnfQZt,https://youtu.be/F4HvRmG-47E?si=n9CjooC15SOMrKxM,Beginner,beginner,Trapezius,Upper Trapezius,Levator Scapulae|Rhomboids,Dumbbell,2,Bench (Incline),1,Dumbbell|Bench (Incline),dumbbells|gym,Prone,Double Arm,Continuous,Neutral,Other,Continuous,No Elevation,Single Exercise,Scapular Elevation,Sagittal Plane,Upper Body,Pull,Isolation,Bilateral,Bodybuilding
double-dumbbell-incline-bench-prone-tricep-kickback,Double Dumbbell Incline Bench Prone Tricep Kickback,https://youtu.be/kR9mqN6rxpQ?si=1GxxxZw4G3kFbAi0,https://youtu.be/PJSQwBUwifw?feature=shared,Beginner,beginner,Triceps,Triceps Brachii,,Dumbbell,2,Bench (Incline),1,Dumbbell|Bench (Incline),dumbbells|gym,Prone,Double Arm,Continuous,Neutral,Other,Continuous,No Elevation,Single Exercise,Elbow Extension,Sagittal Plane,Upper Body,Push,Isolation,Bilateral,Bodybuilding
double-dumbbell-incline-bench-prone-y-raise,Double Dumbbell Incline Bench Prone Y Raise,https://youtu.be/x4PRrxvYtwk?si=arNJc-zXL0vatJmL,https://youtu.be/CNRRurCQJK8,Novice,beginner,Shoulders,Posterior Deltoids,,Dumbbell,2,Bench (Incline),1,Dumbbell|Bench (Incline),dumbbells|gym,Prone,Double Arm,Continuous,Neutral,Other,Continuous,No Elevation,Single Exercise,,Frontal Plane,Upper Body,Pull,Pull,Bilateral,Postural
double-dumbbell-incline-bench-skull-crusher,Double Dumbbell Incline Bench Skull Crusher,https://youtu.be/G4Vdjr-byjE?si=-fBrLWIYYbgneaLx,https://youtu.be/osHzkwG-9JE?feature=shared,Beginner,beginner,Triceps,Triceps Brachii,Anconeus|Flexor Carpi Radialis,Dumbbell,2,Bench (Incline),1,Dumbbell|Bench (Incline),dumbbells|gym,Seated,Double Arm,Continuous,Neutral,Other,Continuous,No Elevation,Single Exercise,Elbow Extension,Sagittal Plane,Upper Body,Push,Compound,Bilateral,Bodybuilding
double-dumbbell-incline-bench-zottman-curl,Double Dumbbell Incline Bench Zottman Curl,https://youtu.be/o9w3-CMPRxQ?si=nSVQxRbx2GvgZi-u,,Beginner,beginner,Biceps,Biceps Brachii,Brachioradialis|Brachialis,Dumbbell,2,Bench (Incline),1,Dumbbell|Bench (Incline),dumbbells|gym,Seated,Double Arm,Continuous,Supinated,Other,Continuous,No Elevation,Single Exercise,Elbow Flexion,Sagittal Plane,Upper Body,Pull,Isolation,Bilateral,Bodybuilding
double-dumbbell-lateral-raise,Double Dumbbell Lateral Raise,https://youtu.be/XPPfnSEATJA?si=yNFrwT2Aj4G98NVF,https://youtu.be/3VcKaXpzqRo,Beginner,beginner,Shoulders,Lateral Deltoids,Anterior Deltoids|Trapezius,Dumbbell,2,,0,Dumbbell,dumbbells|gym,Standing,Double Arm,Continuous,Neutral,Other,Continuous,No Elevation,Single Exercise,Shoulder Abduction,Frontal Plane,Upper Body,Push,Isolation,Bilateral,Bodybuilding
double-dumbbell-low-hold-alternating-cossack-squat,Double Dumbbell Low Hold Alternating Cossack Squat,https://youtu.be/k6L3kWztcNs?si=GiG4ZJIK5HCWo7Rm,,Novice,beginner,Quadriceps,Quadriceps Femoris,Adductor Magnus|Gluteus Maximus,Dumbbell,2,,0,Dumbbell,dumbbells|gym,Standing,Double Arm,Continuous,Neutral,Low Hold,Alternating,No Elevation,Single Exercise,Knee Dominant,Frontal Plane,Lower Body,Push,Compound,Unilateral,Bodybuilding
double-dumbbell-low-hold-lateral-lunge,Double Dumbbell Low Hold Lateral Lunge,https://youtu.be/HLDhxSqMQyE?si=3iYb1Ys4Ld0KFpSn,https://youtu.be/R8jArZG2J6Q?si=Z3yEF8LGxl0s7dyZ,Novice,beginner,Quadriceps,Quadriceps Femoris,Gluteus Maximus|Adductor Magnus,Dumbbell,2,,0,Dumbbell,dumbbells|gym,Standing,Double Arm,Continuous,Neutral,Suitcase,Continuous,No Elevation,Single Exercise,Knee Dominant,Frontal Plane,Lower Body,Push,Compound,Unilateral,Bodybuilding
double-dumbbell-overhead-alternating-forward-lunge,Double Dumbbell Overhead Alternating Forward Lunge,https://youtu.be/8OZUh9sHk-8?si=euVM8-cldcw4zaJf,https://youtu.be/inttAOhcV_4?si=JVlHdarqW2zzsco_,Intermediate,intermediate,Quadriceps,Quadriceps Femoris,Gluteus Maximus|Biceps Femoris,Dumbbell,2,,0,Dumbbell,dumbbells|gym,Standing,Double Arm,Continuous,Neutral,Overhead,Alternating,No Elevation,Single Exercise,Knee Dominant,Sagittal Plane,Lower Body,Push,Compound,Unilateral,Bodybuilding
double-dumbbell-overhead-alternating-reverse-lunge,Double Dumbbell Overhead Alternating Reverse Lunge,https://youtu.be/eK7AzF0-rt4?si=0L-vfrm5QmGhcV2l,,Intermediate,intermediate,Quadriceps,Quadriceps Femoris,Gluteus Maximus|Biceps Femoris,Dumbbell,2,,0,Dumbbell,dumbbells|gym,Standing,Double Arm,Continuous,Neutral,Overhead,Alternating,No Elevation,Single Exercise,Knee Dominant,Sagittal Plane,Lower Body,Push,Compound,Unilateral,Bodybuilding
double-dumbbell-overhead-alternating-step-up,Double Dumbbell Overhead Alternating Step Up,https://youtu.be/bYd08tHBi3c?si=jxsjM2VGsZK9-fBt,,Intermediate,intermediate,Quadriceps,Quadriceps Femoris,Gluteus Maximus|Biceps Femoris,Dumbbell,2,Plyo Box,1,Dumbbell|Plyo Box,dumbbells|gym,Standing,Double Arm,Continuous,Neutral,Overhead,Alternating,Foot Elevated (Front),Single Exercise,Knee Dominant,Sagittal Plane,Lower Body,Push,Compound,Unilateral,Bodybuilding
double-dumbbell-overhead-bulgarian-split-squat,Double Dumbbell Overhead Bulgarian Split Squat,https://youtu.be/7rGFnvK6KkE?si=SL3VLXM4o_8TDV_0,,Advanced,advanced,Quadriceps,Quadriceps Femoris,Gluteus Maximus|Biceps Femoris,Dumbbell,2,Bench (Flat),1,Dumbbell|Bench (Flat),dumbbells|gym,Single Leg Supported,Double Arm,Continuous,Neutral,Overhead,Continuous,Foot Elevated (Rear),Single Exercise,Knee Dominant,Sagittal Plane,Lower Body,Push,Compound,Unilateral,Bodybuilding
double-dumbbell-overhead-carry,Double Dumbbell Overhead Carry,https://youtu.be/dpVFicHv1PY?si=vQiTWZmKGTiqkHiH,,Intermediate,intermediate,Shoulders,Anterior Deltoids,Obliques,Dumbbell,2,,0,Dumbbell,dumbbells|gym,Walking,Double Arm,Continuous,Neutral,Overhead,Alternating,No Elevation,Single Exercise,Loaded Carry,Sagittal Plane,Full Body,Other,Compound,Unilateral,
double-dumbbell-overhead-forward-lunge,Double Dumbbell Overhead Forward Lunge,https://youtu.be/c-4dfhO8QTw?si=7jy_yBEvLZdLrTWC,https://youtu.be/pBtSeAbiah0?si=UhmPxiSfn0QDaquV,Intermediate,intermediate,Quadriceps,Quadriceps Femoris,Gluteus Maximus|Biceps Femoris,Dumbbell,2,,0,Dumbbell,dumbbells|gym,Standing,Double Arm,Continuous,Neutral,Overhead,Continuous,No Elevation,Single Exercise,Knee Dominant,Sagittal Plane,Lower Body,Push,Compound,Unilateral,Bodybuilding
double-dumbbell-overhead-march,Double Dumbbell Overhead March,https://youtu.be/Iqc40RmX2t8?si=6XNRQXHsREEsYjGr,,Intermediate,intermediate,Hip Flexors,Iliopsoas,Rectus Abdominis|Gluteus Medius,Dumbbell,2,,0,Dumbbell,dumbbells|gym,March,Double Arm,Continuous,Neutral,Overhead,Alternating,No Elevation,Single Exercise,Locomotion,Sagittal Plane,Core,Other,Compound,Unilateral,Balance
double-dumbbell-overhead-press,Double Dumbbell Overhead Press,https://youtu.be/AqzDJHxynwo?si=FpgeOvlc1u-WxGMb,https://youtu.be/M2rwvNhTOu0,Beginner,beginner,Shoulders,Anterior Deltoids,Triceps Brachii,Dumbbell,2,,0,Dumbbell,dumbbells|gym,Standing,Double Arm,Continuous,Neutral,Overhead,Continuous,No Elevation,Single Exercise,Vertical Push,Sagittal Plane,Upper Body,Push,Compound,Bilateral,Bodybuilding
double-dumbbell-overhead-reverse-lunge,Double Dumbbell Overhead Reverse Lunge,https://youtu.be/k9GGgck623Y?si=lU__htPe1riSTjAv,,Intermediate,intermediate,Quadriceps,Quadriceps Femoris,Gluteus Maximus|Biceps Femoris,Dumbbell,2,,0,Dumbbell,dumbbells|gym,Standing,Double Arm,Continuous,Neutral,Overhead,Continuous,No Elevation,Single Exercise,Knee Dominant,Sagittal Plane,Lower Body,Push,Compound,Unilateral,Bodybuilding
double-dumbbell-overhead-split-squat,Double Dumbbell Overhead Split Squat,https://youtu.be/c9SSkKRR_fc?si=MOjZ2orbxCB5hdiO,,Intermediate,intermediate,Quadriceps,Quadriceps Femoris,Gluteus Maximus|Biceps Femoris,Dumbbell,2,,0,Dumbbell,dumbbells|gym,Split Squat,Double Arm,Continuous,Neutral,Overhead,Continuous,No Elevation,Single Exercise,Knee Dominant,Sagittal Plane,Lower Body,Push,Compound,Unilateral,Bodybuilding
double-dumbbell-overhead-squat,Double Dumbbell Overhead Squat,https://youtu.be/iGLwbS5aHY4?si=f7TNizeYPw8xX1xR,,Intermediate,intermediate,Quadriceps,Quadriceps Femoris,Gluteus Maximus,Dumbbell,2,,0,Dumbbell,dumbbells|gym,Standing,Double Arm,Continuous,Neutral,Overhead,Continuous,No Elevation,Single Exercise,Knee Dominant,Sagittal Plane,Lower Body,Push,Compound,Bilateral,Bodybuilding
double-dumbbell-overhead-walking-lunge,Double Dumbbell Overhead Walking Lunge,https://youtu.be/TBw3mPrKAIs,https://youtu.be/iVbJda5rvUI,Intermediate,intermediate,Quadriceps,Quadriceps Femoris,Gluteus Maximus|Biceps Femoris,Dumbbell,2,,0,Dumbbell,dumbbells|gym,Walking,Double Arm,Continuous,Neutral,Overhead,Alternating,No Elevation,Single Exercise,Knee Dominant,Sagittal Plane,Lower Body,Push,Compound,Unilateral,Bodybuilding
double-dumbbell-pendlay-row,Double Dumbbell Pendlay Row,https://youtu.be/4-Jz3c_u1dw,,Novice,beginner,Back,Latissimus Dorsi,,Dumbbell,2,,0,Dumbbell,dumbbells|gym,Standing,Double Arm,Continuous,Neutral,Other,Continuous,No Elevation,Single Exercise,Horizontal Pull,Sagittal Plane,Upper Body,Pull,Compound,Bilateral,Bodybuilding
double-dumbbell-prone-row,Double Dumbbell Prone Row,https://youtu.be/scf3uLuAATg,,Novice,beginner,Back,Latissimus Dorsi,,Dumbbell,2,Bench (Flat),1,Dumbbell|Bench (Flat),dumbbells|gym,Prone,Double Arm,Continuous,Neutral,Other,Continuous,No Elevation,Single Exercise,Horizontal Pull,Sagittal Plane,Upper Body,Pull,Compound,Bilateral,Bodybuilding
double-dumbbell-push-jerk,Double Dumbbell Push Jerk,https://youtu.be/oWfLP7JFwTg?si=UbP4KHHXrg5hVRnc,https://youtu.be/RXxbQX1ihj0?si=Ra4nKF2KMetSwmCl,Novice,beginner,Shoulders,Anterior Deltoids,Triceps Brachii|Gluteus Minimus,Dumbbell,2,,0,Dumbbell,dumbbells|gym,Standing,Double Arm,Continuous,Neutral,Overhead,Continuous,No Elevation,Single Exercise,Vertical Push,Sagittal Plane,Upper Body,Push,Compound,Bilateral,
double-dumbbell-push-press,Double Dumbbell Push Press,https://youtu.be/JqztIwOb4Hs?si=89lHhxGXew7SEPqj,,Novice,beginner,Shoulders,Anterior Deltoids,Triceps Brachii,Dumbbell,2,,0,Dumbbell,dumbbells|gym,Standing,Double Arm,Continuous,Neutral,Overhead,Continuous,No Elevation,Single Exercise,Vertical Push,Sagittal Plane,Upper Body,Push,Compound,Bilateral,Bodybuilding
double-dumbbell-renegade-row,Double Dumbbell Renegade Row,https://youtu.be/U_kv9LRu6_I?si=o6wONfSHOO4nrgpy,https://youtu.be/4qEIChzM4ZA,Intermediate,intermediate,Back,Latissimus Dorsi,,Dumbbell,2,,0,Dumbbell,dumbbells|gym,Prone,Double Arm,Alternating,Neutral,Other,Continuous,No Elevation,Single Exercise,Horizontal Pull|Anti-Extension,Sagittal Plane,Upper Body,Pull,Compound,Unilateral,Bodybuilding
double-dumbbell-renegade-row-to-push-up,Double Dumbbell Renegade Row to Push Up,https://youtu.be/731lQp2shpY,,Intermediate,intermediate,Back,Latissimus Dorsi,,Dumbbell,2,,0,Dumbbell,dumbbells|gym,Prone,Double Arm,Alternating,Neutral,Other,Continuous,No Elevation,Combo Exercise,Horizontal Pull|Horizontal Push|Anti-Extension,Sagittal Plane,Upper Body,Push & Pull,Compound,Unilateral,Bodybuilding
double-dumbbell-reverse-grip-bench-press,Double Dumbbell Reverse Grip Bench Press,https://youtu.be/Cb5ZNB7Vf-0?si=_wFvEZ4u-wYsUhzm,https://youtu.be/g8OD0teBMb8,Novice,beginner,Chest,Pectoralis Major,,Dumbbell,2,Bench (Flat),1,Dumbbell|Bench (Flat),dumbbells|gym,Supine,Double Arm,Continuous,Supinated,Above Chest,Continuous,No Elevation,Single Exercise,Horizontal Push,Sagittal Plane,Upper Body,Push,Compound,Bilateral,Bodybuilding
double-dumbbell-romanian-deadlift,Double Dumbbell Romanian Deadlift,https://youtu.be/Cf3CaHui43A?si=dFPcP6jQEQECmXmY,https://youtu.be/hQgFixeXdZo,Beginner,beginner,Hamstrings,Biceps Femoris,Gluteus Maximus|Erector Spinae,Dumbbell,2,,0,Dumbbell,dumbbells|gym,Standing,Double Arm,Continuous,Pronated,Other,Continuous,No Elevation,Single Exercise,Hip Hinge,Sagittal Plane,Lower Body,Pull,Compound,Bilateral,Bodybuilding
double-dumbbell-seated-arnold-press,Double Dumbbell Seated Arnold Press,https://youtu.be/EtPb646Va9s?si=J7PWxe7OwlEdfLZW,,Beginner,beginner,Shoulders,Anterior Deltoids,Triceps Brachii,Dumbbell,2,Bench (Flat),1,Dumbbell|Bench (Flat),dumbbells|gym,Seated,Double Arm,Continuous,Pronated,Overhead,Continuous,No Elevation,Single Exercise,Vertical Push,Transverse Plane|Sagittal Plane,Upper Body,Push,Compound,Bilateral,Bodybuilding
double-dumbbell-seated-bicep-curl,Double Dumbbell Seated Bicep Curl,https://youtu.be/40w4sx4FAVU?si=i0K5ruXclQupBuxc,https://youtu.be/BsULGO70tcU?si=1kniO7BjerK_8SmQ,Beginner,beginner,Biceps,Biceps Brachii,Brachialis|Brachioradialis,Dumbbell,2,Bench (Flat),1,Dumbbell|Bench (Flat),dumbbells|gym,Seated,Double Arm,Continuous,Supinated,Other,Continuous,No Elevation,Single Exercise,Elbow Flexion,Sagittal Plane,Upper Body,Pull,Isolation,Bilateral,Bodybuilding
double-dumbbell-seated-calf-raise,Double Dumbbell Seated Calf Raise,https://youtu.be/3ZRe_QpvRPg?si=X5ees0OsHDogPrA9,https://youtu.be/v_49uUA_87Y?si=ELs6WJVxlAxiBxc1,Beginner,beginner,Calves,Soleus,Gastrocnemius|Tibialis Posterior,Dumbbell,2,Bench (Flat),1,Dumbbell|Bench (Flat),dumbbells|gym,Seated,Double Arm,Continuous,Neutral,Other,Continuous,No Elevation,Single Exercise,Ankle Plantar Flexion,Sagittal Plane,Lower Body,Push,Isolation,Bilateral,Bodybuilding
double-dumbbell-seated-cuban-press,Double Dumbbell Seated Cuban Press,https://youtu.be/Cz7-hfa1UG8?si=cU9RS2gcX9ME3VFs,https://youtu.be/n70LVVTO2xQ?si=VDg9wvHRYysoyc7o,Novice,beginner,Shoulders,Posterior Deltoids,Infraspinatus|Upper Trapezius,Dumbbell,2,,0,Dumbbell,dumbbells|gym,Seated,Double Arm,Continuous,Pronated,Overhead,Continuous,No Elevation,Single Exercise,Shoulder External Rotation|Vertical Push,Transverse Plane,Upper Body,Push & Pull,Compound,Bilateral,
double-dumbbell-seated-cuban-rotation,Double Dumbbell Seated Cuban Rotation,https://youtu.be/oYGHjG0jZuA,https://youtu.be/Ia8KK_P8r6Y,Novice,beginner,Shoulders,Posterior Deltoids,Infraspinatus|Teres Minor,Dumbbell,2,Bench (Flat),1,Dumbbell|Bench (Flat),dumbbells|gym,Seated,Double Arm,Continuous,Pronated,Other,Continuous,No Elevation,Single Exercise,Shoulder External Rotation,Transverse Plane,Upper Body,Pull,Isolation,Bilateral,
double-dumbbell-seated-feet-elevated-calf-raise,Double Dumbbell Seated Feet Elevated Calf Raise,https://youtu.be/W5FNgQSaDfU?si=mrb4anmAuXMyWfuC,https://youtu.be/ldpodfZ7LWY?si=EH3iaPoAqbWcsd0W,Beginner,beginner,Calves,Soleus,Gastrocnemius|Tibialis Posterior,Dumbbell,2,Bench (Flat),1,Dumbbell|Bench (Flat),dumbbells|gym,Seated,Double Arm,Continuous,Neutral,Other,Continuous,Toes Elevated,Single Exercise,Ankle Plantar Flexion,Sagittal Plane,Lower Body,Push,Isolation,Bilateral,Bodybuilding
double-dumbbell-seated-good-morning,Double Dumbbell Seated Good Morning,https://youtu.be/x5nnk8hUBo4,https://youtu.be/7NMbAV4KPpo,Novice,beginner,Back,Erector Spinae,Gluteus Maximus|Biceps Femoris,Dumbbell,2,Bench (Flat),1,Dumbbell|Bench (Flat),dumbbells|gym,Seated,Double Arm,Continuous,Neutral,Low Hold,Continuous,No Elevation,Single Exercise,Hip Hinge,Sagittal Plane,Lower Body,,Compound,Bilateral,Bodybuilding
double-dumbbell-seated-hammer-curl,Double Dumbbell Seated Hammer Curl,https://youtu.be/4hKyhFBeclI?si=OrpNWuwGzVfolESP,https://youtu.be/BbxA1QF3TxY?si=m2zHc3OC-vZ5FGpY,Beginner,beginner,Biceps,Biceps Brachii,Brachialis|Brachioradialis,Dumbbell,2,Bench (Flat),1,Dumbbell|Bench (Flat),dumbbells|gym,Seated,Double Arm,Continuous,Neutral,Other,Continuous,No Elevation,Single Exercise,Elbow Flexion,Sagittal Plane,Upper Body,Pull,Isolation,Bilateral,Bodybuilding
double-dumbbell-seated-lateral-raise,Double Dumbbell Seated Lateral Raise,https://youtu.be/GBo4Cj8i9VI?si=_ZCYRalndjXZl58y,https://youtu.be/3zohLHTjFH0,Beginner,beginner,Shoulders,Lateral Deltoids,Anterior Deltoids|Trapezius,Dumbbell,2,Bench (Flat),1,Dumbbell|Bench (Flat),dumbbells|gym,Seated,Double Arm,Continuous,Neutral,Other,Continuous,No Elevation,Single Exercise,Shoulder Abduction,Frontal Plane,Upper Body,Push,Isolation,Bilateral,Bodybuilding
double-dumbbell-seated-overhead-press,Double Dumbbell Seated Overhead Press,https://youtu.be/3GFZpOYu0pQ,,Beginner,beginner,Shoulders,Anterior Deltoids,Triceps Brachii,Dumbbell,2,Bench (Flat),1,Dumbbell|Bench (Flat),dumbbells|gym,Seated,Double Arm,Continuous,Neutral,Overhead,Continuous,No Elevation,Single Exercise,Vertical Push,Sagittal Plane,Upper Body,Push,Compound,Bilateral,Bodybuilding
double-dumbbell-seated-reverse-fly,Double Dumbbell Seated Reverse Fly,https://youtu.be/cL1HxbOBkTs,,Beginner,beginner,Shoulders,Posterior Deltoids,,Dumbbell,2,Bench (Flat),1,Dumbbell|Bench (Flat),dumbbells|gym,Seated,Double Arm,Continuous,Neutral,Other,Continuous,No Elevation,Single Exercise,Horizontal Pull,Frontal Plane,Upper Body,Pull,Isolation,Bilateral,Bodybuilding
double-dumbbell-seated-scaption,Double Dumbbell Seated Scaption,https://youtu.be/Vn1cULRUhZI,,Beginner,beginner,Shoulders,Anterior Deltoids,Supraspinatus|Serratus Anterior,Dumbbell,2,Bench (Flat),1,Dumbbell|Bench (Flat),dumbbells|gym,Seated,Double Arm,Continuous,Neutral,Other,Continuous,No Elevation,Single Exercise,Shoulder Scapular Plane Elevation,,Upper Body,,Isolation,Bilateral,
double-dumbbell-seated-shrug,Double Dumbbell Seated Shrug,https://youtu.be/9IGbUVfZan8?si=FGf_5wCGLmr8DVD_,https://youtu.be/WLKlzUFqwgM?si=eGbw33LUwxuQonoJ,Beginner,beginner,Trapezius,Upper Trapezius,Levator Scapulae|Rhomboids,Dumbbell,2,Bench (Flat),1,Dumbbell|Bench (Flat),dumbbells|gym,Seated,Double Arm,Continuous,Neutral,Suitcase,Continuous,No Elevation,Single Exercise,Scapular Elevation,Sagittal Plane,Upper Body,Pull,Isolation,Bilateral,Bodybuilding
double-dumbbell-seated-zottman-curl,Double Dumbbell Seated Zottman Curl,https://youtu.be/FG6Y_r6-DJM?si=2qExXvynTbOnna2u,,Beginner,beginner,Biceps,Biceps Brachii,Brachioradialis|Brachialis,Dumbbell,2,Bench (Flat),1,Dumbbell|Bench (Flat),dumbbells|gym,Seated,Double Arm,Continuous,Supinated,Other,Continuous,No Elevation,Single Exercise,Elbow Flexion,Sagittal Plane,Upper Body,Pull,Isolation,Bilateral,Bodybuilding
double-dumbbell-seesaw-bench-press,Double Dumbbell Seesaw Bench Press,https://youtu.be/fv3jtm7zP1I?si=Vx6jxC1bB20dsahE,https://youtu.be/JcE41bUbw2U?si=RreeAeHrJZFG19Bh,Beginner,beginner,Chest,Pectoralis Major,Triceps Brachii,Dumbbell,2,Bench (Flat),1,Dumbbell|Bench (Flat),dumbbells|gym,Supine,Double Arm,Alternating,Pronated,Above Chest,Continuous,No Elevation,Single Exercise,Horizontal Push,Sagittal Plane,Upper Body,Push,Compound,Unilateral,Bodybuilding
double-dumbbell-seesaw-bent-over-row,Double Dumbbell Seesaw Bent Over Row,https://youtu.be/BD5mTDoy2UE?si=00skC1JcPnkjtd86,https://youtu.be/gIf1nQ3Q9IY?si=Ye3ub8jzbnVDKxaK,Beginner,beginner,Back,Latissimus Dorsi,Rhomboids|Posterior Deltoids,Dumbbell,2,,0,Dumbbell,dumbbells|gym,Standing,Double Arm,Alternating,Neutral,Other,Continuous,No Elevation,Single Exercise,Horizontal Pull,Sagittal Plane,Upper Body,Pull,Compound,Unilateral,Bodybuilding
double-dumbbell-seesaw-floor-press,Double Dumbbell Seesaw Floor Press,https://youtu.be/xxUSV06CkFM?si=I4ywyVcTwGhyUwsk,https://youtu.be/oGfNL09b7aI?si=R5JthaF_xBc5wnR8,Beginner,beginner,Chest,Pectoralis Major,Triceps Brachii|Anterior Deltoids,Dumbbell,2,,0,Dumbbell,dumbbells|gym,Supine,Double Arm,Alternating,Pronated,Above Chest,Continuous,No Elevation,Single Exercise,Horizontal Push,Sagittal Plane,Upper Body,Push,Compound,Unilateral,Bodybuilding
double-dumbbell-seesaw-incline-bench-press,Double Dumbbell Seesaw Incline Bench Press,https://youtu.be/82ZJhsIOF8w?si=uigPvHNUp-5ce1jQ,https://youtu.be/Ctt1fvwm6kk?si=_eO9I6wQ-MAX6yer,Beginner,beginner,Chest,Pectoralis Major,Triceps Brachii,Dumbbell,2,Bench (Incline),1,Dumbbell|Bench (Incline),dumbbells|gym,Seated,Double Arm,Alternating,Pronated,Above Chest,Continuous,No Elevation,Single Exercise,Horizontal Push,Sagittal Plane,Upper Body,Push,Compound,Unilateral,Bodybuilding
double-dumbbell-seesaw-overhead-press,Double Dumbbell Seesaw Overhead Press,https://youtu.be/N4Y5hWOwDBY?si=TDvtFSl9MGsAg0L6,https://youtu.be/BNVZDnNWZ8A?si=yN1PSSk8hN-7USPx,Beginner,beginner,Shoulders,Anterior Deltoids,Triceps Brachii,Dumbbell,2,,0,Dumbbell,dumbbells|gym,Standing,Double Arm,Alternating,Neutral,Overhead,Continuous,No Elevation,Single Exercise,Vertical Push,Sagittal Plane,Upper Body,Push,Compound,Unilateral,Bodybuilding
double-dumbbell-seesaw-z-press,Double Dumbbell Seesaw Z Press,https://youtu.be/L_Y8osw78lA?si=3eK1QuOTlQjCzAxO,,Novice,beginner,Shoulders,Anterior Deltoids,Triceps Brachii|Rectus Abdominis,Dumbbell,2,,0,Dumbbell,dumbbells|gym,Seated Floor,Double Arm,Alternating,Neutral,Overhead,Continuous,No Elevation,Single Exercise,Vertical Push,Sagittal Plane,Upper Body,Push,Compound,Unilateral,Bodybuilding
double-dumbbell-shrug,Double Dumbbell Shrug,https://youtu.be/llSrlpd7TEE?si=7L7ARn0S6ByQmI59,https://youtu.be/cJRVVxmytaM,Beginner,beginner,Trapezius,Upper Trapezius,Levator Scapulae|Rhomboids,Dumbbell,2,,0,Dumbbell,dumbbells|gym,Standing,Double Arm,Continuous,Neutral,Suitcase,Continuous,No Elevation,Single Exercise,Scapular Elevation,Sagittal Plane,Upper Body,Pull,Isolation,Bilateral,Bodybuilding
double-dumbbell-single-leg-bent-over-row,Double Dumbbell Single Leg Bent Over Row,https://youtu.be/LrbAy459jkg?si=UDFXUQgUuwN4hkBz,https://youtu.be/_ZEIwijWYUA,Intermediate,intermediate,Back,Latissimus Dorsi,Rhomboids|Posterior Deltoids,Dumbbell,2,,0,Dumbbell,dumbbells|gym,Single Leg Standing,Double Arm,Continuous,Neutral,Other,Continuous,No Elevation,Single Exercise,Horizontal Pull,Sagittal Plane,Upper Body,Pull,Compound,Unilateral,Bodybuilding
double-dumbbell-single-leg-romanian-deadlift,Double Dumbbell Single Leg Romanian Deadlift,https://youtu.be/vexyZD8S1B8?si=qmrB8iZUTuht69xJ,https://youtu.be/HsQDqJ66FKA?si=RJhp0WTei2W3CfdW,Intermediate,intermediate,Hamstrings,Biceps Femoris,Gluteus Maximus|Obliques,Dumbbell,2,,0,Dumbbell,dumbbells|gym,Single Leg Standing,Double Arm,Continuous,Neutral,Other,Continuous,No Elevation,Single Exercise,Hip Hinge,Sagittal Plane,Lower Body,Pull,Compound,Unilateral,Bodybuilding
double-dumbbell-skull-crusher,Double Dumbbell Skull Crusher,https://youtu.be/jO2Jl9eZpXk?si=u6mgvf-sooUW7DFo,,Beginner,beginner,Triceps,Triceps Brachii,Anconeus|Flexor Carpi Radialis,Dumbbell,2,Bench (Flat),1,Dumbbell|Bench (Flat),dumbbells|gym,Supine,Double Arm,Continuous,Neutral,Other,Continuous,No Elevation,Single Exercise,Elbow Extension,Sagittal Plane,Upper Body,Push,Compound,Bilateral,Bodybuilding
double-dumbbell-sots-press,Double Dumbbell Sots Press,https://youtu.be/IjmQgS0bDao?si=wKCRqF1MeVyvhSwR,https://youtu.be/LwBAozDZ5Ng?si=5jWgaQEDVR5FuI0D,Intermediate,intermediate,Shoulders,Anterior Deltoids,Triceps Brachii|Quadriceps Femoris,Dumbbell,2,,0,Dumbbell,dumbbells|gym,Standing,Double Arm,Continuous,Neutral,Overhead,Continuous,No Elevation,Single Exercise,Vertical Push,Sagittal Plane,Upper Body,Push,Compound,Bilateral,Bodybuilding
double-dumbbell-spider-curl,Double Dumbbell Spider Curl,https://youtu.be/9Dd8iiEUs_Q?si=juy6zuf-MVn-W8j8,https://youtu.be/nvufDW-MSQk,Novice,beginner,Biceps,Biceps Brachii,Brachialis|Brachioradialis,Dumbbell,2,Bench (Incline),1,Dumbbell|Bench (Incline),dumbbells|gym,Prone,Double Arm,Continuous,Supinated,Other,Continuous,No Elevation,Single Exercise,Elbow Flexion,Sagittal Plane,Upper Body,Pull,Isolation,Bilateral,Bodybuilding
double-dumbbell-split-jerk,Double Dumbbell Split Jerk,https://youtu.be/KpE5v62Qnbk?si=0JFSRtn2gnAhSMeD,https://youtu.be/hDVCPG3u-xI?si=tQNcuh71dIqaihiD,Intermediate,intermediate,Shoulders,Anterior Deltoids,Triceps Brachii|Gluteus Minimus,Dumbbell,2,,0,Dumbbell,dumbbells|gym,Staggered Stance,Double Arm,Continuous,Neutral,Overhead,Continuous,No Elevation,Single Exercise,Vertical Push,Sagittal Plane,Full Body,Push,Compound,Bilateral,
double-dumbbell-squat-clean,Double Dumbbell Squat Clean,https://youtu.be/SYxObzJ3gn0?si=MxNFujZbMP9ff4gw,https://youtu.be/5qzIQJUIwKk?si=CY_fvTbF-CbG9QgM,Intermediate,intermediate,Quadriceps,Quadriceps Femoris,Gluteus Maximus,Dumbbell,2,,0,Dumbbell,dumbbells|gym,Standing,Double Arm,Continuous,Neutral,Front Rack,Continuous,No Elevation,Single Exercise,Knee Dominant|Hip Hinge,Sagittal Plane,Full Body,,Compound,Bilateral,Ballistics
double-dumbbell-staggered-stance-romanian-deadlift,Double Dumbbell Staggered Stance Romanian Deadlift,https://youtu.be/RFuCfiMfJ1w,https://youtu.be/Th4QdA2BOyg,Novice,beginner,Hamstrings,Biceps Femoris,Gluteus Maximus,Dumbbell,2,,0,Dumbbell,dumbbells|gym,Staggered Stance,Double Arm,Continuous,Pronated,Other,Continuous,No Elevation,Single Exercise,Hip Hinge,Sagittal Plane,Lower Body,Pull,Compound,Bilateral,Bodybuilding
double-dumbbell-standing-scaption,Double Dumbbell Standing Scaption,https://youtu.be/bhemEvr0qiM?si=WahKrQS3-uEP1hYU,https://youtu.be/XOAIGRH90RY,Beginner,beginner,Shoulders,Anterior Deltoids,Supraspinatus|Serratus Anterior,Dumbbell,2,,0,Dumbbell,dumbbells|gym,Standing,Double Arm,Continuous,Neutral,Other,Continuous,No Elevation,Single Exercise,Shoulder Scapular Plane Elevation,,Upper Body,,Isolation,Bilateral,
double-dumbbell-suitcase-alternating-curtsy-lunge,Double Dumbbell Suitcase Alternating Curtsy Lunge,https://youtu.be/SQHyEoZLd1o?si=_TJYUJVzm_zR7ZxZ,,Novice,beginner,Quadriceps,Quadriceps Femoris,Gluteus Maximus|Adductor Magnus,Dumbbell,2,,0,Dumbbell,dumbbells|gym,Standing,Double Arm,Continuous,Neutral,Suitcase,Alternating,No Elevation,Single Exercise,Knee Dominant,Frontal Plane,Lower Body,Push,Compound,Unilateral,Bodybuilding
double-dumbbell-suitcase-alternating-forward-lunge,Double Dumbbell Suitcase Alternating Forward Lunge,https://youtu.be/t7DBjlOTwAk,https://youtu.be/D7KaRcUTQeE,Novice,beginner,Quadriceps,Quadriceps Femoris,Gluteus Maximus|Biceps Femoris,Dumbbell,2,,0,Dumbbell,dumbbells|gym,Standing,Double Arm,Continuous,Neutral,Suitcase,Alternating,No Elevation,Single Exercise,Knee Dominant,Sagittal Plane,Lower Body,Push,Compound,Unilateral,Bodybuilding
double-dumbbell-suitcase-alternating-lateral-lunge,Double Dumbbell Suitcase Alternating Lateral Lunge,https://youtu.be/GkgTBlp417A?si=2RKL7GSC-wlwXQrE,,Novice,beginner,Quadriceps,Quadriceps Femoris,Gluteus Maximus|Adductor Magnus,Dumbbell,2,,0,Dumbbell,dumbbells|gym,Standing,Double Arm,Continuous,Neutral,Suitcase,Alternating,No Elevation,Single Exercise,Knee Dominant,Frontal Plane,Lower Body,Push,Compound,Unilateral,Bodybuilding
double-dumbbell-suitcase-alternating-reverse-lunge,Double Dumbbell Suitcase Alternating Reverse Lunge,https://youtu.be/Lsen4vH1nm8,https://youtu.be/sjlsISvHyZs,Novice,beginner,Quadriceps,Quadriceps Femoris,Gluteus Maximus|Biceps Femoris,Dumbbell,2,,0,Dumbbell,dumbbells|gym,Standing,Double Arm,Continuous,Neutral,Suitcase,Alternating,No Elevation,Single Exercise,Knee Dominant,Sagittal Plane,Lower Body,Push,Compound,Unilateral,Bodybuilding
double-dumbbell-suitcase-alternating-russian-step-up,Double Dumbbell Suitcase Alternating Russian Step Up,https://youtu.be/7xKPC6fiAnI?si=AjBy--nHV9jih9q4,https://youtu.be/wFu4kyEHdpw?si=31XgiEpUAXgWVijK,Novice,beginner,Quadriceps,Quadriceps Femoris,Gluteus Maximus|Iliopsoas,Dumbbell,2,Plyo Box,1,Dumbbell|Plyo Box,dumbbells|gym,Single Leg Standing Bent Knee,Double Arm,Continuous,Neutral,Suitcase,Alternating,Foot Elevated (Front),Single Exercise,Knee Dominant,Sagittal Plane,Lower Body,Push,Compound,Unilateral,Balance
double-dumbbell-suitcase-alternating-step-up,Double Dumbbell Suitcase Alternating Step Up,https://youtu.be/R61TjoYofDE?si=sA8kbakWIt24ow1A,https://youtu.be/9ZknEYboBOQ?si=etxIUbD8aSv-CXob,Novice,beginner,Quadriceps,Quadriceps Femoris,Gluteus Maximus|Biceps Femoris,Dumbbell,2,Plyo Box,1,Dumbbell|Plyo Box,dumbbells|gym,Standing,Double Arm,Continuous,Neutral,Suitcase,Alternating,Foot Elevated (Front),Single Exercise,Knee Dominant,Sagittal Plane,Lower Body,Push,Compound,Unilateral,Bodybuilding
double-dumbbell-suitcase-bulgarian-split-squat,Double Dumbbell Suitcase Bulgarian Split Squat,https://youtu.be/G0Mo2LF8uLU,https://youtu.be/JLEyaXRMv8o,Intermediate,intermediate,Quadriceps,Quadriceps Femoris,Gluteus Maximus|Biceps Femoris,Dumbbell,2,Bench (Flat),1,Dumbbell|Bench (Flat),dumbbells|gym,Single Leg Supported,Double Arm,Continuous,Neutral,Suitcase,Continuous,Foot Elevated (Rear),Single Exercise,Knee Dominant,Sagittal Plane,Lower Body,Push,Compound,Unilateral,Bodybuilding
double-dumbbell-suitcase-bulgarian-split-squat-jump,Double Dumbbell Suitcase Bulgarian Split Squat Jump,https://youtu.be/SFj46t9F1OQ?si=_kzqwXcEvJtP-gv1,,Advanced,advanced,Quadriceps,Quadriceps Femoris,Gluteus Maximus|Biceps Femoris,Dumbbell,2,Bench (Flat),1,Dumbbell|Bench (Flat),dumbbells|gym,Single Leg Supported,Double Arm,Continuous,Neutral,Suitcase,Continuous,Foot Elevated (Rear),Single Exercise,Knee Dominant,Sagittal Plane,Lower Body,Push,Compound,Unilateral,Plyometric
double-dumbbell-suitcase-calf-raise,Double Dumbbell Suitcase Calf Raise,https://youtu.be/wsOcmGYOn3M?si=2w1Cs0RdcdjnHLYG,https://youtu.be/Xfe4ZqiKvnY?si=SPmV8K7dm9_wENj9,Beginner,beginner,Calves,Gastrocnemius,Soleus|Tibialis Posterior,Dumbbell,2,,0,Dumbbell,dumbbells|gym,Standing,Double Arm,Continuous,Neutral,Suitcase,Continuous,No Elevation,Single Exercise,Ankle Plantar Flexion,Sagittal Plane,Lower Body,Push,Isolation,Bilateral,Bodybuilding
double-dumbbell-suitcase-carry,Double Dumbbell Suitcase Carry,https://youtu.be/p5MNNosenJc,https://youtu.be/rt17lmnaLSM,Beginner,beginner,Forearms,Brachioradialis,,Dumbbell,2,,0,Dumbbell,dumbbells|gym,Walking,Double Arm,Continuous,Neutral,Suitcase,Alternating,No Elevation,Single Exercise,Loaded Carry,Sagittal Plane,Full Body,Other,Compound,Bilateral,
double-dumbbell-suitcase-curtsy-lunge,Double Dumbbell Suitcase Curtsy Lunge,https://youtu.be/tKQAKx25kyk?si=CVIu5jUCBGlS-CU4,https://youtu.be/LYtjfGYxPGc?si=6u5LXuWotilcKGX6,Novice,beginner,Quadriceps,Quadriceps Femoris,Gluteus Maximus|Adductor Magnus,Dumbbell,2,,0,Dumbbell,dumbbells|gym,Standing,Double Arm,Continuous,Neutral,Suitcase,Continuous,No Elevation,Single Exercise,Knee Dominant,Frontal Plane,Lower Body,Push,Compound,Unilateral,Bodybuilding
double-dumbbell-suitcase-cyclist-squat,Double Dumbbell Suitcase Cyclist Squat,https://youtu.be/1ij5SfH4PMo?si=HuKVOjAkOpK16kCi,,Novice,beginner,Quadriceps,Quadriceps Femoris,Gluteus Maximus|Soleus,Dumbbell,2,Slant Board,1,Dumbbell|Slant Board,dumbbells|gym,Standing,Double Arm,Continuous,Neutral,Suitcase,Continuous,Heels Elevated,Single Exercise,Knee Dominant,Sagittal Plane,Lower Body,Push,Compound,Bilateral,Bodybuilding
double-dumbbell-suitcase-deadlift,Double Dumbbell Suitcase Deadlift,https://youtu.be/29MJct32_6Y?si=ItNGT0m2qUZTy4_O,https://youtu.be/BDb97sC2QQA?si=0KoMceC97bJL25gJ,Beginner,beginner,Back,Latissimus Dorsi,Gluteus Maximus|Biceps Femoris,Dumbbell,2,,0,Dumbbell,dumbbells|gym,Standing,Double Arm,Continuous,Neutral,Other,Continuous,No Elevation,Single Exercise,Hip Hinge,Sagittal Plane,Full Body,Pull,Compound,Bilateral,Bodybuilding
double-dumbbell-suitcase-deficit-split-squat,Double Dumbbell Suitcase Deficit Split Squat,https://youtu.be/jqWAqPQvqAk,https://youtu.be/YoCOCWeWzaI,Novice,beginner,Quadriceps,Quadriceps Femoris,Gluteus Maximus|Biceps Femoris,Dumbbell,2,,0,Dumbbell,dumbbells|gym,Split Squat,Double Arm,Continuous,Neutral,Suitcase,Continuous,Feet Elevated,Single Exercise,Knee Dominant,Sagittal Plane,Lower Body,Push,Compound,Unilateral,Bodybuilding
double-dumbbell-suitcase-feet-elevated-calf-raise,Double Dumbbell Suitcase Feet Elevated Calf Raise,https://youtu.be/UCfMPCfug60?si=hzjhqnpt1-9bHCWt,https://youtu.be/tkQ0GiXjnLY?si=YH5gL0smmH4Zzsp0,Novice,beginner,Calves,Gastrocnemius,Soleus|Tibialis Anterior,Dumbbell,2,,0,Dumbbell,dumbbells|gym,Standing,Double Arm,Continuous,Neutral,Suitcase,Continuous,Toes Elevated,Single Exercise,Ankle Plantar Flexion,Sagittal Plane,Lower Body,Push,Isolation,Bilateral,Bodybuilding
double-dumbbell-suitcase-foot-elevated-knee-over-toe-split-squat,Double Dumbbell Suitcase Foot Elevated Knee Over Toe Split Squat,https://youtu.be/h_S_Bb9rWCE?si=Dr_V3tDtxcRysPGX,,Novice,beginner,Quadriceps,Quadriceps Femoris,Gluteus Maximus|Soleus,Dumbbell,2,,0,Dumbbell,dumbbells|gym,Knee Over Toe Split Squat,Double Arm,Continuous,Neutral,Suitcase,Continuous,Foot Elevated (Front),Single Exercise,Knee Dominant,Sagittal Plane,Lower Body,Push,Compound,Unilateral,Bodybuilding
double-dumbbell-suitcase-forward-lunge,Double Dumbbell Suitcase Forward Lunge,https://youtu.be/9gglI77Kzq8?si=_dDcU05y48tssEAF,,Novice,beginner,Quadriceps,Quadriceps Femoris,Gluteus Maximus|Biceps Femoris,Dumbbell,2,,0,Dumbbell,dumbbells|gym,Standing,Double Arm,Continuous,Neutral,Suitcase,Continuous,No Elevation,Single Exercise,Knee Dominant,Sagittal Plane,Lower Body,Push,Compound,Unilateral,Bodybuilding
double-dumbbell-suitcase-knee-over-toe-split-squat,Double Dumbbell Suitcase Knee Over Toe Split Squat,https://youtu.be/2U58iHm7oSM,https://youtu.be/4qPJUSczLcM,Novice,beginner,Quadriceps,Quadriceps Femoris,Gluteus Maximus|Soleus,Dumbbell,2,,0,Dumbbell,dumbbells|gym,Knee Over Toe Split Squat,Double Arm,Continuous,Neutral,Suitcase,Continuous,No Elevation,Single Exercise,Knee Dominant,Sagittal Plane,Lower Body,Push,Compound,Unilateral,Bodybuilding
double-dumbbell-suitcase-lateral-lunge,Double Dumbbell Suitcase Lateral Lunge,https://youtu.be/HLDhxSqMQyE,https://youtu.be/qCA8E-dF8cI,Novice,beginner,Quadriceps,Quadriceps Femoris,Gluteus Maximus|Adductor Magnus,Dumbbell,2,,0,Dumbbell,dumbbells|gym,Standing,Double Arm,Continuous,Neutral,Suitcase,Continuous,No Elevation,Single Exercise,Knee Dominant,Frontal Plane,Lower Body,,Compound,Unilateral,
double-dumbbell-suitcase-march,Double Dumbbell Suitcase March,https://youtu.be/Yz0g3nK0UH8?si=uzYt2n3dgbhVRnnW,,Novice,beginner,Hip Flexors,Iliopsoas,Rectus Abdominis|Gluteus Medius,Dumbbell,2,,0,Dumbbell,dumbbells|gym,March,Double Arm,Continuous,Neutral,Suitcase,Alternating,No Elevation,Single Exercise,Locomotion,Sagittal Plane,Core,Other,Compound,Unilateral,Balance
double-dumbbell-suitcase-reverse-lunge,Double Dumbbell Suitcase Reverse Lunge,https://youtu.be/a3wg2b8pd_w?si=UH9NFJeHHPoQpalx,,Novice,beginner,Quadriceps,Quadriceps Femoris,Gluteus Maximus|Biceps Femoris,Dumbbell,2,,0,Dumbbell,dumbbells|gym,Standing,Double Arm,Continuous,Neutral,Suitcase,Continuous,No Elevation,Single Exercise,Knee Dominant,Sagittal Plane,Lower Body,Push,Compound,Unilateral,Bodybuilding
double-dumbbell-suitcase-russian-step-up,Double Dumbbell Suitcase Russian Step Up,https://youtu.be/OpEgnt3M98k?si=98bk34oOvELlwHao,,Novice,beginner,Quadriceps,Quadriceps Femoris,Gluteus Maximus|Iliopsoas,Dumbbell,2,Plyo Box,1,Dumbbell|Plyo Box,dumbbells|gym,Single Leg Standing Bent Knee,Double Arm,Continuous,Neutral,Suitcase,Continuous,Foot Elevated (Front),Single Exercise,Knee Dominant,Sagittal Plane,Lower Body,Push,Compound,Unilateral,Balance
double-dumbbell-suitcase-split-squat,Double Dumbbell Suitcase Split Squat,https://youtu.be/yqH8u037IjM,,Novice,beginner,Quadriceps,Quadriceps Femoris,Gluteus Maximus|Biceps Femoris,Dumbbell,2,,0,Dumbbell,dumbbells|gym,Split Squat,Double Arm,Continuous,Neutral,Suitcase,Continuous,No Elevation,Single Exercise,Knee Dominant,Sagittal Plane,Lower Body,Push,Compound,Unilateral,Bodybuilding
double-dumbbell-suitcase-step-up,Double Dumbbell Suitcase Step Up,https://youtu.be/37tVohr7LcE,,Novice,beginner,Quadriceps,Quadriceps Femoris,Gluteus Maximus|Biceps Femoris,Dumbbell,2,Plyo Box,1,Dumbbell|Plyo Box,dumbbells|gym,Standing,Double Arm,Continuous,Neutral,Suitcase,Continuous,Foot Elevated (Front),Single Exercise,Knee Dominant,Sagittal Plane,Lower Body,Push,Compound,Unilateral,Bodybuilding
double-dumbbell-suitcase-walking-lunge,Double Dumbbell Suitcase Walking Lunge,https://youtu.be/KdE6b_r7wxA,,Novice,beginner,Quadriceps,Quadriceps Femoris,Gluteus Maximus|Biceps Femoris,Dumbbell,2,,0,Dumbbell,dumbbells|gym,Walking,Double Arm,Continuous,Neutral,Suitcase,Alternating,No Elevation,Single Exercise,Knee Dominant,Sagittal Plane,Lower Body,Push,Compound,Unilateral,Bodybuilding
double-dumbbell-tall-kneeling-arnold-press,Double Dumbbell Tall Kneeling Arnold Press,https://youtu.be/Rd3pRGf7fyQ?si=E19yq3x4ySAePC_i,,Beginner,beginner,Shoulders,Anterior Deltoids,Triceps Brachii,Dumbbell,2,,0,Dumbbell,dumbbells|gym,Tall Kneeling,Double Arm,Continuous,Pronated,Overhead,Continuous,No Elevation,Single Exercise,Vertical Push,Transverse Plane|Sagittal Plane,Upper Body,Push,Compound,Bilateral,Bodybuilding
double-dumbbell-tall-kneeling-lateral-raise,Double Dumbbell Tall Kneeling Lateral Raise,https://youtu.be/OzrufXl0b4g?si=Oc_ebRjhZGfC10tB,https://youtu.be/YQEabNyRAXA?si=gkjRU26Twj5DTV53,Beginner,beginner,Shoulders,Lateral Deltoids,Anterior Deltoids|Trapezius,Dumbbell,2,,0,Dumbbell,dumbbells|gym,Tall Kneeling,Double Arm,Continuous,Neutral,Other,Continuous,No Elevation,Single Exercise,Shoulder Abduction,Frontal Plane,Upper Body,Push,Isolation,Bilateral,Bodybuilding
double-dumbbell-tall-kneeling-overhead-press,Double Dumbbell Tall Kneeling Overhead Press,https://youtu.be/y0t2PFFwSe4?si=VjtJz1Dg61jGQIZ9,,Novice,beginner,Shoulders,Anterior Deltoids,Triceps Brachii|Rectus Abdominis,Dumbbell,2,,0,Dumbbell,dumbbells|gym,Tall Kneeling,Double Arm,Continuous,Neutral,Overhead,Continuous,No Elevation,Single Exercise,Vertical Push,Sagittal Plane,Upper Body,Push,Compound,Bilateral,Bodybuilding
double-dumbbell-tall-kneeling-seesaw-overhead-press,Double Dumbbell Tall Kneeling Seesaw Overhead Press,https://youtu.be/Lk0xszw7Tf8?si=GHtFcn5OVifRVyDQ,,Novice,beginner,Shoulders,Anterior Deltoids,Triceps Brachii|Rectus Abdominis,Dumbbell,2,,0,Dumbbell,dumbbells|gym,Tall Kneeling,Double Arm,Alternating,Neutral,Overhead,Continuous,No Elevation,Single Exercise,Vertical Push,Sagittal Plane,Upper Body,Push,Compound,Unilateral,Bodybuilding
double-dumbbell-tall-kneeling-shrug,Double Dumbbell Tall Kneeling Shrug,https://youtu.be/-E9IilV53AI?si=3376PVeqdmgVn2AJ,https://youtu.be/uN5rwCivJXc?si=jZRWafwZEh2p1iIN,Beginner,beginner,Trapezius,Upper Trapezius,Levator Scapulae|Rhomboids,Dumbbell,2,,0,Dumbbell,dumbbells|gym,Tall Kneeling,Double Arm,Continuous,Neutral,Suitcase,Continuous,No Elevation,Single Exercise,Scapular Elevation,Sagittal Plane,Upper Body,Pull,Isolation,Bilateral,Bodybuilding
double-dumbbell-thruster,Double Dumbbell Thruster,https://youtu.be/u3wKkZjE8QM,https://youtu.be/cPzfRo_jti0,Novice,beginner,Quadriceps,Quadriceps Femoris,Anterior Deltoids,Dumbbell,2,,0,Dumbbell,dumbbells|gym,Standing,Double Arm,Continuous,Neutral,Overhead,Continuous,No Elevation,Single Exercise,Knee Dominant|Vertical Push,Sagittal Plane,Full Body,Push,Compound,Bilateral,Bodybuilding
double-dumbbell-tricep-kickback,Double Dumbbell Tricep Kickback,https://youtu.be/m_UlDFNX4mk?si=FAleOyAOFc4IiSBT,https://youtu.be/ShCYaoHmWmk,Beginner,beginner,Triceps,Triceps Brachii,,Dumbbell,2,,0,Dumbbell,dumbbells|gym,Standing,Double Arm,Continuous,Neutral,Other,Continuous,No Elevation,Single Exercise,Elbow Extension,Sagittal Plane,Upper Body,Push,Isolation,Bilateral,Bodybuilding
double-dumbbell-turkish-sit-up,Double Dumbbell Turkish Sit Up,https://youtu.be/SreLOxzaIX4,,Intermediate,intermediate,Abdominals,Rectus Abdominis,Anterior Deltoids|Iliopsoas,Dumbbell,2,,0,Dumbbell,dumbbells|gym,Supine,Double Arm,Continuous,Pronated,Overhead,Continuous,No Elevation,Single Exercise,Spinal Flexion,Sagittal Plane,Core,Other,Compound,Bilateral,
double-dumbbell-z-press,Double Dumbbell Z Press,https://youtu.be/k_kXBEjURUA,https://youtu.be/wce-elEhBHw,Novice,beginner,Shoulders,Anterior Deltoids,Triceps Brachii|Rectus Abdominis,Dumbbell,2,,0,Dumbbell,dumbbells|gym,Seated Floor,Double Arm,Continuous,Neutral,Overhead,Continuous,No Elevation,Single Exercise,Vertical Push,Sagittal Plane,Upper Body,Push,Compound,Bilateral,Bodybuilding
double-dumbbell-zottman-curl,Double Dumbbell Zottman Curl,https://youtu.be/wrjEdVZrkhk,https://youtu.be/aAuOsw9D7Hc,Beginner,beginner,Biceps,Biceps Brachii,Brachioradialis|Brachialis,Dumbbell,2,,0,Dumbbell,dumbbells|gym,Standing,Double Arm,Continuous,Supinated,Other,Continuous,No Elevation,Single Exercise,Elbow Flexion,Sagittal Plane,Upper Body,Pull,Isolation,Bilateral,Bodybuilding
double-indian-club-inner-heart-shaped-swing,Double Indian Club Inner Heart Shaped Swing,https://youtu.be/If9fXNTF4wI?si=Lk9xqqbULe2D5Xbs,https://youtu.be/W_o86GY2RYU?si=townxxYdN6ZgymIV,Intermediate,intermediate,Shoulders,Posterior Deltoids,,Indian Club,2,,0,Indian Club,gym,Standing,Double Arm,Continuous,Neutral,Other,Continuous,No Elevation,Single Exercise,,Frontal Plane,Upper Body,,,Bilateral,Mobility
double-indian-club-outer-heart-shaped-swing,Double Indian Club Outer Heart Shaped Swing,https://youtu.be/52D7xnpFFGY?si=UBcZ3G1BNtRbk97O,https://youtu.be/JB6fUPZENjk?si=9PxJ_yGmGMK_BCjA,Intermediate,intermediate,Shoulders,Posterior Deltoids,,Indian Club,2,,0,Indian Club,gym,Standing,Double Arm,Continuous,Neutral,Other,Continuous,No Elevation,Single Exercise,Shoulder External Rotation,Transverse Plane,Upper Body,,,Bilateral,Mobility
double-indian-club-parallel-swing,Double Indian Club Parallel Swing,https://youtu.be/nDugTXCHzFY?si=NQvVJIZJswsF1HNn,,Intermediate,intermediate,Shoulders,Posterior Deltoids,,Indian Club,2,,0,Indian Club,gym,Standing,Double Arm,Continuous,Neutral,Other,Continuous,No Elevation,Single Exercise,,Transverse Plane,Upper Body,,Compound,Bilateral,Mobility
double-kettlebell-bench-press,Double Kettlebell Bench Press,https://youtu.be/R2LOc0ZTcLI?si=0ry8ntEThAk2l6WI,,Beginner,beginner,Chest,Pectoralis Major,Triceps Brachii,Kettlebell,2,Bench (Flat),1,Kettlebell|Bench (Flat),gym,Supine,Double Arm,Continuous,Pronated,Above Chest,Continuous,No Elevation,Single Exercise,Horizontal Push,Sagittal Plane,Upper Body,Push,Compound,Bilateral,Bodybuilding
double-kettlebell-bent-over-row,Double Kettlebell Bent Over Row,https://youtu.be/t7dkLHdZ9uM?si=2TNd4Es589Vlu5uz,https://youtu.be/ygFBq3Bfb4c?si=iz5oUuggWLJU3cLH,Beginner,beginner,Back,Latissimus Dorsi,Rhomboids|Posterior Deltoids,Kettlebell,2,,0,Kettlebell,gym,Standing,Double Arm,Continuous,Neutral,Other,Continuous,No Elevation,Single Exercise,Horizontal Pull,Sagittal Plane,Upper Body,Pull,Compound,Bilateral,Bodybuilding
double-kettlebell-bicep-curl,Double Kettlebell Bicep Curl,https://youtu.be/-W0wS5W_PVw?si=5DGjI1VND3VVMHPC,,Beginner,beginner,Biceps,Biceps Brachii,Brachialis|Brachioradialis,Kettlebell,2,,0,Kettlebell,gym,Standing,Double Arm,Continuous,Supinated,Other,Continuous,No Elevation,Single Exercise,Elbow Flexion,Sagittal Plane,Upper Body,Pull,Isolation,Bilateral,Bodybuilding
double-kettlebell-bottoms-up-bench-press,Double Kettlebell Bottoms Up Bench Press,https://youtu.be/bIzD1Z_C0cA,,Novice,beginner,Chest,Pectoralis Major,Triceps Brachii,Kettlebell,2,Bench (Flat),1,Kettlebell|Bench (Flat),gym,Supine,Double Arm,Continuous,Bottoms Up,Above Chest,Continuous,No Elevation,Single Exercise,Horizontal Push,Sagittal Plane,Upper Body,Push,Compound,Bilateral,Bodybuilding
double-kettlebell-bottoms-up-clean,Double Kettlebell Bottoms Up Clean,https://youtu.be/iPSx3HFBDJQ?si=yE7krt1ftsmuaend,,Intermediate,intermediate,Glutes,Gluteus Maximus,,Kettlebell,2,,0,Kettlebell,gym,Standing,Double Arm,Continuous,Bottoms Up,Front Rack,Continuous,No Elevation,Single Exercise,Hip Hinge,Sagittal Plane,Full Body,,Compound,Bilateral,Ballistics
double-kettlebell-bottoms-up-floor-press,Double Kettlebell Bottoms Up Floor Press,https://youtu.be/BDCAkIEOPvE?si=ouPFKCSuMS-REkBT,,Novice,beginner,Chest,Pectoralis Major,Triceps Brachii|Anterior Deltoids,Kettlebell,2,,0,Kettlebell,gym,Supine,Double Arm,Continuous,Bottoms Up,Above Chest,Continuous,No Elevation,Single Exercise,Horizontal Push,Sagittal Plane,Upper Body,Push,Compound,Bilateral,Bodybuilding
double-kettlebell-bottoms-up-front-rack-alternating-cossack-squat,Double Kettlebell Bottoms Up Front Rack Alternating Cossack Squat,https://youtu.be/aJGPHYsiyTM,,Intermediate,intermediate,Quadriceps,Quadriceps Femoris,Adductor Magnus|Gluteus Maximus,Kettlebell,2,,0,Kettlebell,gym,Standing,Double Arm,Continuous,Bottoms Up,Front Rack,Alternating,No Elevation,Single Exercise,Knee Dominant,Frontal Plane,Lower Body,Push,Compound,Unilateral,Bodybuilding
double-kettlebell-bottoms-up-front-rack-alternating-reverse-lunge,Double Kettlebell Bottoms Up Front Rack Alternating Reverse Lunge,https://youtu.be/A4SnLhdMKu4?si=AWoi6qQOHivzUZeZ,,Intermediate,intermediate,Quadriceps,Quadriceps Femoris,Gluteus Maximus|Biceps Femoris,Kettlebell,2,,0,Kettlebell,gym,Standing,Double Arm,Continuous,Bottoms Up,Front Rack,Alternating,No Elevation,Single Exercise,Knee Dominant,Sagittal Plane,Lower Body,Push,Compound,Unilateral,Bodybuilding
double-kettlebell-bottoms-up-front-rack-carry,Double Kettlebell Bottoms Up Front Rack Carry,https://youtu.be/F19T2zGlPGA,,Intermediate,intermediate,Abdominals,Rectus Abdominis,,Kettlebell,2,,0,Kettlebell,gym,Walking,Double Arm,Continuous,Bottoms Up,Front Rack,Alternating,No Elevation,Single Exercise,Loaded Carry,Sagittal Plane,Full Body,Other,Compound,Bilateral,
double-kettlebell-bottoms-up-front-rack-cossack-squat,Double Kettlebell Bottoms Up Front Rack Cossack Squat,https://youtu.be/hTNWWqL9oc8?si=cTXB5vGf2EIHhx3r,,Intermediate,intermediate,Quadriceps,Quadriceps Femoris,Adductor Magnus|Gluteus Maximus,Kettlebell,2,,0,Kettlebell,gym,Standing,Double Arm,Continuous,Bottoms Up,Front Rack,Continuous,No Elevation,Single Exercise,Knee Dominant,Frontal Plane,Lower Body,Push,Compound,Unilateral,Bodybuilding
double-kettlebell-bottoms-up-front-rack-march,Double Kettlebell Bottoms Up Front Rack March,https://youtu.be/mLc2zI4rkMQ?si=bYMHmbsvqyX3__ZV,,Intermediate,intermediate,Hip Flexors,Iliopsoas,Rectus Abdominis|Gluteus Medius,Kettlebell,2,,0,Kettlebell,gym,March,Double Arm,Continuous,Bottoms Up,Front Rack,Alternating,No Elevation,Single Exercise,Locomotion,Sagittal Plane,Core,Other,Compound,Unilateral,Balance
double-kettlebell-bottoms-up-front-rack-pistol-squat,Double Kettlebell Bottoms Up Front Rack Pistol Squat,https://youtu.be/WPIrFREyNaw,,Expert,advanced,Quadriceps,Quadriceps Femoris,Gluteus Maximus,Kettlebell,2,,0,Kettlebell,gym,Single Leg Standing,Double Arm,Continuous,Bottoms Up,Front Rack,Continuous,No Elevation,Single Exercise,Knee Dominant,Sagittal Plane,Lower Body,Push,Compound,Unilateral,Balance
double-kettlebell-bottoms-up-front-rack-reverse-lunge,Double Kettlebell Bottoms Up Front Rack Reverse Lunge,https://youtu.be/JoV4UqO1tTc?si=3YJ_yF9NN8BUfwS9,,Intermediate,intermediate,Quadriceps,Quadriceps Femoris,Gluteus Maximus|Biceps Femoris,Kettlebell,2,,0,Kettlebell,gym,Standing,Double Arm,Continuous,Bottoms Up,Front Rack,Continuous,No Elevation,Single Exercise,Knee Dominant,Sagittal Plane,Lower Body,Push,Compound,Unilateral,Bodybuilding
double-kettlebell-bottoms-up-front-rack-split-squat,Double Kettlebell Bottoms Up Front Rack Split Squat,https://youtu.be/NH32TQinW94?si=UfgmRs54Foklrrlw,,Intermediate,intermediate,Quadriceps,Quadriceps Femoris,Gluteus Maximus|Biceps Femoris,Kettlebell,2,,0,Kettlebell,gym,Split Squat,Double Arm,Continuous,Bottoms Up,Front Rack,Continuous,No Elevation,Single Exercise,Knee Dominant,Sagittal Plane,Lower Body,Push,Compound,Unilateral,Bodybuilding
double-kettlebell-bottoms-up-front-rack-squat,Double Kettlebell Bottoms Up Front Rack Squat,https://youtu.be/IvN-CSDnvoc,,Intermediate,intermediate,Quadriceps,Quadriceps Femoris,Gluteus Maximus,Kettlebell,2,,0,Kettlebell,gym,Standing,Double Arm,Continuous,Bottoms Up,Front Rack,Continuous,No Elevation,Single Exercise,Knee Dominant,Sagittal Plane,Lower Body,Push,Compound,Bilateral,Bodybuilding
double-kettlebell-bottoms-up-half-kneeling-overhead-press,Double Kettlebell Bottoms Up Half Kneeling Overhead Press,https://youtu.be/IoGfLT_8cPA?si=0w2tJHQG6XulCr7c,,Intermediate,intermediate,Shoulders,Anterior Deltoids,Triceps Brachii,Kettlebell,2,,0,Kettlebell,gym,Half Kneeling,Double Arm,Continuous,Bottoms Up,Overhead,Continuous,No Elevation,Single Exercise,Vertical Push,Sagittal Plane,Upper Body,Push,Compound,Unilateral,Bodybuilding
double-kettlebell-bottoms-up-incline-bench-press,Double Kettlebell Bottoms Up Incline Bench Press,https://youtu.be/STeIzkHm6tE?si=BxEJOKh_KtwNSMK_,,Novice,beginner,Chest,Pectoralis Major,Triceps Brachii,Kettlebell,2,Bench (Incline),1,Kettlebell|Bench (Incline),gym,Supine,Double Arm,Continuous,Bottoms Up,Above Chest,Continuous,No Elevation,Single Exercise,Horizontal Push,Sagittal Plane,Upper Body,Push,Compound,Bilateral,Bodybuilding
double-kettlebell-bottoms-up-overhead-carry,Double Kettlebell Bottoms Up Overhead Carry,https://youtu.be/sUaLKjZx4X0?si=tcwai7A-NJGrnfYn,,Advanced,advanced,Shoulders,Anterior Deltoids,Obliques,Kettlebell,2,,0,Kettlebell,gym,Walking,Double Arm,Continuous,Bottoms Up,Overhead,Alternating,No Elevation,Single Exercise,Loaded Carry,Sagittal Plane,Full Body,Other,Compound,Bilateral,
double-kettlebell-bottoms-up-overhead-press,Double Kettlebell Bottoms Up Overhead Press,https://youtu.be/Pt-6EI8mcEU?si=Lxresx17SBitLvtO,https://youtu.be/wfyvigcUtBw?feature=shared,Intermediate,intermediate,Shoulders,Anterior Deltoids,Triceps Brachii,Kettlebell,2,,0,Kettlebell,gym,Standing,Double Arm,Continuous,Bottoms Up,Overhead,Continuous,No Elevation,Single Exercise,Vertical Push,Sagittal Plane,Upper Body,Push,Compound,Bilateral,
double-kettlebell-bottoms-up-overhead-squat,Double Kettlebell Bottoms Up Overhead Squat,https://youtu.be/kSlZIksA8XQ,,Advanced,advanced,Quadriceps,Quadriceps Femoris,Gluteus Maximus,Kettlebell,2,,0,Kettlebell,gym,Standing,Double Arm,Continuous,Bottoms Up,Overhead,Continuous,No Elevation,Single Exercise,Knee Dominant,Sagittal Plane,Lower Body,Push,Compound,Bilateral,
double-kettlebell-bottoms-up-seated-overhead-press,Double Kettlebell Bottoms Up Seated Overhead Press,https://youtu.be/7uS_6AgHk28?si=jXJ8ZwIqz_-aAInK,,Intermediate,intermediate,Shoulders,Anterior Deltoids,Triceps Brachii,Kettlebell,2,Bench (Flat),1,Kettlebell|Bench (Flat),gym,Seated,Double Arm,Continuous,Bottoms Up,Overhead,Continuous,No Elevation,Single Exercise,Vertical Push,Sagittal Plane,Upper Body,Push,Compound,Bilateral,Bodybuilding
double-kettlebell-bottoms-up-seesaw-overhead-press,Double Kettlebell Bottoms Up Seesaw Overhead Press,https://youtu.be/HDzbviKeH8A,,Intermediate,intermediate,Shoulders,Anterior Deltoids,Triceps Brachii,Kettlebell,2,,0,Kettlebell,gym,Standing,Double Arm,Alternating,Bottoms Up,Overhead,Continuous,No Elevation,Single Exercise,Vertical Push,Sagittal Plane,Upper Body,Push,Compound,Unilateral,
double-kettlebell-bottoms-up-seesaw-overhead-press-2,Double Kettlebell Bottoms Up Seesaw Overhead Press,https://youtu.be/HDzbviKeH8A?si=B97qZHv-l5DP5Zwg,,Intermediate,intermediate,Shoulders,Anterior Deltoids,Triceps Brachii,Kettlebell,2,,0,Kettlebell,gym,Standing,Double Arm,Alternating,Bottoms Up,Overhead,Continuous,No Elevation,Single Exercise,Vertical Push,Sagittal Plane,Upper Body,Push,Compound,Unilateral,
double-kettlebell-bottoms-up-snatch,Double Kettlebell Bottoms Up Snatch,https://youtu.be/jcC9NyGLGyg,,Advanced,advanced,Glutes,Gluteus Maximus,Anterior Deltoids,Kettlebell,2,,0,Kettlebell,gym,Standing,Double Arm,Continuous,Bottoms Up,Overhead,Continuous,No Elevation,Single Exercise,Hip Hinge,Sagittal Plane,Full Body,,Compound,Bilateral,Ballistics
double-kettlebell-bottoms-up-tall-kneeling-overhead-press,Double Kettlebell Bottoms Up Tall Kneeling Overhead Press,https://youtu.be/zlosFkTwleE?si=kPNf5P_AJZd7Sqrn,,Intermediate,intermediate,Shoulders,Anterior Deltoids,Triceps Brachii,Kettlebell,2,,0,Kettlebell,gym,Tall Kneeling,Double Arm,Continuous,Bottoms Up,Overhead,Continuous,No Elevation,Single Exercise,Vertical Push,Sagittal Plane,Upper Body,Push,Compound,Unilateral,Bodybuilding
double-kettlebell-bottoms-up-thruster,Double Kettlebell Bottoms Up Thruster,https://youtu.be/ZjNbjnGz1Cg,,Intermediate,intermediate,Quadriceps,Quadriceps Femoris,Anterior Deltoids,Kettlebell,2,,0,Kettlebell,gym,Standing,Double Arm,Continuous,Bottoms Up,Overhead,Continuous,No Elevation,Single Exercise,Knee Dominant|Vertical Push,Sagittal Plane,Full Body,Push,Compound,Bilateral,Bodybuilding
double-kettlebell-bottoms-up-z-press,Double Kettlebell Bottoms Up Z Press,https://youtu.be/s2hAm9S-6fY,,Intermediate,intermediate,Shoulders,Anterior Deltoids,Triceps Brachii|Rectus Abdominis,Kettlebell,2,,0,Kettlebell,gym,Seated Floor,Double Arm,Continuous,Bottoms Up,Overhead,Continuous,No Elevation,Single Exercise,Vertical Push,Sagittal Plane,Upper Body,Push,Compound,Bilateral,Bodybuilding
double-kettlebell-chest-fly,Double Kettlebell Chest Fly,https://youtu.be/-ngqbDJP-QE?si=onuXRsIy65F_bbPM,https://youtu.be/rvDr7N7l3CQ?si=RT0gzkft4Xl-S9HT,Beginner,beginner,Chest,Pectoralis Major,Anterior Deltoids|Biceps Brachii,Kettlebell,2,Bench (Flat),1,Kettlebell|Bench (Flat),gym,Supine,Double Arm,Continuous,Neutral,Above Chest,Continuous,No Elevation,Single Exercise,Horizontal Adduction,Transverse Plane,Upper Body,Push,Isolation,Bilateral,Bodybuilding
double-kettlebell-clean,Double Kettlebell Clean,https://youtu.be/8tFmEJ9ElaM,https://youtu.be/26GZTfSdz-s,Intermediate,intermediate,Glutes,Gluteus Maximus,,Kettlebell,2,,0,Kettlebell,gym,Standing,Double Arm,Continuous,Neutral,Front Rack,Continuous,No Elevation,Single Exercise,Hip Hinge,Sagittal Plane,Full Body,,Compound,Bilateral,Ballistics
double-kettlebell-clean-to-front-rack-alternating-forward-lunge,Double Kettlebell Clean to Front Rack Alternating Forward Lunge,https://youtu.be/tG3t_B6t-88?si=JcYBrgVmlHOaRvf5,,Intermediate,intermediate,Quadriceps,Quadriceps Femoris,Gluteus Maximus|Biceps Femoris,Kettlebell,2,,0,Kettlebell,gym,Standing,Double Arm,Continuous,Neutral,Front Rack,Alternating,No Elevation,Combo Exercise,Hip Hinge|Knee Dominant,Sagittal Plane,Full Body,,Compound,Unilateral,Ballistics
double-kettlebell-clean-to-front-rack-squat,Double Kettlebell Clean to Front Rack Squat,https://youtu.be/t7vqdHxMVGY?si=BMd0xRrTYjoV5zrL,https://youtu.be/R3s6Wb_ApHM?si=vaDvU6g4YQWIfJph,Intermediate,intermediate,Quadriceps,Quadriceps Femoris,Gluteus Maximus|Biceps Femoris,Kettlebell,2,,0,Kettlebell,gym,Standing,Double Arm,Continuous,Neutral,Front Rack,Continuous,No Elevation,Combo Exercise,Hip Hinge|Knee Dominant,Sagittal Plane,Full Body,,Compound,Bilateral,Ballistics
double-kettlebell-clean-to-overhead-press,Double Kettlebell Clean to Overhead Press,https://youtu.be/5Fx69TRWARc,https://youtu.be/3OaK-lDtCY4,Intermediate,intermediate,Shoulders,Anterior Deltoids,Triceps Brachii|Gluteus Minimus,Kettlebell,2,,0,Kettlebell,gym,Standing,Double Arm,Continuous,Pronated,Overhead,Continuous,No Elevation,Combo Exercise,Hip Hinge|Vertical Push,Sagittal Plane,Full Body,,Compound,Bilateral,Ballistics
double-kettlebell-clean-to-push-jerk,Double Kettlebell Clean to Push Jerk,https://youtu.be/_A6K7V6FHSM?si=uMrzYlHgGYbenNf1,,Intermediate,intermediate,Shoulders,Anterior Deltoids,Triceps Brachii|Gluteus Minimus,Kettlebell,2,,0,Kettlebell,gym,Standing,Double Arm,Continuous,Pronated,Overhead,Continuous,No Elevation,Combo Exercise,Hip Hinge|Vertical Push,Sagittal Plane,Full Body,,Compound,Bilateral,Ballistics
double-kettlebell-clean-to-push-press,Double Kettlebell Clean to Push Press,https://youtu.be/Xs5q4IDjTRA?si=v-B326quPWXgDphc,,Intermediate,intermediate,Shoulders,Anterior Deltoids,Triceps Brachii|Gluteus Minimus,Kettlebell,2,,0,Kettlebell,gym,Standing,Double Arm,Continuous,Pronated,Overhead,Continuous,No Elevation,Combo Exercise,Hip Hinge|Vertical Push,Sagittal Plane,Full Body,,Compound,Bilateral,Ballistics
double-kettlebell-clean-to-sots-press,Double Kettlebell Clean to Sots Press,https://youtu.be/NqZPSUqSJlA,,Intermediate,intermediate,Shoulders,Anterior Deltoids,Gluteus Maximus,Kettlebell,2,,0,Kettlebell,gym,Standing,Double Arm,Continuous,Pronated,Overhead,Continuous,No Elevation,Combo Exercise,Hip Hinge|Vertical Push,Sagittal Plane,Full Body,,Compound,Bilateral,Ballistics
double-kettlebell-clean-to-thruster,Double Kettlebell Clean to Thruster,https://youtu.be/J6xUudO95Gc,,Intermediate,intermediate,Shoulders,Anterior Deltoids,Gluteus Maximus,Kettlebell,2,,0,Kettlebell,gym,Standing,Double Arm,Continuous,Pronated,Overhead,Continuous,No Elevation,Combo Exercise,Hip Hinge|Vertical Push|Knee Dominant,Sagittal Plane,Full Body,,Compound,Bilateral,
double-kettlebell-cossack-squat-thruster,Double Kettlebell Cossack Squat Thruster,https://youtu.be/DbKGRbkQ80E,,Intermediate,intermediate,Shoulders,Anterior Deltoids,Quadriceps Femoris|Adductor Magnus,Kettlebell,2,,0,Kettlebell,gym,Standing,Double Arm,Continuous,Pronated,Overhead,Continuous,No Elevation,Combo Exercise,Rotational|Knee Dominant,Frontal Plane,Full Body,Push,Compound,Unilateral,Bodybuilding
double-kettlebell-dead-clean,Double Kettlebell Dead Clean,https://youtu.be/qdMDbLUg9_w?si=9t5V4loMJW5VI5mV,https://youtu.be/bET3BJkaYKQ,Intermediate,intermediate,Glutes,Gluteus Maximus,Biceps Femoris|Rectus Abdominis,Kettlebell,2,,0,Kettlebell,gym,Standing,Double Arm,Continuous,Neutral,Front Rack,Continuous,No Elevation,Single Exercise,Hip Hinge,Sagittal Plane,Full Body,,Compound,Bilateral,Ballistics
double-kettlebell-dead-clean-to-overhead-press,Double Kettlebell Dead Clean to Overhead Press,https://youtu.be/8xYUgNA1Hi0?si=B1HQJvZslYYHAgLt,https://youtu.be/kIf_x_1uRqs,Intermediate,intermediate,Shoulders,Anterior Deltoids,Gluteus Maximus,Kettlebell,2,,0,Kettlebell,gym,Standing,Double Arm,Continuous,Neutral,Overhead,Continuous,No Elevation,Combo Exercise,Hip Hinge|Vertical Push,Sagittal Plane,Full Body,,Compound,Bilateral,Ballistics
double-kettlebell-dead-clean-to-push-jerk,Double Kettlebell Dead Clean to Push Jerk,https://youtu.be/vFOeFxuWMa4?si=UW2lvkjDkxHqSPIf,,Intermediate,intermediate,Shoulders,Anterior Deltoids,Triceps Brachii,Kettlebell,2,,0,Kettlebell,gym,Standing,Double Arm,Continuous,Pronated,Overhead,Continuous,No Elevation,Combo Exercise,Vertical Push,Sagittal Plane,Full Body,,Compound,Bilateral,Ballistics
double-kettlebell-dead-clean-to-push-press,Double Kettlebell Dead Clean to Push Press,https://youtu.be/NAZ9uF9S_wk,,Intermediate,intermediate,Shoulders,Anterior Deltoids,Triceps Brachii,Kettlebell,2,,0,Kettlebell,gym,Standing,Double Arm,Continuous,Pronated,Overhead,Continuous,No Elevation,Combo Exercise,Hip Hinge|Vertical Push,Sagittal Plane,Full Body,,Compound,Bilateral,Ballistics
double-kettlebell-dead-clean-to-thruster,Double Kettlebell Dead Clean to Thruster,https://youtu.be/3p8swLoH5no,,Intermediate,intermediate,Shoulders,Anterior Deltoids,Quadriceps Femoris|Gluteus Maximus,Kettlebell,2,,0,Kettlebell,gym,Standing,Double Arm,Continuous,Neutral,Overhead,Continuous,No Elevation,Combo Exercise,Hip Hinge|Vertical Push|Knee Dominant,Sagittal Plane,Full Body,,Compound,Bilateral,Ballistics
double-kettlebell-dead-half-snatch,Double Kettlebell Dead Half Snatch,https://youtu.be/t8Z9LTj5b6Y,,Intermediate,intermediate,Glutes,Gluteus Maximus,Biceps Femoris|Anterior Deltoids,Kettlebell,2,,0,Kettlebell,gym,Standing,Double Arm,Continuous,Pronated,Overhead,Continuous,No Elevation,Single Exercise,Hip Hinge,Sagittal Plane,Full Body,,Compound,Bilateral,Ballistics
double-kettlebell-dead-snatch,Double Kettlebell Dead Snatch,https://youtu.be/7KN_RrCS_EU?si=seR_4LNmjEtTdXfj,,Intermediate,intermediate,Glutes,Gluteus Maximus,Anterior Deltoids,Kettlebell,2,,0,Kettlebell,gym,Standing,Double Arm,Continuous,Pronated,Overhead,Continuous,No Elevation,Single Exercise,Hip Hinge,Sagittal Plane,Full Body,,Compound,Bilateral,Ballistics
double-kettlebell-decline-bench-chest-fly,Double Kettlebell Decline Bench Chest Fly,https://youtu.be/88FvxU3txl4?feature=shared,,Beginner,beginner,Chest,Pectoralis Major,Anterior Deltoids|Biceps Brachii,Kettlebell,2,Bench (Decline),1,Kettlebell|Bench (Decline),gym,Supine,Double Arm,Continuous,Neutral,Above Chest,Continuous,No Elevation,Single Exercise,Horizontal Adduction,Transverse Plane,Upper Body,Push,Isolation,Bilateral,Bodybuilding
double-kettlebell-dragon-flag,Double Kettlebell Dragon Flag,https://youtu.be/8i1-ngFRLLs,https://youtu.be/HYMY8NWRQ4s,Expert,advanced,Abdominals,Rectus Abdominis,,Kettlebell,2,,0,Kettlebell,gym,Supine,Double Arm,Continuous,Pronated,Other,Continuous,No Elevation,Single Exercise,Isometric Hold,Sagittal Plane,Core,Other,Compound,Bilateral,
double-kettlebell-feet-elevated-pike-push-up,Double Kettlebell Feet Elevated Pike Push Up,https://youtu.be/Uhi9c2SDl6o?si=hootzYYWD4d2powE,,Intermediate,intermediate,Shoulders,Anterior Deltoids,Triceps Brachii,Kettlebell,2,Bench (Flat),1,Kettlebell|Bench (Flat),gym,Inverted,Double Arm,Continuous,Neutral,No Load,Continuous,Feet Elevated,Single Exercise,Vertical Push,Sagittal Plane,Upper Body,Push,Compound,Bilateral,Calisthenics
double-kettlebell-feet-elevated-push-up,Double Kettlebell Feet Elevated Push Up,https://youtu.be/kw3ht7nZbXs?si=9ZaHvZoUYJK9H_2w,,Intermediate,intermediate,Chest,Pectoralis Major,Triceps Brachii,Kettlebell,2,Bench (Flat),1,Kettlebell|Bench (Flat),gym,Prone,Double Arm,Continuous,Neutral,No Load,Continuous,Feet Elevated,Single Exercise,Horizontal Push,Sagittal Plane,Upper Body,Push,Compound,Bilateral,Calisthenics
double-kettlebell-feet-elevated-renegade-row,Double Kettlebell Feet Elevated Renegade Row,https://youtu.be/_eVC54UW6eE?si=6tC__RV3slyYwUuP,,Advanced,advanced,Back,Latissimus Dorsi,,Kettlebell,2,Bench (Flat),1,Kettlebell|Bench (Flat),gym,Prone,Double Arm,Alternating,Neutral,Other,Continuous,Feet Elevated,Single Exercise,Horizontal Pull|Anti-Extension,Sagittal Plane,Upper Body,Pull,Compound,Unilateral,Bodybuilding
double-kettlebell-feet-elevated-renegade-row-to-push-up,Double Kettlebell Feet Elevated Renegade Row to Push Up,https://youtu.be/9hZ1mWk3-gA?si=Tko55A45WxNaGz27,,Advanced,advanced,Back,Latissimus Dorsi,,Kettlebell,2,Bench (Flat),1,Kettlebell|Bench (Flat),gym,Prone,Double Arm,Alternating,Neutral,Other,Continuous,Feet Elevated,Combo Exercise,Horizontal Pull|Horizontal Push|Anti-Extension,Sagittal Plane,Upper Body,Push & Pull,Compound,Unilateral,Bodybuilding
double-kettlebell-floor-press,Double Kettlebell Floor Press,https://youtu.be/GC0TS5XuuAA?si=1gRhkWItRmgaTYmb,https://youtu.be/1_-ECzAoCoY?si=gB243CJHNOnav7gA,Beginner,beginner,Chest,Pectoralis Major,Triceps Brachii|Anterior Deltoids,Kettlebell,2,,0,Kettlebell,gym,Supine,Double Arm,Continuous,Pronated,Above Chest,Continuous,No Elevation,Single Exercise,Horizontal Push,Sagittal Plane,Upper Body,Push,Compound,Bilateral,Bodybuilding
double-kettlebell-front-rack-alternating-cossack-squat,Double Kettlebell Front Rack Alternating Cossack Squat,https://youtu.be/vcMZNgn5G9c,,Novice,beginner,Quadriceps,Quadriceps Femoris,Adductor Magnus|Gluteus Maximus,Kettlebell,2,,0,Kettlebell,gym,Standing,Double Arm,Continuous,Neutral,Front Rack,Alternating,No Elevation,Single Exercise,Knee Dominant,Frontal Plane,Lower Body,Push,Compound,Unilateral,Bodybuilding
double-kettlebell-front-rack-alternating-curtsy-lunge,Double Kettlebell Front Rack Alternating Curtsy Lunge,https://youtu.be/UnevKvSIDLo?si=Y2g3UwUxqNMlZHdo,,Novice,beginner,Quadriceps,Quadriceps Femoris,Gluteus Maximus|Adductor Magnus,Kettlebell,2,,0,Kettlebell,gym,Standing,Double Arm,Continuous,Neutral,Front Rack,Alternating,No Elevation,Single Exercise,Knee Dominant,Frontal Plane,Lower Body,Push,Compound,Unilateral,Bodybuilding
double-kettlebell-front-rack-alternating-forward-lunge,Double Kettlebell Front Rack Alternating Forward Lunge,https://youtu.be/KIDRnwRAKAY?si=b00pYocO2xqWBGiJ,,Novice,beginner,Quadriceps,Quadriceps Femoris,Gluteus Maximus|Biceps Femoris,Kettlebell,2,,0,Kettlebell,gym,Standing,Double Arm,Continuous,Neutral,Front Rack,Alternating,No Elevation,Single Exercise,Knee Dominant,Sagittal Plane,Lower Body,Push,Compound,Unilateral,Bodybuilding
double-kettlebell-front-rack-alternating-lateral-lunge,Double Kettlebell Front Rack Alternating Lateral Lunge,https://youtu.be/TzuHADj8h4M?si=tAyLqN0pCIXqxity,https://youtu.be/cJs1VoCH1Nc?feature=shared,Novice,beginner,Quadriceps,Quadriceps Femoris,Gluteus Maximus|Adductor Magnus,Kettlebell,2,,0,Kettlebell,gym,Standing,Double Arm,Continuous,Neutral,Front Rack,Alternating,No Elevation,Single Exercise,Knee Dominant,Frontal Plane,Lower Body,Push,Compound,Unilateral,Bodybuilding
double-kettlebell-front-rack-alternating-reverse-lunge,Double Kettlebell Front Rack Alternating Reverse Lunge,https://youtu.be/JKk87eVdbG8?si=Est-myfua9sI06NN,,Novice,beginner,Quadriceps,Quadriceps Femoris,Gluteus Maximus|Biceps Femoris,Kettlebell,2,,0,Kettlebell,gym,Standing,Double Arm,Continuous,Neutral,Front Rack,Alternating,No Elevation,Single Exercise,Knee Dominant,Sagittal Plane,Lower Body,Push,Compound,Unilateral,Bodybuilding
double-kettlebell-front-rack-alternating-russian-step-up,Double Kettlebell Front Rack Alternating Russian Step Up,https://youtu.be/-L2RxqXxw3w?si=c5bWCZNShpG6g4Zw,,Novice,beginner,Quadriceps,Quadriceps Femoris,Gluteus Maximus|Iliopsoas,Kettlebell,2,Plyo Box,1,Kettlebell|Plyo Box,gym,Single Leg Standing Bent Knee,Double Arm,Continuous,Neutral,Front Rack,Alternating,Foot Elevated (Front),Single Exercise,Knee Dominant,Sagittal Plane,Lower Body,Push,Compound,Unilateral,Balance
double-kettlebell-front-rack-alternating-step-up,Double Kettlebell Front Rack Alternating Step Up,https://youtu.be/efg-AS2o3lM?feature=shared,,Novice,beginner,Quadriceps,Quadriceps Femoris,Gluteus Maximus|Biceps Femoris,Kettlebell,2,Plyo Box,1,Kettlebell|Plyo Box,gym,Standing,Double Arm,Continuous,Neutral,Front Rack,Alternating,Foot Elevated (Front),Single Exercise,Knee Dominant,Sagittal Plane,Lower Body,Push,Compound,Unilateral,Bodybuilding
double-kettlebell-front-rack-bulgarian-split-squat,Double Kettlebell Front Rack Bulgarian Split Squat,https://youtu.be/Q3yDIeMfdNg,,Intermediate,intermediate,Quadriceps,Quadriceps Femoris,Gluteus Maximus|Biceps Femoris,Kettlebell,2,Bench (Flat),1,Kettlebell|Bench (Flat),gym,Single Leg Supported,Double Arm,Continuous,Neutral,Front Rack,Continuous,Foot Elevated (Rear),Single Exercise,Knee Dominant,Sagittal Plane,Lower Body,Push,Compound,Unilateral,Bodybuilding
double-kettlebell-front-rack-carry,Double Kettlebell Front Rack Carry,https://youtu.be/iD8tG0qfztk?si=Z2QMS4VxJJkJ-kUk,,Novice,beginner,Abdominals,Rectus Abdominis,,Kettlebell,2,,0,Kettlebell,gym,Walking,Double Arm,Continuous,Neutral,Front Rack,Alternating,No Elevation,Single Exercise,Loaded Carry,Sagittal Plane,Full Body,Other,Compound,Bilateral,
double-kettlebell-front-rack-cossack-squat,Double Kettlebell Front Rack Cossack Squat,https://youtu.be/sBuAJggOIxE?si=CST2KlC-8f_fnogp,,Novice,beginner,Quadriceps,Quadriceps Femoris,Adductor Magnus|Gluteus Maximus,Kettlebell,2,,0,Kettlebell,gym,Standing,Double Arm,Continuous,Neutral,Front Rack,Continuous,No Elevation,Single Exercise,Knee Dominant,Frontal Plane,Lower Body,Push,Compound,Unilateral,Bodybuilding
double-kettlebell-front-rack-curtsy-lunge,Double Kettlebell Front Rack Curtsy Lunge,https://youtu.be/b10GH56Feuc?si=DTF4gfUaKajgDIEP,,Novice,beginner,Quadriceps,Quadriceps Femoris,Gluteus Maximus|Adductor Magnus,Kettlebell,2,,0,Kettlebell,gym,Standing,Double Arm,Continuous,Neutral,Front Rack,Continuous,No Elevation,Single Exercise,Knee Dominant,Frontal Plane,Lower Body,Push,Compound,Unilateral,Bodybuilding
double-kettlebell-front-rack-cyclist-squat,Double Kettlebell Front Rack Cyclist Squat,https://youtu.be/xkL1f4yewf0,,Novice,beginner,Quadriceps,Quadriceps Femoris,Gluteus Maximus|Soleus,Kettlebell,2,Slant Board,1,Kettlebell|Slant Board,gym,Standing,Double Arm,Continuous,Neutral,Front Rack,Continuous,Heels Elevated,Single Exercise,Knee Dominant,Sagittal Plane,Lower Body,Push,Compound,Bilateral,Bodybuilding
double-kettlebell-front-rack-forward-lunge,Double Kettlebell Front Rack Forward Lunge,https://youtu.be/s-lZimLr_tg?si=Esmu-85tbaGWBDHx,,Novice,beginner,Quadriceps,Quadriceps Femoris,Gluteus Maximus|Biceps Femoris,Kettlebell,2,,0,Kettlebell,gym,Standing,Double Arm,Continuous,Neutral,Front Rack,Continuous,No Elevation,Single Exercise,Knee Dominant,Sagittal Plane,Lower Body,Push,Compound,Unilateral,Bodybuilding
double-kettlebell-front-rack-knee-over-toe-split-squat,Double Kettlebell Front Rack Knee Over Toe Split Squat,https://youtu.be/G7e7EenICzQ,,Novice,beginner,Quadriceps,Quadriceps Femoris,Gluteus Maximus|Soleus,Kettlebell,2,,0,Kettlebell,gym,Knee Over Toe Split Squat,Double Arm,Continuous,Neutral,Front Rack,Continuous,No Elevation,Single Exercise,Knee Dominant,Sagittal Plane,Lower Body,Push,Compound,Unilateral,Bodybuilding
double-kettlebell-front-rack-lateral-lunge,Double Kettlebell Front Rack Lateral Lunge,https://youtu.be/TzuHADj8h4M?si=iwVlpYdKhmpx03MU,https://youtu.be/9mCPNtpVs78?feature=shared,Novice,beginner,Quadriceps,Quadriceps Femoris,Gluteus Maximus|Adductor Magnus,Kettlebell,2,,0,Kettlebell,gym,Standing,Double Arm,Continuous,Neutral,Front Rack,Continuous,No Elevation,Single Exercise,Knee Dominant,Frontal Plane,Lower Body,Push,Compound,Unilateral,Bodybuilding
double-kettlebell-front-rack-low-switch-cossack-squat,Double Kettlebell Front Rack Low Switch Cossack Squat,https://youtu.be/j9sFzOeMmxY?si=i2yJV3WJb2pBCf0X,,Intermediate,intermediate,Quadriceps,Quadriceps Femoris,Adductor Magnus|Gluteus Maximus,Kettlebell,2,,0,Kettlebell,gym,Standing,Double Arm,Continuous,Neutral,Front Rack,Alternating,No Elevation,Single Exercise,Knee Dominant,Frontal Plane,Lower Body,Push,Compound,Unilateral,Bodybuilding
double-kettlebell-front-rack-march,Double Kettlebell Front Rack March,https://youtu.be/aAbVFCqY4Ac,,Novice,beginner,Hip Flexors,Iliopsoas,Rectus Abdominis|Gluteus Medius,Kettlebell,2,,0,Kettlebell,gym,March,Double Arm,Continuous,Neutral,Front Rack,Alternating,No Elevation,Single Exercise,Locomotion,Sagittal Plane,Core,Other,Compound,Unilateral,Balance
double-kettlebell-front-rack-pistol-squat,Double Kettlebell Front Rack Pistol Squat,https://youtu.be/-A7yvmUv8Cw,,Advanced,advanced,Quadriceps,Quadriceps Femoris,Gluteus Maximus,Kettlebell,2,,0,Kettlebell,gym,Single Leg Standing,Double Arm,Continuous,Neutral,Front Rack,Continuous,No Elevation,Single Exercise,Knee Dominant,Sagittal Plane,Lower Body,Push,Compound,Unilateral,Balance
double-kettlebell-front-rack-reverse-lunge,Double Kettlebell Front Rack Reverse Lunge,https://youtu.be/PwtxLgNobQQ?si=DoSwEK_jWEv76qX3,https://youtu.be/aeFRNwu-vnk?si=kbMbqd6PoPIVFs9o,Novice,beginner,Quadriceps,Quadriceps Femoris,Gluteus Maximus|Biceps Femoris,Kettlebell,2,,0,Kettlebell,gym,Standing,Double Arm,Continuous,Neutral,Front Rack,Continuous,No Elevation,Single Exercise,Knee Dominant,Sagittal Plane,Lower Body,Push,Compound,Unilateral,Bodybuilding
double-kettlebell-front-rack-russian-step-up,Double Kettlebell Front Rack Russian Step Up,https://youtu.be/KuNBOsyKvNs?si=xGQdh89b83Z6zfD1,,Novice,beginner,Quadriceps,Quadriceps Femoris,Gluteus Maximus|Iliopsoas,Kettlebell,2,Plyo Box,1,Kettlebell|Plyo Box,gym,Single Leg Standing Bent Knee,Double Arm,Continuous,Neutral,Front Rack,Continuous,Foot Elevated (Front),Single Exercise,Knee Dominant,Sagittal Plane,Lower Body,Push,Compound,Unilateral,Balance
double-kettlebell-front-rack-split-squat,Double Kettlebell Front Rack Split Squat,https://youtu.be/ExJCssj4YV0,,Novice,beginner,Quadriceps,Quadriceps Femoris,Gluteus Maximus|Biceps Femoris,Kettlebell,2,,0,Kettlebell,gym,Split Squat,Double Arm,Continuous,Neutral,Front Rack,Continuous,No Elevation,Single Exercise,Knee Dominant,Sagittal Plane,Lower Body,Push,Compound,Unilateral,Bodybuilding
double-kettlebell-front-rack-squat,Double Kettlebell Front Rack Squat,https://youtu.be/JoT4bHnzTMw?si=i8z5wbuObKGVIl4_,https://youtu.be/wRmiqpizfNM,Novice,beginner,Quadriceps,Quadriceps Femoris,Gluteus Maximus,Kettlebell,2,,0,Kettlebell,gym,Standing,Double Arm,Continuous,Neutral,Front Rack,Continuous,No Elevation,Single Exercise,Knee Dominant,Sagittal Plane,Lower Body,Push,Compound,Bilateral,Bodybuilding
double-kettlebell-front-rack-step-up,Double Kettlebell Front Rack Step Up,https://youtu.be/wcnuhd6RHwE,,Novice,beginner,Quadriceps,Quadriceps Femoris,Gluteus Maximus|Biceps Femoris,Kettlebell,2,Plyo Box,1,Kettlebell|Plyo Box,gym,Standing,Double Arm,Continuous,Neutral,Front Rack,Continuous,Foot Elevated (Front),Single Exercise,Knee Dominant,Sagittal Plane,Lower Body,Push,Compound,Unilateral,Bodybuilding
double-kettlebell-front-rack-walking-lunge,Double Kettlebell Front Rack Walking Lunge,https://youtu.be/Xmfx1eZMKmY,https://youtu.be/ARBkmwST4Nc,Novice,beginner,Quadriceps,Quadriceps Femoris,Gluteus Maximus|Biceps Femoris,Kettlebell,2,,0,Kettlebell,gym,Walking,Double Arm,Continuous,Neutral,Front Rack,Alternating,No Elevation,Single Exercise,Knee Dominant,Sagittal Plane,Lower Body,Push,Compound,Unilateral,Bodybuilding
double-kettlebell-glute-bridge-isometric-bench-press,Double Kettlebell Glute Bridge Isometric Bench Press,https://youtu.be/AvrSSwSSPFI?si=2q2v3SuLMeByGkJK,,Novice,beginner,Chest,Pectoralis Major,Triceps Brachii|Anterior Deltoids,Kettlebell,2,Bench (Flat),1,Kettlebell|Bench (Flat),gym,Bridge,Double Arm,Continuous,Pronated,Above Chest,Continuous,No Elevation,Single Exercise,Horizontal Push|Isometric Hold,Sagittal Plane,Full Body,Push,Compound,Bilateral,Bodybuilding
double-kettlebell-glute-bridge-isometric-floor-press,Double Kettlebell Glute Bridge Isometric Floor Press,https://youtu.be/hEEUpEwRE7g?si=x48upd1YMj1w_xrR,,Novice,beginner,Chest,Pectoralis Major,Triceps Brachii|Gluteus Maximus,Kettlebell,2,,0,Kettlebell,gym,Bridge,Double Arm,Continuous,Pronated,Above Chest,Continuous,No Elevation,Single Exercise,Horizontal Push|Isometric Hold,Sagittal Plane,Full Body,Push,Compound,Bilateral,Bodybuilding
double-kettlebell-gorilla-clean,Double Kettlebell Gorilla Clean,https://youtu.be/8iDWbo_j5v0?si=sHXK18f-6Tt7DZDW,https://youtu.be/vn_fZo4rp44?si=FufgdgZ2zFp6DH8B,Advanced,advanced,Glutes,Gluteus Maximus,,Kettlebell,2,,0,Kettlebell,gym,Standing,Double Arm,Alternating,Neutral,Front Rack,Continuous,No Elevation,Single Exercise,Hip Hinge,Sagittal Plane,Full Body,,Compound,Unilateral,Ballistics
double-kettlebell-gorilla-row,Double Kettlebell Gorilla Row,https://youtu.be/Ln1j7lm6SrE,https://youtu.be/6nyznu2WKbc,Novice,beginner,Back,Latissimus Dorsi,,Kettlebell,2,,0,Kettlebell,gym,Standing,Double Arm,Alternating,Neutral,Other,Continuous,No Elevation,Single Exercise,Horizontal Pull,Sagittal Plane,Upper Body,Pull,Compound,Unilateral,Bodybuilding
double-kettlebell-gunslinger,Double Kettlebell Gunslinger,https://youtu.be/spmQS--R39Q?si=CXJgE_ppmc8oU7i4,,Intermediate,intermediate,Back,Latissimus Dorsi,Biceps Brachii|Gluteus Maximus,Kettlebell,2,,0,Kettlebell,gym,Standing,Double Arm,Continuous,Neutral,Other,Continuous,No Elevation,Single Exercise,Horizontal Pull|Hip Hinge,Sagittal Plane,Full Body,Pull,Compound,Bilateral,Ballistics
double-kettlebell-half-kneeling-overhead-press,Double Kettlebell Half Kneeling Overhead Press,https://youtu.be/ZcUxxxNl1PA,,Novice,beginner,Shoulders,Anterior Deltoids,Triceps Brachii,Kettlebell,2,,0,Kettlebell,gym,Half Kneeling,Double Arm,Continuous,Pronated,Overhead,Continuous,No Elevation,Single Exercise,Vertical Push,Sagittal Plane,Upper Body,Push,Compound,Bilateral,Bodybuilding
double-kettlebell-half-kneeling-seesaw-overhead-press,Double Kettlebell Half Kneeling Seesaw Overhead Press,https://youtu.be/UiY-JIpmt24?si=ox4YNd9xIIVapyeB,,Novice,beginner,Shoulders,Anterior Deltoids,Triceps Brachii,Kettlebell,2,,0,Kettlebell,gym,Half Kneeling,Double Arm,Alternating,Pronated,Overhead,Continuous,No Elevation,Single Exercise,Vertical Push,Sagittal Plane,Upper Body,Push,Compound,Unilateral,Bodybuilding
double-kettlebell-half-snatch,Double Kettlebell Half Snatch,https://youtu.be/5NV0b_RCWKk?si=LoNm1gGN8i-9QLGP,https://youtu.be/kjrshKD75Jw?si=vf3ArXJXe8TIPtIi,Intermediate,intermediate,Glutes,Gluteus Maximus,Biceps Femoris|Anterior Deltoids,Kettlebell,2,,0,Kettlebell,gym,Standing,Double Arm,Continuous,Pronated,Overhead,Continuous,No Elevation,Single Exercise,Hip Hinge,,Full Body,,Compound,Bilateral,Ballistics
double-kettlebell-high-pull,Double Kettlebell High Pull,https://youtu.be/zfWpy9oMOqc?si=8gZawgsKgTeeGHck&utm_source=MTQxZ,https://youtu.be/HG1HnSeeSdI?si=d2nqUbvNltb8xPPo&utm_source=MTQxZ,Intermediate,intermediate,Shoulders,Posterior Deltoids,,Kettlebell,2,,0,Kettlebell,gym,Standing,Double Arm,Continuous,Pronated,Other,Continuous,No Elevation,Single Exercise,Horizontal Pull|Hip Hinge,Sagittal Plane,Full Body,Pull,Compound,Bilateral,Ballistics
double-kettlebell-hollow-body-flutter-kicks,Double Kettlebell Hollow Body Flutter Kicks,https://youtu.be/HOQeoz3zQeo,,Intermediate,intermediate,Abdominals,Rectus Abdominis,Iliopsoas,Kettlebell,2,,0,Kettlebell,gym,Supine,Double Arm,Continuous,Pronated,Other,Alternating,No Elevation,Single Exercise,Isometric Hold,Sagittal Plane,Core,Other,Compound,Unilateral,
double-kettlebell-hollow-body-hold,Double Kettlebell Hollow Body Hold,https://youtu.be/do1yf3NMXdg,,Intermediate,intermediate,Abdominals,Rectus Abdominis,,Kettlebell,2,,0,Kettlebell,gym,Supine,Double Arm,Continuous,Pronated,Other,Continuous,No Elevation,Single Exercise,Isometric Hold,Sagittal Plane,Core,Other,Compound,Bilateral,
double-kettlebell-incline-bench-bicep-curl,Double Kettlebell Incline Bench Bicep Curl,https://youtu.be/KKoE4bpJFHg?si=w_Jg92Al0uWTHBrc,,Beginner,beginner,Biceps,Biceps Brachii,Brachialis|Brachioradialis,Kettlebell,2,Bench (Incline),1,Kettlebell|Bench (Incline),gym,Seated,Double Arm,Continuous,Supinated,Other,Continuous,No Elevation,Single Exercise,Elbow Flexion,Sagittal Plane,Upper Body,Pull,Isolation,Bilateral,Bodybuilding
double-kettlebell-incline-bench-chest-fly,Double Kettlebell Incline Bench Chest Fly,https://youtu.be/FxVNp1EAcvo?si=XUiRmuJ_4P8w8nEj,,Beginner,beginner,Chest,Pectoralis Major,Anterior Deltoids|Biceps Brachii,Kettlebell,2,Bench (Incline),1,Kettlebell|Bench (Incline),gym,Seated,Double Arm,Continuous,Neutral,Above Chest,Continuous,No Elevation,Single Exercise,Horizontal Adduction,Transverse Plane,Upper Body,Push,Isolation,Bilateral,Bodybuilding
double-kettlebell-incline-bench-press,Double Kettlebell Incline Bench Press,https://youtu.be/Co5EWd-aiVk?si=NBvXIzNsQ1egWtQz,,Beginner,beginner,Chest,Pectoralis Major,Triceps Brachii,Kettlebell,2,Bench (Incline),1,Kettlebell|Bench (Incline),gym,Supine,Double Arm,Continuous,Pronated,Above Chest,Continuous,No Elevation,Single Exercise,Horizontal Push,Sagittal Plane,Upper Body,Push,Compound,Bilateral,Bodybuilding
double-kettlebell-incline-bench-prone-row,Double Kettlebell Incline Bench Prone Row,https://youtu.be/jHpBzpxK16c?si=3sB9wGkke_B632ad,https://youtu.be/awJJqNd0-9s?si=OSIE0z3se9Z4vj_4,Novice,beginner,Back,Latissimus Dorsi,,Kettlebell,2,Bench (Incline),1,Kettlebell|Bench (Incline),gym,Prone,Double Arm,Continuous,Neutral,Other,Continuous,No Elevation,Single Exercise,Horizontal Pull,Sagittal Plane,Upper Body,Pull,Compound,Bilateral,Bodybuilding
double-kettlebell-kneeling-push-up,Double Kettlebell Kneeling Push Up,https://youtu.be/cMTMeVuzxrc?si=APyA08cxZpcn68qE,https://youtu.be/fxizQJzMcPY?feature=shared,Beginner,beginner,Chest,Pectoralis Major,Triceps Brachii,Kettlebell,2,,0,Kettlebell,gym,Kneeling,Double Arm,Continuous,Neutral,No Load,Continuous,No Elevation,Single Exercise,Horizontal Push,Sagittal Plane,Upper Body,Push,Compound,Bilateral,Calisthenics
double-kettlebell-l-sit,Double Kettlebell L Sit,https://youtu.be/AOjVLnxbmHU?si=LVrFAJ6HK8bfJmCb,,Advanced,advanced,Abdominals,Rectus Abdominis,,Kettlebell,2,,0,Kettlebell,gym,L Sit,Double Arm,Continuous,Neutral,No Load,Continuous,No Elevation,Single Exercise,Isometric Hold,Sagittal Plane,Core,Other,Compound,Bilateral,Calisthenics
double-kettlebell-l-sit-flutter-kicks,Double Kettlebell L Sit Flutter Kicks,https://youtu.be/bNmYhWaTtDE?si=0pRJsSgsFQN8tX9D,,Advanced,advanced,Hip Flexors,Iliopsoas,Rectus Abdominis,Kettlebell,2,,0,Kettlebell,gym,L Sit,Double Arm,Continuous,Neutral,No Load,Alternating,No Elevation,Single Exercise,Isometric Hold,Sagittal Plane,Core,Other,Compound,Unilateral,Calisthenics
double-kettlebell-l-sit-lift-over,Double Kettlebell L Sit Lift Over,https://youtu.be/FNsKwVfAF2A?si=ZLDbQY35pGpv6Wk5,,Advanced,advanced,Abdominals,Rectus Abdominis,,Kettlebell,2,,0,Kettlebell,gym,L Sit,Double Arm,Continuous,Neutral,No Load,Continuous,No Elevation,Single Exercise,Isometric Hold,Frontal Plane|Sagittal Plane,Core,Other,Compound,Bilateral,Calisthenics
double-kettlebell-mountain-climber,Double Kettlebell Mountain Climber,https://youtu.be/AHwcb1JLtp4?si=XfL4K_pZpBu8QsfO,,Novice,beginner,Abdominals,Rectus Abdominis,Iliopsoas|Anterior Deltoids,Kettlebell,2,,0,Kettlebell,gym,Prone,Double Arm,Continuous,Neutral,No Load,Alternating,No Elevation,Single Exercise,Anti-Extension|Spinal Flexion,Sagittal Plane,Core,Other,Compound,Unilateral,Calisthenics
double-kettlebell-outside-clean,Double Kettlebell Outside Clean,https://youtu.be/QtlvLhVFR40,,Intermediate,intermediate,Glutes,Gluteus Maximus,,Kettlebell,2,,0,Kettlebell,gym,Standing,Double Arm,Continuous,Neutral,Front Rack,Continuous,No Elevation,Single Exercise,Hip Hinge,Sagittal Plane,Full Body,,Compound,Bilateral,Ballistics
double-kettlebell-outside-half-snatch,Double Kettlebell Outside Half Snatch,https://youtu.be/Fx-qV1dHGi4?feature=shared,,Intermediate,intermediate,Glutes,Gluteus Maximus,Biceps Femoris|Anterior Deltoids,Kettlebell,2,,0,Kettlebell,gym,Standing,Double Arm,Continuous,Pronated,Overhead,Continuous,No Elevation,Single Exercise,Hip Hinge,Sagittal Plane,Full Body,,Compound,Bilateral,Ballistics
double-kettlebell-outside-swing,Double Kettlebell Outside Swing,https://youtu.be/zrvtXpwVTOI,https://youtu.be/_Uy18LZ5sI0,Novice,beginner,Glutes,Gluteus Maximus,,Kettlebell,2,,0,Kettlebell,gym,Standing,Double Arm,Continuous,Neutral,Other,Continuous,No Elevation,Single Exercise,Hip Hinge,Sagittal Plane,Full Body,,Compound,Bilateral,Ballistics
double-kettlebell-overhead-alternating-forward-lunge,Double Kettlebell Overhead Alternating Forward Lunge,https://youtu.be/iPBOqxEBcto?si=yJqaSgMnybSQX6Oy,,Intermediate,intermediate,Quadriceps,Quadriceps Femoris,Gluteus Maximus|Biceps Femoris,Kettlebell,2,,0,Kettlebell,gym,Standing,Double Arm,Continuous,Pronated,Overhead,Alternating,No Elevation,Single Exercise,Knee Dominant,Sagittal Plane,Lower Body,Push,Compound,Unilateral,Bodybuilding
double-kettlebell-overhead-alternating-reverse-lunge,Double Kettlebell Overhead Alternating Reverse Lunge,https://youtu.be/HFjBFM1Fswo?si=BiUd6crmcvrtRZx2,,Intermediate,intermediate,Quadriceps,Quadriceps Femoris,Gluteus Maximus|Biceps Femoris,Kettlebell,2,,0,Kettlebell,gym,Standing,Double Arm,Continuous,Pronated,Overhead,Alternating,No Elevation,Single Exercise,Knee Dominant,Sagittal Plane,Lower Body,Push,Compound,Unilateral,Bodybuilding
double-kettlebell-overhead-carry,Double Kettlebell Overhead Carry,https://youtu.be/7JUe6YXSM3g?si=TrnVTv62WQxSpsZ1,,Intermediate,intermediate,Shoulders,Anterior Deltoids,Obliques,Kettlebell,2,,0,Kettlebell,gym,Walking,Double Arm,Continuous,Pronated,Overhead,Alternating,No Elevation,Single Exercise,Loaded Carry,Sagittal Plane,Full Body,Other,Compound,Bilateral,
double-kettlebell-overhead-curtsy-lunge,Double Kettlebell Overhead Curtsy Lunge,https://youtu.be/u_cHR3_1IZw?si=oVJaTI9hNpMcfVFW,,Intermediate,intermediate,Quadriceps,Quadriceps Femoris,Gluteus Maximus|Adductor Magnus,Kettlebell,2,,0,Kettlebell,gym,Standing,Double Arm,Continuous,Pronated,Overhead,Continuous,No Elevation,Single Exercise,Knee Dominant,Frontal Plane,Lower Body,Push,Compound,Unilateral,Bodybuilding
double-kettlebell-overhead-forward-lunge,Double Kettlebell Overhead Forward Lunge,https://youtu.be/ZS0_Pnqs18o?si=iqfhdouw2kgEVNp1,,Intermediate,intermediate,Quadriceps,Quadriceps Femoris,Gluteus Maximus|Biceps Femoris,Kettlebell,2,,0,Kettlebell,gym,Standing,Double Arm,Continuous,Pronated,Overhead,Continuous,No Elevation,Single Exercise,Knee Dominant,Sagittal Plane,Lower Body,Push,Compound,Unilateral,Bodybuilding
double-kettlebell-overhead-march,Double Kettlebell Overhead March,https://youtu.be/R2nuXQJt-08?si=ZZwubaIV-9OycLD5,,Intermediate,intermediate,Hip Flexors,Iliopsoas,Rectus Abdominis|Gluteus Medius,Kettlebell,2,,0,Kettlebell,gym,March,Double Arm,Continuous,Pronated,Overhead,Alternating,No Elevation,Single Exercise,Locomotion,Sagittal Plane,Core,Other,Compound,Unilateral,Balance
double-kettlebell-overhead-press,Double Kettlebell Overhead Press,https://youtu.be/IfGxPcgiTmY,https://youtu.be/VJZDDi-0vGU,Beginner,beginner,Shoulders,Anterior Deltoids,Triceps Brachii,Kettlebell,2,,0,Kettlebell,gym,Standing,Double Arm,Continuous,Pronated,Overhead,Continuous,No Elevation,Single Exercise,Vertical Push,Sagittal Plane,Upper Body,Push,Compound,Bilateral,Bodybuilding
double-kettlebell-overhead-reverse-lunge,Double Kettlebell Overhead Reverse Lunge,https://youtu.be/R3Kd1U5hPyc?si=BSEMsU-3AstW_2LI,,Intermediate,intermediate,Quadriceps,Quadriceps Femoris,Gluteus Maximus|Biceps Femoris,Kettlebell,2,,0,Kettlebell,gym,Standing,Double Arm,Continuous,Pronated,Overhead,Continuous,No Elevation,Single Exercise,Knee Dominant,Sagittal Plane,Lower Body,Push,Compound,Unilateral,Bodybuilding
double-kettlebell-overhead-split-squat,Double Kettlebell Overhead Split Squat,https://youtu.be/Q_NVo7MW61E?si=3xxOUWjsx7Th2Acq,https://youtu.be/JeRkV9ebv_8?si=i5WB_-WOS9obtf3g,Intermediate,intermediate,Quadriceps,Quadriceps Femoris,Gluteus Maximus|Biceps Femoris,Kettlebell,2,,0,Kettlebell,gym,Split Squat,Double Arm,Continuous,Pronated,Overhead,Continuous,No Elevation,Single Exercise,Knee Dominant,Sagittal Plane,Lower Body,Push,Compound,Unilateral,Bodybuilding
double-kettlebell-overhead-squat,Double Kettlebell Overhead Squat,https://youtu.be/2Pk8jmse6vY,https://youtu.be/nGXtan2AQ8Q,Intermediate,intermediate,Quadriceps,Quadriceps Femoris,Gluteus Maximus,Kettlebell,2,,0,Kettlebell,gym,Standing,Double Arm,Continuous,Pronated,Overhead,Continuous,No Elevation,Single Exercise,Knee Dominant,Sagittal Plane,Lower Body,Push,Compound,Bilateral,Bodybuilding
double-kettlebell-overhead-step-up,Double Kettlebell Overhead Step Up,https://youtu.be/eKUmMljLcKw?si=ocsvBon7ivrRziM6,,Intermediate,intermediate,Quadriceps,Quadriceps Femoris,Gluteus Maximus|Biceps Femoris,Kettlebell,2,Plyo Box,1,Kettlebell|Plyo Box,gym,Standing,Double Arm,Continuous,Pronated,Overhead,Continuous,Foot Elevated (Front),Single Exercise,Knee Dominant,Sagittal Plane,Lower Body,Push,Compound,Unilateral,Bodybuilding
double-kettlebell-overhead-walking-lunge,Double Kettlebell Overhead Walking Lunge,https://youtu.be/hcQJcKxc240,,Advanced,advanced,Quadriceps,Quadriceps Femoris,Gluteus Maximus|Biceps Femoris,Kettlebell,2,,0,Kettlebell,gym,Walking,Double Arm,Continuous,Neutral,Overhead,Alternating,No Elevation,Single Exercise,Knee Dominant,Sagittal Plane,Lower Body,Push,Compound,Unilateral,Bodybuilding
double-kettlebell-pendlay-row,Double Kettlebell Pendlay Row,https://youtu.be/KoOmLu7ms1s,https://youtu.be/RBo0_6-W8d0?si=ZfmECTbG0tTw3W4a,Novice,beginner,Back,Latissimus Dorsi,Biceps Brachii,Kettlebell,2,,0,Kettlebell,gym,Standing,Double Arm,Continuous,Neutral,Other,Continuous,No Elevation,Single Exercise,Horizontal Pull,Sagittal Plane,Upper Body,Pull,Compound,Bilateral,Bodybuilding
double-kettlebell-prone-row,Double Kettlebell Prone Row,https://youtu.be/hUG_dolsaPE?si=_fw03cFT8VfLVtzo,,Novice,beginner,Back,Latissimus Dorsi,,Kettlebell,2,Bench (Flat),1,Kettlebell|Bench (Flat),gym,Prone,Double Arm,Continuous,Neutral,Other,Continuous,No Elevation,Single Exercise,Horizontal Pull,Sagittal Plane,Upper Body,Pull,Compound,Bilateral,Bodybuilding
double-kettlebell-push-jerk,Double Kettlebell Push Jerk,https://youtu.be/U2w1H0oXhhg?si=OkR2U3VpYiRe81Eo,,Novice,beginner,Shoulders,Anterior Deltoids,Triceps Brachii|Gluteus Minimus,Kettlebell,2,,0,Kettlebell,gym,Standing,Double Arm,Continuous,Pronated,Overhead,Continuous,No Elevation,Single Exercise,Vertical Push,Sagittal Plane,Upper Body,Push,Compound,Bilateral,
double-kettlebell-push-press,Double Kettlebell Push Press,https://youtu.be/ekNrVv6G5v8,https://youtu.be/4DAzffDFYzc,Novice,beginner,Shoulders,Anterior Deltoids,Triceps Brachii,Kettlebell,2,,0,Kettlebell,gym,Standing,Double Arm,Continuous,Pronated,Overhead,Continuous,No Elevation,Single Exercise,Vertical Push,Sagittal Plane,Upper Body,Push,Compound,Bilateral,Bodybuilding
double-kettlebell-push-up,Double Kettlebell Push Up,https://youtu.be/80WFnCM9Kbo?si=kxvBbrzAla92I6YM,https://youtu.be/KaBuOQuKz9k?si=bd3bRFMCPMLx_0e1,Intermediate,intermediate,Chest,Pectoralis Major,Triceps Brachii,Kettlebell,2,,0,Kettlebell,gym,Prone,Double Arm,Continuous,Neutral,No Load,Continuous,No Elevation,Single Exercise,Horizontal Push,Sagittal Plane,Upper Body,Push,Compound,Bilateral,Calisthenics
double-kettlebell-push-up-to-l-sit,Double Kettlebell Push Up to L Sit,https://youtu.be/V-157r2C-qU,,Expert,advanced,Chest,Pectoralis Major,Rectus Abdominis,Kettlebell,2,,0,Kettlebell,gym,Prone,Double Arm,Continuous,Neutral,No Load,Continuous,No Elevation,Combo Exercise,Horizontal Push|Isometric Hold,Sagittal Plane,Upper Body,Push,Compound,Bilateral,Calisthenics
double-kettlebell-renegade-row,Double Kettlebell Renegade Row,https://youtu.be/SUqsBTSldyk,https://youtu.be/KG_JGuhjBeY,Intermediate,intermediate,Back,Latissimus Dorsi,,Kettlebell,2,,0,Kettlebell,gym,Prone,Double Arm,Alternating,Neutral,Other,Continuous,No Elevation,Single Exercise,Horizontal Pull|Anti-Extension,Sagittal Plane,Upper Body,Pull,Compound,Unilateral,Bodybuilding
double-kettlebell-renegade-row-to-push-up,Double Kettlebell Renegade Row to Push Up,https://youtu.be/i8VL6OjVlCY,,Intermediate,intermediate,Back,Latissimus Dorsi,,Kettlebell,2,,0,Kettlebell,gym,Prone,Double Arm,Alternating,Neutral,Other,Continuous,No Elevation,Combo Exercise,Horizontal Pull|Horizontal Push|Anti-Extension,Sagittal Plane,Upper Body,Push & Pull,Compound,Unilateral,Bodybuilding
double-kettlebell-romanian-deadlift,Double Kettlebell Romanian Deadlift,https://youtu.be/Xa8hHIwOHe4,,Beginner,beginner,Hamstrings,Biceps Femoris,Gluteus Maximus|Erector Spinae,Kettlebell,2,,0,Kettlebell,gym,Standing,Double Arm,Continuous,Pronated,Other,Continuous,No Elevation,Single Exercise,Hip Hinge,Sagittal Plane,Lower Body,Pull,Compound,Bilateral,Bodybuilding
double-kettlebell-seated-bicep-curl,Double Kettlebell Seated Bicep Curl,https://youtu.be/brZSl8Vvn1k?si=5ow9W6khPHpplZlE,,Beginner,beginner,Biceps,Biceps Brachii,Brachialis|Brachioradialis,Kettlebell,2,Bench (Flat),1,Kettlebell|Bench (Flat),gym,Seated,Double Arm,Continuous,Supinated,Other,Continuous,No Elevation,Single Exercise,Elbow Flexion,Sagittal Plane,Upper Body,Pull,Isolation,Bilateral,Bodybuilding
double-kettlebell-seated-feet-elevated-calf-raise,Double Kettlebell Seated Feet Elevated Calf Raise,https://youtu.be/trgsU9LSHcM?si=LkOOKLtsyEAMWIWJ,https://youtu.be/jQOQsYSYPiY?si=ZEW3fQfh2Xy1BX0H,Beginner,beginner,Calves,Soleus,Gastrocnemius|Tibialis Posterior,Kettlebell,2,Bench (Flat),1,Kettlebell|Bench (Flat),gym,Seated,Double Arm,Continuous,Neutral,Other,Continuous,Toes Elevated,Single Exercise,Ankle Plantar Flexion,Sagittal Plane,Lower Body,Push,Isolation,Bilateral,Bodybuilding
double-kettlebell-seated-overhead-press,Double Kettlebell Seated Overhead Press,https://youtu.be/vSjthx8vHNs?si=HUKI9YcVXeNdFeVx,,Beginner,beginner,Shoulders,Anterior Deltoids,Triceps Brachii,Kettlebell,2,Bench (Flat),1,Kettlebell|Bench (Flat),gym,Seated,Double Arm,Continuous,Pronated,Overhead,Continuous,No Elevation,Single Exercise,Vertical Push,Sagittal Plane,Upper Body,Push,Compound,Bilateral,Bodybuilding
double-kettlebell-seesaw-bench-press,Double Kettlebell Seesaw Bench Press,https://youtu.be/CpQIh8MxCCQ?si=UvCgYzi5mZCUTXaX,,Beginner,beginner,Chest,Pectoralis Major,Triceps Brachii,Kettlebell,2,Bench (Flat),1,Kettlebell|Bench (Flat),gym,Supine,Double Arm,Alternating,Pronated,Above Chest,Continuous,No Elevation,Single Exercise,Horizontal Push,Sagittal Plane,Upper Body,Push,Compound,Unilateral,Bodybuilding
double-kettlebell-seesaw-bent-over-row,Double Kettlebell Seesaw Bent Over Row,https://youtu.be/Ej-Imk_vGeQ?si=XXtAfuJDxAf0G8hk,https://youtu.be/56ddkvtZoF0?si=vHGtKLvvGs250CKI,Beginner,beginner,Back,Latissimus Dorsi,Rhomboids|Posterior Deltoids,Kettlebell,2,,0,Kettlebell,gym,Standing,Double Arm,Alternating,Neutral,Other,Continuous,No Elevation,Single Exercise,Horizontal Pull,Sagittal Plane,Upper Body,Pull,Compound,Unilateral,Bodybuilding
double-kettlebell-seesaw-floor-press,Double Kettlebell Seesaw Floor Press,https://youtu.be/h_L7Ntxcgtk?si=g04F5mBJSHow1QbI,https://youtu.be/1RQvVrCp4Ps?si=MAOVfxzYeZoRlsXh,Beginner,beginner,Chest,Pectoralis Major,Triceps Brachii|Anterior Deltoids,Kettlebell,2,,0,Kettlebell,gym,Supine,Double Arm,Alternating,Pronated,Above Chest,Continuous,No Elevation,Single Exercise,Horizontal Push,Sagittal Plane,Upper Body,Push,Compound,Unilateral,Bodybuilding
double-kettlebell-seesaw-overhead-press,Double Kettlebell Seesaw Overhead Press,https://youtu.be/55-ngw6hplo,https://youtu.be/7Pnein1QoCk,Novice,beginner,Shoulders,Anterior Deltoids,Triceps Brachii,Kettlebell,2,,0,Kettlebell,gym,Standing,Double Arm,Alternating,Pronated,Overhead,Continuous,No Elevation,Single Exercise,Vertical Push,Sagittal Plane,Upper Body,Push,Compound,Unilateral,
double-kettlebell-seesaw-overhead-press-2,Double Kettlebell Seesaw Overhead Press,https://youtu.be/VWnVBfRkLXE?si=AeN6Q9aAnShqxuIb,https://youtu.be/EzIk1bCZuSA?si=DZpWtAFem_lmtn7n,Novice,beginner,Shoulders,Anterior Deltoids,Triceps Brachii,Kettlebell,2,,0,Kettlebell,gym,Standing,Double Arm,Alternating,Pronated,Overhead,Continuous,No Elevation,Single Exercise,Vertical Push,Sagittal Plane,Upper Body,Push,Compound,Unilateral,Bodybuilding
double-kettlebell-seesaw-sots-press,Double Kettlebell Seesaw Sots Press,https://youtu.be/L0DwNTS4psM,,Intermediate,intermediate,Shoulders,Anterior Deltoids,Triceps Brachii|Quadriceps Femoris,Kettlebell,2,,0,Kettlebell,gym,Standing,Double Arm,Alternating,Pronated,Overhead,Continuous,No Elevation,Single Exercise,Vertical Push,Sagittal Plane,Upper Body,Push,Compound,Unilateral,Bodybuilding
double-kettlebell-seesaw-z-press,Double Kettlebell Seesaw Z Press,https://youtu.be/n54YmZS9uM4,,Novice,beginner,Shoulders,Anterior Deltoids,Triceps Brachii|Rectus Abdominis,Kettlebell,2,,0,Kettlebell,gym,Seated Floor,Double Arm,Alternating,Pronated,Overhead,Continuous,No Elevation,Single Exercise,Vertical Push,Sagittal Plane,Upper Body,Push,Compound,Unilateral,Bodybuilding
double-kettlebell-shrug,Double Kettlebell Shrug,https://youtu.be/dB5Wxd_zS80,https://youtu.be/QncHUDKABEQ,Beginner,beginner,Trapezius,Upper Trapezius,Levator Scapulae|Rhomboids,Kettlebell,2,,0,Kettlebell,gym,Standing,Double Arm,Continuous,Neutral,Suitcase,Continuous,No Elevation,Single Exercise,Scapular Elevation,Sagittal Plane,Upper Body,Pull,Isolation,Bilateral,Bodybuilding
double-kettlebell-single-leg-romanian-deadlift,Double Kettlebell Single Leg Romanian Deadlift,https://youtu.be/JkKxFADvLvk,,Intermediate,intermediate,Hamstrings,Biceps Femoris,Gluteus Maximus|Obliques,Kettlebell,2,,0,Kettlebell,gym,Single Leg Standing,Double Arm,Continuous,Neutral,Other,Continuous,No Elevation,Single Exercise,Hip Hinge,Sagittal Plane,Lower Body,Pull,Compound,Unilateral,Bodybuilding
double-kettlebell-snatch,Double Kettlebell Snatch,https://youtu.be/5WNcWPHXRZ0,https://youtu.be/73koR_IuoDE,Intermediate,intermediate,Glutes,Gluteus Maximus,Anterior Deltoids,Kettlebell,2,,0,Kettlebell,gym,Standing,Double Arm,Continuous,Pronated,Overhead,Continuous,No Elevation,Single Exercise,Hip Hinge,Sagittal Plane,Full Body,,Compound,Bilateral,Ballistics
double-kettlebell-snatch-to-overhead-alternating-reverse-lunge,Double Kettlebell Snatch to Overhead Alternating Reverse Lunge,https://youtu.be/VpURrAKPhcE?si=gSYbC8kpIa5xMxr8,,Advanced,advanced,Quadriceps,Quadriceps Femoris,Gluteus Maximus|Biceps Femoris,Kettlebell,2,,0,Kettlebell,gym,Standing,Double Arm,Continuous,Pronated,Overhead,Alternating,No Elevation,Combo Exercise,Hip Hinge|Knee Dominant,Sagittal Plane,Full Body,,Compound,Unilateral,Ballistics
double-kettlebell-sots-press,Double Kettlebell Sots Press,https://youtu.be/D6UYO_ZbLJ8,,Intermediate,intermediate,Shoulders,Anterior Deltoids,Triceps Brachii|Quadriceps Femoris,Kettlebell,2,,0,Kettlebell,gym,Standing,Double Arm,Continuous,Pronated,Overhead,Continuous,No Elevation,Single Exercise,Vertical Push,Sagittal Plane,Upper Body,Push,Compound,Bilateral,Bodybuilding
double-kettlebell-split-jerk,Double Kettlebell Split Jerk,https://youtu.be/6sbNXcg-R0Y,,Intermediate,intermediate,Shoulders,Anterior Deltoids,Triceps Brachii|Gluteus Minimus,Kettlebell,2,,0,Kettlebell,gym,Staggered Stance,Double Arm,Continuous,Pronated,Overhead,Continuous,No Elevation,Single Exercise,Vertical Push|Hip Hinge,Sagittal Plane,Full Body,Push,Compound,Unilateral,
double-kettlebell-squat-clean,Double Kettlebell Squat Clean,https://youtu.be/6wyxpVY8PQ0,,Intermediate,intermediate,Quadriceps,Quadriceps Femoris,Gluteus Maximus,Kettlebell,2,,0,Kettlebell,gym,Standing,Double Arm,Continuous,Neutral,Front Rack,Continuous,No Elevation,Single Exercise,Knee Dominant|Hip Hinge,Sagittal Plane,Full Body,,Compound,Bilateral,Ballistics
double-kettlebell-start-stop-clean,Double Kettlebell Start Stop Clean,https://youtu.be/SaBcgeWdynY?si=VUGBebh0ht8z7ISy,,Intermediate,intermediate,Glutes,Gluteus Maximus,,Kettlebell,2,,0,Kettlebell,gym,Standing,Double Arm,Continuous,Neutral,Front Rack,Continuous,No Elevation,Single Exercise,Hip Hinge,Sagittal Plane,Full Body,,Compound,Bilateral,Ballistics
double-kettlebell-start-stop-swing,Double Kettlebell Start Stop Swing,https://youtu.be/sS-bxWAoPWk?si=zgyeJNYUfOuTOFyj,https://youtu.be/0EgT__MDZR8?si=rWcHJ2d9m_LxpJuW,Novice,beginner,Glutes,Gluteus Maximus,,Kettlebell,2,,0,Kettlebell,gym,Standing,Double Arm,Continuous,Pronated,Other,Continuous,No Elevation,Single Exercise,Hip Hinge,Sagittal Plane,Full Body,,Compound,Bilateral,Ballistics
double-kettlebell-suitcase-alternating-curtsy-lunge,Double Kettlebell Suitcase Alternating Curtsy Lunge,https://youtu.be/XE7MrZADkr4?si=F2dW-lk_yYLoGHjE,,Novice,beginner,Quadriceps,Quadriceps Femoris,Gluteus Maximus|Adductor Magnus,Kettlebell,2,,0,Kettlebell,gym,Standing,Double Arm,Continuous,Neutral,Suitcase,Alternating,No Elevation,Single Exercise,Knee Dominant,Frontal Plane,Lower Body,Push,Compound,Unilateral,Bodybuilding
double-kettlebell-suitcase-alternating-forward-lunge,Double Kettlebell Suitcase Alternating Forward Lunge,https://youtu.be/oeyAEgHBVYc?si=mHjzSFPeM2YyoC0H,,Novice,beginner,Quadriceps,Quadriceps Femoris,Gluteus Maximus|Biceps Femoris,Kettlebell,2,,0,Kettlebell,gym,Standing,Double Arm,Continuous,Neutral,Suitcase,Alternating,No Elevation,Single Exercise,Knee Dominant,Sagittal Plane,Lower Body,Push,Compound,Unilateral,Bodybuilding
double-kettlebell-suitcase-alternating-lateral-lunge,Double Kettlebell Suitcase Alternating Lateral Lunge,https://youtu.be/zO8xPAa4-cY?si=bSfD4Gd8EdQ631Hq,,Novice,beginner,Quadriceps,Quadriceps Femoris,Gluteus Maximus|Adductor Magnus,Kettlebell,2,,0,Kettlebell,gym,Standing,Double Arm,Continuous,Neutral,Suitcase,Alternating,No Elevation,Single Exercise,Knee Dominant,Frontal Plane,Lower Body,Push,Compound,Unilateral,Bodybuilding
double-kettlebell-suitcase-alternating-reverse-lunge,Double Kettlebell Suitcase Alternating Reverse Lunge,https://youtu.be/FKrUoffD_W4?si=d07P0wkoguJqTTRV,https://youtu.be/Mu8x3Cg4caw?si=sSLEp9C-yfgVNgmF,Novice,beginner,Quadriceps,Quadriceps Femoris,Gluteus Maximus|Biceps Femoris,Kettlebell,2,,0,Kettlebell,gym,Standing,Double Arm,Continuous,Neutral,Suitcase,Alternating,No Elevation,Single Exercise,Knee Dominant,Sagittal Plane,Lower Body,Push,Compound,Unilateral,Bodybuilding
double-kettlebell-suitcase-alternating-step-up,Double Kettlebell Suitcase Alternating Step Up,https://youtu.be/LQOGjjbAF6w?si=YO-bbJpBtYiLPA1T,,Novice,beginner,Quadriceps,Quadriceps Femoris,Gluteus Maximus|Biceps Femoris,Kettlebell,2,Plyo Box,1,Kettlebell|Plyo Box,gym,Standing,Double Arm,Continuous,Neutral,Suitcase,Alternating,Foot Elevated (Front),Single Exercise,Knee Dominant,Sagittal Plane,Lower Body,Push,Compound,Unilateral,Bodybuilding
double-kettlebell-suitcase-bulgarian-split-squat,Double Kettlebell Suitcase Bulgarian Split Squat,https://youtu.be/2mDqNOd-Pco?si=MiZ8nJsVAje_rZfb,,Intermediate,intermediate,Quadriceps,Quadriceps Femoris,Gluteus Maximus|Biceps Femoris,Kettlebell,2,Bench (Flat),1,Kettlebell|Bench (Flat),gym,Single Leg Supported,Double Arm,Continuous,Neutral,Suitcase,Continuous,Foot Elevated (Rear),Single Exercise,Knee Dominant,Sagittal Plane,Lower Body,Push,Compound,Unilateral,Bodybuilding
double-kettlebell-suitcase-calf-raise,Double Kettlebell Suitcase Calf Raise,https://youtu.be/gI-GqUg47UU?si=GQfpc8cxUMQ4kcui,,Beginner,beginner,Calves,Gastrocnemius,Soleus|Tibialis Posterior,Kettlebell,2,,0,Kettlebell,gym,Standing,Double Arm,Continuous,Neutral,Suitcase,Continuous,No Elevation,Single Exercise,Ankle Plantar Flexion,Sagittal Plane,Lower Body,Push,Isolation,Bilateral,Bodybuilding
double-kettlebell-suitcase-carry,Double Kettlebell Suitcase Carry,https://youtu.be/kaQWccrfY40,https://youtu.be/fxwrTkKUkTo?si=wWkdk6J_ZPbF6Ir3,Beginner,beginner,Forearms,Brachioradialis,,Kettlebell,2,,0,Kettlebell,gym,Walking,Double Arm,Continuous,Neutral,Suitcase,Alternating,No Elevation,Single Exercise,Loaded Carry,Sagittal Plane,Full Body,Other,Compound,Bilateral,
double-kettlebell-suitcase-cyclist-squat,Double Kettlebell Suitcase Cyclist Squat,https://youtu.be/6caQpfXMvyw?si=WY0XcdcIUuE20g-o,,Novice,beginner,Quadriceps,Quadriceps Femoris,Gluteus Maximus|Soleus,Kettlebell,2,Slant Board,1,Kettlebell|Slant Board,gym,Standing,Double Arm,Continuous,Neutral,Suitcase,Continuous,Heels Elevated,Single Exercise,Knee Dominant,Sagittal Plane,Lower Body,Push,Compound,Bilateral,Bodybuilding
double-kettlebell-suitcase-deadlift,Double Kettlebell Suitcase Deadlift,https://youtu.be/aXwilZfmDyo,https://youtu.be/4PSOSrDcGfc?si=v47fMYchEqkzm40V,Beginner,beginner,Back,Latissimus Dorsi,Gluteus Maximus|Biceps Femoris,Kettlebell,2,,0,Kettlebell,gym,Standing,Double Arm,Continuous,Neutral,Other,Continuous,No Elevation,Single Exercise,Hip Hinge,Sagittal Plane,Full Body,Pull,Compound,Bilateral,Bodybuilding
double-kettlebell-suitcase-forward-lunge,Double Kettlebell Suitcase Forward Lunge,https://youtu.be/dgdMXVeApVM?si=C53j2jhBQ-HcBkp2,,Novice,beginner,Quadriceps,Quadriceps Femoris,Gluteus Maximus|Biceps Femoris,Kettlebell,2,,0,Kettlebell,gym,Standing,Double Arm,Continuous,Neutral,Suitcase,Continuous,No Elevation,Single Exercise,Knee Dominant,Sagittal Plane,Lower Body,Push,Compound,Unilateral,Bodybuilding
double-kettlebell-suitcase-march,Double Kettlebell Suitcase March,https://youtu.be/i-q8SKGy--Q,,Novice,beginner,Hip Flexors,Iliopsoas,Rectus Abdominis|Gluteus Medius,Kettlebell,2,,0,Kettlebell,gym,March,Double Arm,Continuous,Neutral,Suitcase,Alternating,No Elevation,Single Exercise,Locomotion,Sagittal Plane,Core,Other,Compound,Unilateral,Balance
double-kettlebell-suitcase-reverse-lunge,Double Kettlebell Suitcase Reverse Lunge,https://youtu.be/zZfh3tvp5CI?feature=shared,,Novice,beginner,Quadriceps,Quadriceps Femoris,Gluteus Maximus|Biceps Femoris,Kettlebell,2,,0,Kettlebell,gym,Standing,Double Arm,Continuous,Neutral,Suitcase,Continuous,No Elevation,Single Exercise,Knee Dominant,Sagittal Plane,Lower Body,Push,Compound,Unilateral,Bodybuilding
double-kettlebell-suitcase-russian-step-up,Double Kettlebell Suitcase Russian Step Up,https://youtu.be/N3HnkJ4Sp2s?si=L6L1BDMG1XO5MO94,,Novice,beginner,Quadriceps,Quadriceps Femoris,Gluteus Maximus|Iliopsoas,Kettlebell,2,Plyo Box,1,Kettlebell|Plyo Box,gym,Single Leg Standing Bent Knee,Double Arm,Continuous,Neutral,Suitcase,Continuous,Foot Elevated (Front),Single Exercise,Knee Dominant,Sagittal Plane,Lower Body,Push,Compound,Unilateral,Balance
double-kettlebell-suitcase-split-squat,Double Kettlebell Suitcase Split Squat,https://youtu.be/lQH6gx3-q8E?si=ySQAsX-z8SQ9haRk,,Novice,beginner,Quadriceps,Quadriceps Femoris,Gluteus Maximus|Biceps Femoris,Kettlebell,2,,0,Kettlebell,gym,Split Squat,Double Arm,Continuous,Neutral,Suitcase,Continuous,No Elevation,Single Exercise,Knee Dominant,Sagittal Plane,Lower Body,Push,Compound,Unilateral,Bodybuilding
double-kettlebell-suitcase-step-up,Double Kettlebell Suitcase Step Up,https://youtu.be/3HUEab31fks?si=B2OmGKfwSuXhts1z,,Novice,beginner,Quadriceps,Quadriceps Femoris,Gluteus Maximus|Biceps Femoris,Kettlebell,2,Plyo Box,1,Kettlebell|Plyo Box,gym,Standing,Double Arm,Continuous,Neutral,Suitcase,Continuous,Foot Elevated (Front),Single Exercise,Knee Dominant,Sagittal Plane,Lower Body,Push,Compound,Unilateral,Bodybuilding
double-kettlebell-suitcase-walking-lunge,Double Kettlebell Suitcase Walking Lunge,https://youtu.be/OFSepehKEsg?si=cACSI6X-vniOrBik,,Novice,beginner,Quadriceps,Quadriceps Femoris,Gluteus Maximus|Biceps Femoris,Kettlebell,2,,0,Kettlebell,gym,Walking,Double Arm,Continuous,Neutral,Suitcase,Alternating,No Elevation,Single Exercise,Knee Dominant,Sagittal Plane,Lower Body,Push,Compound,Unilateral,Bodybuilding
double-kettlebell-sumo-deadlift,Double Kettlebell Sumo Deadlift,https://youtu.be/4m288BpgfcQ,https://youtu.be/gdutIla6nMw?si=Gq1r56mRXADNUek8,Beginner,beginner,Back,Latissimus Dorsi,Gluteus Maximus|Biceps Femoris,Kettlebell,2,,0,Kettlebell,gym,Standing,Double Arm,Continuous,Pronated,Other,Continuous,No Elevation,Single Exercise,Hip Hinge,Sagittal Plane,Full Body,Pull,Compound,Bilateral,Bodybuilding
double-kettlebell-swing,Double Kettlebell Swing,https://youtu.be/fOPqk1FA4HU,https://youtu.be/P5IFTJySA_s?si=KoI-ApDuiE4q4OJQ,Intermediate,intermediate,Glutes,Gluteus Maximus,Biceps Femoris,Kettlebell,2,,0,Kettlebell,gym,Standing,Double Arm,Continuous,Pronated,Other,Continuous,No Elevation,Single Exercise,Hip Hinge,Sagittal Plane,Full Body,,Compound,Bilateral,Ballistics
double-kettlebell-tall-kneeling-bicep-curl,Double Kettlebell Tall Kneeling Bicep Curl,https://youtu.be/JfCsmOJVVZY?si=RffYK1zASlVfYN1a,,Beginner,beginner,Biceps,Biceps Brachii,Brachialis|Brachioradialis,Kettlebell,2,,0,Kettlebell,gym,Tall Kneeling,Double Arm,Continuous,Supinated,Other,Continuous,No Elevation,Single Exercise,Elbow Flexion,Sagittal Plane,Upper Body,Pull,Isolation,Bilateral,Bodybuilding
double-kettlebell-tall-kneeling-overhead-press,Double Kettlebell Tall Kneeling Overhead Press,https://youtu.be/2nJsZIScaVk,https://youtu.be/YxhDufCVPCE?si=J1eGoIkEExg-7WbL,Novice,beginner,Shoulders,Anterior Deltoids,Triceps Brachii,Kettlebell,2,,0,Kettlebell,gym,Tall Kneeling,Double Arm,Continuous,Pronated,Overhead,Continuous,No Elevation,Single Exercise,Vertical Push,Sagittal Plane,Upper Body,Push,Compound,Bilateral,Bodybuilding
double-kettlebell-tall-kneeling-seesaw-overhead-press,Double Kettlebell Tall Kneeling Seesaw Overhead Press,https://youtu.be/Ke5Erzd3NjE?si=fOzgTGBaC6CMWfE6,,Novice,beginner,Shoulders,Anterior Deltoids,Triceps Brachii,Kettlebell,2,,0,Kettlebell,gym,Tall Kneeling,Double Arm,Alternating,Pronated,Overhead,Continuous,No Elevation,Single Exercise,Vertical Push,Sagittal Plane,Upper Body,Push,Compound,Unilateral,Bodybuilding
double-kettlebell-thruster,Double Kettlebell Thruster,https://youtu.be/5-mxMxigTfw,,Novice,beginner,Quadriceps,Quadriceps Femoris,Anterior Deltoids,Kettlebell,2,,0,Kettlebell,gym,Standing,Double Arm,Continuous,Pronated,Overhead,Continuous,No Elevation,Single Exercise,Knee Dominant|Vertical Push,Sagittal Plane,Full Body,Push,Compound,Bilateral,Bodybuilding
double-kettlebell-tuck-l-sit,Double Kettlebell Tuck L Sit,https://youtu.be/4_7EUMcoYYY?si=s_ew72Z5lyKk18Er,,Intermediate,intermediate,Abdominals,Rectus Abdominis,,Kettlebell,2,,0,Kettlebell,gym,Tuck L Sit,Double Arm,Continuous,Neutral,No Load,Continuous,No Elevation,Single Exercise,Isometric Hold,Sagittal Plane,Core,Other,Compound,Bilateral,Calisthenics
double-kettlebell-turkish-get-up,Double Kettlebell Turkish Get Up,https://youtu.be/q4JSQU9lyfs,https://youtu.be/ZKUID4S7Hrk,Advanced,advanced,Abdominals,Obliques,Rectus Abdominis,Kettlebell,2,,0,Kettlebell,gym,Supine,Double Arm,Continuous,Pronated,Overhead,Continuous,No Elevation,Single Exercise,Rotational,Transverse Plane|Sagittal Plane,Full Body,Other,Compound,Bilateral,Grinds
double-kettlebell-turkish-sit-up,Double Kettlebell Turkish Sit Up,https://youtu.be/RttCwCerCiM,,Intermediate,intermediate,Abdominals,Rectus Abdominis,Anterior Deltoids|Iliopsoas,Kettlebell,2,,0,Kettlebell,gym,Supine,Double Arm,Continuous,Pronated,Overhead,Continuous,No Elevation,Single Exercise,Spinal Flexion,Sagittal Plane,Core,Other,Compound,Bilateral,
double-kettlebell-turkish-sit-up-to-z-press,Double Kettlebell Turkish Sit Up to Z Press,https://youtu.be/UcLpNnWX8vE,,Intermediate,intermediate,Abdominals,Rectus Abdominis,Anterior Deltoids,Kettlebell,2,,0,Kettlebell,gym,Seated Floor,Double Arm,Continuous,Neutral,Overhead,Continuous,No Elevation,Combo Exercise,Spinal Flexion|Vertical Push,Sagittal Plane,Full Body,Push,Compound,Bilateral,Bodybuilding
double-kettlebell-waiter-clean,Double Kettlebell Waiter Clean,https://youtu.be/K8atAt0LaTU?si=9XbtgY4Ntm5G8h7v,,Advanced,advanced,Glutes,Gluteus Maximus,,Kettlebell,2,,0,Kettlebell,gym,Standing,Double Arm,Continuous,Waiter Hold,Front Rack,Continuous,No Elevation,Single Exercise,Hip Hinge,Sagittal Plane,Full Body,,Compound,Bilateral,Ballistics
double-kettlebell-waiter-clean-to-alternating-overhead-press,Double Kettlebell Waiter Clean to Alternating Overhead Press,https://youtu.be/0WjMjA_4SoE?si=J46etYGhA2sshEat,,Advanced,advanced,Glutes,Gluteus Maximus,Anterior Deltoids,Kettlebell,2,,0,Kettlebell,gym,Standing,Double Arm,Alternating,Waiter Hold,Overhead,Continuous,No Elevation,Combo Exercise,Hip Hinge|Vertical Push,Sagittal Plane,Full Body,,Compound,Unilateral,Ballistics
double-kettlebell-waiter-clean-to-overhead-press,Double Kettlebell Waiter Clean to Overhead Press,https://youtu.be/6yF_kl-76jw?si=rsxf0dRezcQc83ke,,Advanced,advanced,Glutes,Gluteus Maximus,,Kettlebell,2,,0,Kettlebell,gym,Standing,Double Arm,Continuous,Waiter Hold,Overhead,Continuous,No Elevation,Combo Exercise,Hip Hinge|Vertical Push,Sagittal Plane,Full Body,,Compound,Bilateral,Ballistics
double-kettlebell-waiter-clean-to-thruster,Double Kettlebell Waiter Clean to Thruster,https://youtu.be/PX80lILLVhw?si=vmOhrWhU-xCpO4kr,,Advanced,advanced,Shoulders,Anterior Deltoids,Quadriceps Femoris,Kettlebell,2,,0,Kettlebell,gym,Standing,Double Arm,Continuous,Waiter Hold,Overhead,Continuous,No Elevation,Combo Exercise,Vertical Push|Knee Dominant,Sagittal Plane,Full Body,,Compound,Bilateral,Ballistics
double-kettlebell-windmill,Double Kettlebell Windmill,https://youtu.be/t9S2E15cyTg?si=pUmpNP-D71uC7XAL,https://youtu.be/E6gpvI1pFnY,Advanced,advanced,Abdominals,Obliques,Rectus Abdominis|Anterior Deltoids,Kettlebell,2,,0,Kettlebell,gym,Standing,Double Arm,Continuous,Neutral,Overhead,Continuous,No Elevation,Single Exercise,Rotational,Transverse Plane,Core,Other,Compound,Unilateral,Grinds
double-kettlebell-z-press,Double Kettlebell Z Press,https://youtu.be/6GbGvGvedOc,,Novice,beginner,Shoulders,Anterior Deltoids,Triceps Brachii|Rectus Abdominis,Kettlebell,2,,0,Kettlebell,gym,Seated Floor,Double Arm,Continuous,Pronated,Overhead,Continuous,No Elevation,Single Exercise,Vertical Push,Sagittal Plane,Upper Body,Push,Compound,Bilateral,Bodybuilding
double-plate-incline-bench-prone-y-raise,Double Plate Incline Bench Prone Y Raise,https://youtu.be/VHeZJHEj6ic?si=DTfOrwFveTP-memt,,Novice,beginner,Shoulders,Posterior Deltoids,,Weight Plate,2,Bench (Incline),1,Weight Plate|Bench (Incline),gym,Prone,Double Arm,Continuous,Neutral,Other,Continuous,No Elevation,Single Exercise,,Frontal Plane,Upper Body,Pull,Pull,Bilateral,Postural
double-plate-lu-raise,Double Plate Lu Raise,https://youtu.be/IeGDlglTK9M,https://youtu.be/FfDy-4HN_PU,Novice,beginner,Shoulders,Infraspinatus,Posterior Deltoids,Weight Plate,2,,0,Weight Plate,gym,Standing,Double Arm,Continuous,Other,Overhead,Continuous,No Elevation,Single Exercise,Shoulder Abduction,Frontal Plane,Upper Body,,Compound,Bilateral,Mobility
dumbbell-crush-grip-bent-over-row,Dumbbell Crush Grip Bent Over Row,https://youtu.be/ppmAYXaz0_k,,Beginner,beginner,Back,Latissimus Dorsi,Rhomboids|Posterior Deltoids,Dumbbell,1,,0,Dumbbell,dumbbells|gym,Standing,Double Arm,Continuous,Crush Grip,Other,Continuous,No Elevation,Single Exercise,Horizontal Pull,Sagittal Plane,Upper Body,Pull,Compound,Bilateral,Bodybuilding
dumbbell-crush-grip-bicep-curl,Dumbbell Crush Grip Bicep Curl,https://youtu.be/at2g_OGyuDE,,Beginner,beginner,Biceps,Biceps Brachii,Brachialis|Brachioradialis,Dumbbell,1,,0,Dumbbell,dumbbells|gym,Standing,Double Arm,Continuous,Crush Grip,Other,Continuous,No Elevation,Single Exercise,Elbow Flexion,Sagittal Plane,Upper Body,Pull,Isolation,Bilateral,Bodybuilding
dumbbell-crush-grip-bicep-curl-to-overhead-press,Dumbbell Crush Grip Bicep Curl to Overhead Press,https://youtu.be/3hFzUnWOQLU,,Beginner,beginner,Shoulders,Anterior Deltoids,Biceps Brachii,Dumbbell,1,,0,Dumbbell,dumbbells|gym,Standing,Double Arm,Continuous,Crush Grip,Overhead,Continuous,No Elevation,Combo Exercise,Vertical Push|Elbow Flexion,Sagittal Plane,Upper Body,Push & Pull,Compound,Bilateral,Bodybuilding
dumbbell-crush-grip-floor-press,Dumbbell Crush Grip Floor Press,https://youtu.be/2pN9ascZfGc?si=MWKxU4_8cj6Sv5bs,,Beginner,beginner,Chest,Pectoralis Major,Triceps Brachii|Anterior Deltoids,Dumbbell,1,,0,Dumbbell,dumbbells|gym,Supine,Double Arm,Continuous,Crush Grip,Above Chest,Continuous,No Elevation,Single Exercise,Horizontal Push,Sagittal Plane,Upper Body,Push,Compound,Bilateral,Bodybuilding
dumbbell-crush-grip-floor-skull-crusher,Dumbbell Crush Grip Floor Skull Crusher,https://youtu.be/-V2SqBSUh_A?si=eUQCnSpJ8s-ZcScI,,Beginner,beginner,Triceps,Triceps Brachii,Anconeus|Flexor Carpi Radialis,Dumbbell,1,,0,Dumbbell,dumbbells|gym,Supine,Double Arm,Continuous,Crush Grip,Other,Continuous,No Elevation,Single Exercise,Elbow Extension,Sagittal Plane,Upper Body,Push,Compound,Bilateral,Bodybuilding
dumbbell-crush-grip-front-rack-squat,Dumbbell Crush Grip Front Rack Squat,https://youtu.be/00Dc5QnwzGI?feature=shared,,Novice,beginner,Quadriceps,Quadriceps Femoris,Gluteus Maximus,Dumbbell,1,,0,Dumbbell,dumbbells|gym,Standing,Double Arm,Continuous,Crush Grip,Front Rack,Continuous,No Elevation,Single Exercise,Knee Dominant,Sagittal Plane,Lower Body,Push,Compound,Bilateral,Bodybuilding
dumbbell-crush-grip-hollow-body-flutter-kicks,Dumbbell Crush Grip Hollow Body Flutter Kicks,https://youtu.be/Btp-pKPfvEU,,Intermediate,intermediate,Abdominals,Rectus Abdominis,Iliopsoas,Dumbbell,1,,0,Dumbbell,dumbbells|gym,Supine,Double Arm,Continuous,Crush Grip,Other,Alternating,No Elevation,Single Exercise,Isometric Hold,Sagittal Plane,Core,Other,Compound,Unilateral,
dumbbell-crush-grip-hollow-body-hold,Dumbbell Crush Grip Hollow Body Hold,https://youtu.be/Wo-pGZst6l0,,Intermediate,intermediate,Abdominals,Rectus Abdominis,,Dumbbell,1,,0,Dumbbell,dumbbells|gym,Supine,Double Arm,Continuous,Crush Grip,Other,Continuous,No Elevation,Single Exercise,Isometric Hold,Sagittal Plane,Core,Other,Compound,Bilateral,
dumbbell-crush-grip-overhead-march,Dumbbell Crush Grip Overhead March,https://youtu.be/LDkPoidjfsA?si=EVv239ngYX2tpMYR,,Intermediate,intermediate,Hip Flexors,Iliopsoas,Rectus Abdominis|Gluteus Medius,Dumbbell,1,,0,Dumbbell,dumbbells|gym,March,Double Arm,Continuous,Crush Grip,Overhead,Alternating,No Elevation,Single Exercise,Locomotion,Sagittal Plane,Core,Other,Compound,Unilateral,Balance
dumbbell-crush-grip-overhead-press,Dumbbell Crush Grip Overhead Press,https://youtu.be/O2SYdrskhPU?si=RFInB5nFomiISnhm,,Beginner,beginner,Shoulders,Anterior Deltoids,Triceps Brachii,Dumbbell,1,,0,Dumbbell,dumbbells|gym,Standing,Double Arm,Continuous,Crush Grip,Overhead,Continuous,No Elevation,Single Exercise,Vertical Push,Sagittal Plane,Upper Body,Push,Compound,Bilateral,Bodybuilding
dumbbell-crush-grip-overhead-tricep-extension,Dumbbell Crush Grip Overhead Tricep Extension,https://youtu.be/thF_jzznoVk?si=T8bHLGYmbaMBD8uL,,Beginner,beginner,Triceps,Triceps Brachii,Anterior Deltoids|Rectus Abdominis,Dumbbell,1,,0,Dumbbell,dumbbells|gym,Standing,Double Arm,Continuous,Crush Grip,Overhead,Continuous,No Elevation,Single Exercise,Elbow Extension,Sagittal Plane,Upper Body,Push,Isolation,Bilateral,Bodybuilding
dumbbell-crush-grip-romanian-deadlift,Dumbbell Crush Grip Romanian Deadlift,https://youtu.be/SozT7TcG-p0?si=8DX3-uViiOfh2BvX,,Beginner,beginner,Hamstrings,Biceps Femoris,Gluteus Maximus|Erector Spinae,Dumbbell,1,,0,Dumbbell,dumbbells|gym,Standing,Double Arm,Continuous,Crush Grip,Other,Continuous,No Elevation,Single Exercise,Hip Hinge,Sagittal Plane,Lower Body,Pull,Compound,Bilateral,Bodybuilding
dumbbell-crush-grip-seated-bicep-curl,Dumbbell Crush Grip Seated Bicep Curl,https://youtu.be/xZKMteV7T6I?si=r_V-HvZTiORRBmxM,,Beginner,beginner,Biceps,Biceps Brachii,Brachialis|Brachioradialis,Dumbbell,1,Bench (Flat),1,Dumbbell|Bench (Flat),dumbbells|gym,Seated,Double Arm,Continuous,Crush Grip,Other,Continuous,No Elevation,Single Exercise,Elbow Flexion,Sagittal Plane,Upper Body,Pull,Isolation,Bilateral,Bodybuilding
dumbbell-crush-grip-seated-overhead-tricep-extension,Dumbbell Crush Grip Seated Overhead Tricep Extension,https://youtu.be/o_3RHmSwIgE?si=jrBjCATOeTuvtWzq,,Beginner,beginner,Triceps,Triceps Brachii,Anterior Deltoids|Rectus Abdominis,Dumbbell,1,Bench (Flat),1,Dumbbell|Bench (Flat),dumbbells|gym,Seated,Double Arm,Continuous,Crush Grip,Overhead,Continuous,No Elevation,Single Exercise,Elbow Extension,Sagittal Plane,Upper Body,Push,Isolation,Bilateral,Bodybuilding
dumbbell-crush-grip-skull-crusher,Dumbbell Crush Grip Skull Crusher,https://youtu.be/ndVUBZ0Bch0?si=pSuQf6mCBer_ztTt,,Beginner,beginner,Triceps,Triceps Brachii,Anconeus|Flexor Carpi Radialis,Dumbbell,1,Bench (Flat),1,Dumbbell|Bench (Flat),dumbbells|gym,Supine,Double Arm,Continuous,Crush Grip,Other,Continuous,No Elevation,Single Exercise,Elbow Extension,Sagittal Plane,Upper Body,Push,Compound,Bilateral,Bodybuilding
dumbbell-crush-grip-tall-kneeling-bicep-curl,Dumbbell Crush Grip Tall Kneeling Bicep Curl,https://youtu.be/FMnsYQaeICE?feature=shared,https://youtu.be/oLjwkhamWh0?si=OeJ5LrGKgIQJG3au,Beginner,beginner,Biceps,Biceps Brachii,Brachialis|Brachioradialis,Dumbbell,1,,0,Dumbbell,dumbbells|gym,Tall Kneeling,Double Arm,Continuous,Crush Grip,Other,Continuous,No Elevation,Single Exercise,Elbow Flexion,Sagittal Plane,Upper Body,Pull,Isolation,Bilateral,Bodybuilding
dumbbell-crush-grip-tall-kneeling-overhead-tricep-extension,Dumbbell Crush Grip Tall Kneeling Overhead Tricep Extension,https://youtu.be/9kib4kUJJ1A?si=KTQ4D8iMokjT6LqW,https://youtu.be/17n2BnYVepk?si=b5hRitIQziFVau-P,Beginner,beginner,Triceps,Triceps Brachii,Anterior Deltoids|Rectus Abdominis,Dumbbell,1,,0,Dumbbell,dumbbells|gym,Tall Kneeling,Double Arm,Continuous,Crush Grip,Overhead,Continuous,No Elevation,Single Exercise,Elbow Extension,Sagittal Plane,Upper Body,Push,Isolation,Bilateral,Bodybuilding
dumbbell-crush-grip-z-press,Dumbbell Crush Grip Z Press,https://youtu.be/_othSKjqF30,,Novice,beginner,Shoulders,Anterior Deltoids,Triceps Brachii|Rectus Abdominis,Dumbbell,1,,0,Dumbbell,dumbbells|gym,Seated Floor,Double Arm,Continuous,Crush Grip,Overhead,Continuous,No Elevation,Single Exercise,Vertical Push,Sagittal Plane,Upper Body,Push,Compound,Bilateral,Bodybuilding
dumbbell-feet-elevated-frog-pump,Dumbbell Feet Elevated Frog Pump,https://youtu.be/67HLZ2-3_v0?si=57cdzDwX0TrSRLYm,,Novice,beginner,Glutes,Gluteus Maximus,Biceps Femoris|Adductor Magnus,Dumbbell,1,Bench (Flat),1,Dumbbell|Bench (Flat),dumbbells|gym,Bridge,Double Arm,Continuous,Neutral,Hip Crease,Continuous,Feet Elevated,Single Exercise,Hip Extension,Sagittal Plane,Lower Body,,Compound,Bilateral,
dumbbell-frog-pump,Dumbbell Frog Pump,https://youtu.be/N6t2Fv0SKGc,https://youtu.be/MQ62r2V7Lw8,Beginner,beginner,Glutes,Gluteus Maximus,Biceps Femoris|Adductor Magnus,Dumbbell,1,,0,Dumbbell,dumbbells|gym,Bridge,Double Arm,Continuous,Neutral,Hip Crease,Continuous,No Elevation,Single Exercise,Hip Extension,Sagittal Plane,Lower Body,,Compound,Bilateral,
dumbbell-glute-bridge,Dumbbell Glute Bridge,https://youtu.be/JpDDoINkrog,https://youtu.be/FSiUH5jn3Cs,Beginner,beginner,Glutes,Gluteus Maximus,Biceps Femoris|Erector Spinae,Dumbbell,1,,0,Dumbbell,dumbbells|gym,Bridge,Double Arm,Continuous,Neutral,Hip Crease,Continuous,No Elevation,Single Exercise,Hip Extension,Sagittal Plane,Lower Body,,Compound,Bilateral,Bodybuilding
dumbbell-goblet-alternating-cossack-squat,Dumbbell Goblet Alternating Cossack Squat,https://youtu.be/glbP_VzHNkw?si=1k1fGSYRRORQv7W8,,Novice,beginner,Quadriceps,Quadriceps Femoris,Adductor Magnus|Gluteus Maximus,Dumbbell,1,,0,Dumbbell,dumbbells|gym,Standing,Double Arm,Continuous,Goblet,Front Rack,Alternating,No Elevation,Single Exercise,Knee Dominant,Frontal Plane,Lower Body,Push,Compound,Unilateral,Bodybuilding
dumbbell-goblet-alternating-curtsy-lunge,Dumbbell Goblet Alternating Curtsy Lunge,https://youtu.be/rzwJACyQNas?si=VKxH9lJuYtpzFxQo,https://youtu.be/1GdKCwHpTD8?feature=shared,Novice,beginner,Quadriceps,Quadriceps Femoris,Gluteus Maximus|Adductor Magnus,Dumbbell,1,,0,Dumbbell,dumbbells|gym,Standing,Double Arm,Continuous,Goblet,Front Rack,Alternating,No Elevation,Single Exercise,Knee Dominant,Frontal Plane,Lower Body,Push,Compound,Unilateral,Bodybuilding
dumbbell-goblet-alternating-forward-lunge,Dumbbell Goblet Alternating Forward Lunge,https://youtu.be/MjHkEW-AMQI?si=EyW7vqzwyfCJv1bN,,Novice,beginner,Quadriceps,Quadriceps Femoris,Gluteus Maximus|Biceps Femoris,Dumbbell,1,,0,Dumbbell,dumbbells|gym,Standing,Double Arm,Continuous,Goblet,Front Rack,Alternating,No Elevation,Single Exercise,Knee Dominant,Sagittal Plane,Lower Body,Push,Compound,Unilateral,Bodybuilding
dumbbell-goblet-alternating-lateral-lunge,Dumbbell Goblet Alternating Lateral Lunge,https://youtu.be/xFvob3P7I74?si=o6y90mzLlkb5kjLo,,Novice,beginner,Quadriceps,Quadriceps Femoris,Gluteus Maximus|Adductor Magnus,Dumbbell,1,,0,Dumbbell,dumbbells|gym,Standing,Double Arm,Continuous,Goblet,Front Rack,Alternating,No Elevation,Single Exercise,Knee Dominant,Frontal Plane,Lower Body,Push,Compound,Unilateral,Bodybuilding
dumbbell-goblet-alternating-reverse-lunge,Dumbbell Goblet Alternating Reverse Lunge,https://youtu.be/YidVOnuiDfc?si=ECuN-ZTMBkyH_maZ,,Novice,beginner,Quadriceps,Quadriceps Femoris,Gluteus Maximus|Biceps Femoris,Dumbbell,1,,0,Dumbbell,dumbbells|gym,Standing,Double Arm,Continuous,Goblet,Front Rack,Alternating,No Elevation,Single Exercise,Knee Dominant,Sagittal Plane,Lower Body,Push,Compound,Unilateral,Bodybuilding
dumbbell-goblet-alternating-russian-step-up,Dumbbell Goblet Alternating Russian Step Up,https://youtu.be/e-VjvaI7FEI?si=Uc1Aq16WW3xsbpcO,,Novice,beginner,Quadriceps,Quadriceps Femoris,Gluteus Maximus|Iliopsoas,Dumbbell,1,Plyo Box,1,Dumbbell|Plyo Box,dumbbells|gym,Single Leg Standing Bent Knee,Double Arm,Continuous,Goblet,Front Rack,Alternating,Foot Elevated (Front),Single Exercise,Knee Dominant,Sagittal Plane,Lower Body,Push,Compound,Unilateral,Balance
dumbbell-goblet-alternating-step-up,Dumbbell Goblet Alternating Step Up,https://youtu.be/gcP-jawjJ0s?si=kFE3ztEzT7nJwF3I,,Novice,beginner,Quadriceps,Quadriceps Femoris,Gluteus Maximus|Biceps Femoris,Dumbbell,1,Plyo Box,1,Dumbbell|Plyo Box,dumbbells|gym,Standing,Double Arm,Continuous,Goblet,Front Rack,Alternating,Foot Elevated (Front),Single Exercise,Knee Dominant,Sagittal Plane,Lower Body,Push,Compound,Unilateral,Bodybuilding
dumbbell-goblet-bulgarian-split-squat,Dumbbell Goblet Bulgarian Split Squat,https://youtu.be/EeNk8sLr9z8?si=kN5JtBlDa5WiKxzK,https://youtu.be/ygPXImMvA0o?si=Wft_lt3TWoza9u8Z,Intermediate,intermediate,Quadriceps,Quadriceps Femoris,Gluteus Maximus|Biceps Femoris,Dumbbell,1,Bench (Flat),1,Dumbbell|Bench (Flat),dumbbells|gym,Single Leg Supported,Double Arm,Continuous,Goblet,Front Rack,Continuous,Foot Elevated (Rear),Single Exercise,Knee Dominant,Sagittal Plane,Lower Body,Push,Compound,Unilateral,Bodybuilding
dumbbell-goblet-carry,Dumbbell Goblet Carry,https://youtu.be/qa-CYBhvSDA?si=qbgdCK6xq_Ftfez0,https://youtu.be/9Xv_5oevuqw?si=cY6Vt15TX5V6EcvU,Novice,beginner,Abdominals,Rectus Abdominis,,Dumbbell,1,,0,Dumbbell,dumbbells|gym,Walking,Double Arm,Continuous,Goblet,Front Rack,Alternating,No Elevation,Single Exercise,Loaded Carry,Sagittal Plane,Full Body,Other,Compound,Bilateral,
dumbbell-goblet-cossack-squat,Dumbbell Goblet Cossack Squat,https://youtu.be/qxb36LOiBsc?si=9n0Wr7YfIHCom-_w,,Novice,beginner,Quadriceps,Quadriceps Femoris,Adductor Magnus|Gluteus Maximus,Dumbbell,1,,0,Dumbbell,dumbbells|gym,Standing,Double Arm,Continuous,Goblet,Front Rack,Continuous,No Elevation,Single Exercise,Knee Dominant,Frontal Plane,Lower Body,Push,Compound,Unilateral,Bodybuilding
dumbbell-goblet-curtsy-lunge,Dumbbell Goblet Curtsy Lunge,https://youtu.be/sMUQOGVrmQM?si=shRczfTH98OihNfr,,Novice,beginner,Quadriceps,Quadriceps Femoris,Gluteus Maximus|Adductor Magnus,Dumbbell,1,,0,Dumbbell,dumbbells|gym,Standing,Double Arm,Continuous,Goblet,Front Rack,Continuous,No Elevation,Single Exercise,Knee Dominant,Frontal Plane,Lower Body,Push,Compound,Unilateral,Bodybuilding
dumbbell-goblet-cyclist-squat,Dumbbell Goblet Cyclist Squat,https://youtu.be/2WxpkosHXLg?si=kPBJD_6N8w568qJ-,https://youtu.be/TVM-zgy2eCo?si=cKrTYSxMj2TVwFj5,Novice,beginner,Quadriceps,Quadriceps Femoris,Gluteus Maximus|Soleus,Dumbbell,1,Slant Board,1,Dumbbell|Slant Board,dumbbells|gym,Standing,Double Arm,Continuous,Goblet,Front Rack,Continuous,Heels Elevated,Single Exercise,Knee Dominant,Sagittal Plane,Lower Body,Push,Compound,Bilateral,Bodybuilding
dumbbell-goblet-foot-elevated-knee-over-toe-split-squat,Dumbbell Goblet Foot Elevated Knee Over Toe Split Squat,https://youtu.be/H5KGoSK1TMw?si=wfO6lfzcy7AhIt-M,,Novice,beginner,Quadriceps,Quadriceps Femoris,Gluteus Maximus|Soleus,Dumbbell,1,,0,Dumbbell,dumbbells|gym,Knee Over Toe Split Squat,Double Arm,Continuous,Goblet,Front Rack,Continuous,Foot Elevated (Front),Single Exercise,Knee Dominant,Sagittal Plane,Lower Body,Push,Compound,Unilateral,Bodybuilding
dumbbell-goblet-forward-lunge,Dumbbell Goblet Forward Lunge,https://youtu.be/Q2ELBxwUp28?si=SahPctazGJoXnzHQ,https://youtu.be/IzeZOET6R7U?si=oTFk5E4bDeCV8DoC,Novice,beginner,Quadriceps,Quadriceps Femoris,Gluteus Maximus|Biceps Femoris,Dumbbell,1,,0,Dumbbell,dumbbells|gym,Standing,Double Arm,Continuous,Goblet,Front Rack,Continuous,No Elevation,Single Exercise,Knee Dominant,Sagittal Plane,Lower Body,Push,Compound,Unilateral,Bodybuilding
dumbbell-goblet-knee-over-toe-split-squat,Dumbbell Goblet Knee Over Toe Split Squat,https://youtu.be/JlcQSTjIpk8?feature=shared,,Novice,beginner,Quadriceps,Quadriceps Femoris,Gluteus Maximus|Soleus,Dumbbell,1,,0,Dumbbell,dumbbells|gym,Knee Over Toe Split Squat,Double Arm,Continuous,Goblet,Front Rack,Continuous,No Elevation,Single Exercise,Knee Dominant,Sagittal Plane,Lower Body,Push,Compound,Unilateral,Bodybuilding
dumbbell-goblet-lateral-lunge,Dumbbell Goblet Lateral Lunge,https://youtu.be/Vfl-OUHFQQo?si=zECktY2dytdpOMdK,https://youtu.be/eP-4bV7QHyE?si=d_qLJvRMM3KWiCeD,Novice,beginner,Quadriceps,Quadriceps Femoris,Gluteus Maximus|Adductor Magnus,Dumbbell,1,,0,Dumbbell,dumbbells|gym,Standing,Double Arm,Continuous,Goblet,Front Rack,Continuous,No Elevation,Single Exercise,Knee Dominant,Frontal Plane,Lower Body,Push,Compound,Unilateral,Bodybuilding
dumbbell-goblet-low-switch-cossack-squat,Dumbbell Goblet Low Switch Cossack Squat,https://youtu.be/ggVuR079WHM?si=QWRGadB6a4zrJrLz,,Intermediate,intermediate,Quadriceps,Quadriceps Femoris,Adductor Magnus|Gluteus Maximus,Dumbbell,1,,0,Dumbbell,dumbbells|gym,Standing,Double Arm,Continuous,Goblet,Front Rack,Alternating,No Elevation,Single Exercise,Knee Dominant,Frontal Plane,Lower Body,Push,Compound,Unilateral,Bodybuilding
dumbbell-goblet-march,Dumbbell Goblet March,https://youtu.be/WTpKwJlRLK4?si=0pMHaXA8XJ4fldaV,https://youtu.be/lDsGM_8E_hI?si=h8e63R3KIAif2C9O,Novice,beginner,Hip Flexors,Iliopsoas,Rectus Abdominis|Gluteus Medius,Dumbbell,1,,0,Dumbbell,dumbbells|gym,March,Double Arm,Continuous,Goblet,Front Rack,Alternating,No Elevation,Single Exercise,Locomotion,Sagittal Plane,Core,Other,Compound,Unilateral,Balance
dumbbell-goblet-pistol-squat,Dumbbell Goblet Pistol Squat,https://youtu.be/QPzYCYVpsFA?si=Kc9-HoWbiLTj997Y,,Advanced,advanced,Quadriceps,Quadriceps Femoris,Gluteus Maximus,Dumbbell,1,,0,Dumbbell,dumbbells|gym,Single Leg Standing,Double Arm,Continuous,Goblet,Front Rack,Continuous,No Elevation,Single Exercise,Knee Dominant,Sagittal Plane,Lower Body,Push,Compound,Unilateral,Balance
dumbbell-goblet-reverse-lunge,Dumbbell Goblet Reverse Lunge,https://youtu.be/pDA738FZsuk?si=bzG9vYvbc69IfMmO,https://youtu.be/g5bphe5eFu8?si=Tsp0KtbwhVYuYo2-,Novice,beginner,Quadriceps,Quadriceps Femoris,Gluteus Maximus|Biceps Femoris,Dumbbell,1,,0,Dumbbell,dumbbells|gym,Standing,Double Arm,Continuous,Goblet,Front Rack,Continuous,No Elevation,Single Exercise,Knee Dominant,Sagittal Plane,Lower Body,Push,Compound,Unilateral,Bodybuilding
dumbbell-goblet-russian-step-up,Dumbbell Goblet Russian Step Up,https://youtu.be/Z8wrpP7TT5E?si=tMWVlz_jrcW6ilLl,,Novice,beginner,Quadriceps,Quadriceps Femoris,Gluteus Maximus|Iliopsoas,Dumbbell,1,Plyo Box,1,Dumbbell|Plyo Box,dumbbells|gym,Single Leg Standing Bent Knee,Double Arm,Continuous,Goblet,Front Rack,Continuous,Foot Elevated (Front),Single Exercise,Knee Dominant,Sagittal Plane,Lower Body,Push,Compound,Unilateral,Balance
dumbbell-goblet-split-squat,Dumbbell Goblet Split Squat,https://youtu.be/EUHaKY3aA1Q?si=H2a-9iB71twMingb,https://youtu.be/O_XaZR7-5lo?si=V-7vvAXlgmxto7UI,Novice,beginner,Quadriceps,Quadriceps Femoris,Gluteus Maximus|Biceps Femoris,Dumbbell,1,,0,Dumbbell,dumbbells|gym,Split Squat,Double Arm,Continuous,Goblet,Front Rack,Continuous,No Elevation,Single Exercise,Knee Dominant,Sagittal Plane,Lower Body,Push,Compound,Unilateral,Bodybuilding
dumbbell-goblet-squat,Dumbbell Goblet Squat,https://youtu.be/a-dqF4NL2K4,https://youtu.be/9W5KAqHfDe8,Beginner,beginner,Quadriceps,Quadriceps Femoris,Gluteus Maximus,Dumbbell,1,,0,Dumbbell,dumbbells|gym,Standing,Double Arm,Continuous,Goblet,Front Rack,Continuous,No Elevation,Single Exercise,Knee Dominant,Sagittal Plane,Lower Body,Push,Compound,Bilateral,Bodybuilding
dumbbell-goblet-step-up,Dumbbell Goblet Step Up,https://youtu.be/PLk0TE6nYag?si=vbbSLrl8kCSWEbLQ,https://youtu.be/3yPRuUPeiQU?si=7XSRn2zzSxJl4SV2,Novice,beginner,Quadriceps,Quadriceps Femoris,Gluteus Maximus|Biceps Femoris,Dumbbell,1,Plyo Box,1,Dumbbell|Plyo Box,dumbbells|gym,Standing,Double Arm,Continuous,Goblet,Front Rack,Continuous,Foot Elevated (Front),Single Exercise,Knee Dominant,Sagittal Plane,Lower Body,Push,Compound,Unilateral,Bodybuilding
dumbbell-goblet-walking-lunge,Dumbbell Goblet Walking Lunge,https://youtu.be/gA6gJS2ePGU?si=Ug9x4DfIITtyX9FE,,Novice,beginner,Quadriceps,Quadriceps Femoris,Gluteus Maximus|Biceps Femoris,Dumbbell,1,,0,Dumbbell,dumbbells|gym,Walking,Double Arm,Continuous,Goblet,Front Rack,Alternating,No Elevation,Single Exercise,Knee Dominant,Sagittal Plane,Lower Body,Push,Compound,Unilateral,Bodybuilding
dumbbell-half-kneeling-low-to-high-chop,Dumbbell Half Kneeling Low to High Chop,https://youtu.be/qyM7NdixJzI?si=NCooBu364vvvPnk3,https://youtu.be/qH9zfcN_xh4?si=JMwQ1ZqTdbeNvroS,Intermediate,intermediate,Abdominals,Obliques,Rectus Abdominis,Dumbbell,1,,0,Dumbbell,dumbbells|gym,Half Kneeling,Double Arm,Continuous,Neutral,Other,Continuous,No Elevation,Single Exercise,Rotational,Transverse Plane,Core,Other,Compound,Unilateral,
dumbbell-hip-thrust,Dumbbell Hip Thrust,https://youtu.be/LxdfGyNBuRU?si=x25Sk4tkkLiyY4t2,https://youtu.be/29OfN4ztW_g?si=heAR-KpPnMTMhSpL,Beginner,beginner,Glutes,Gluteus Maximus,Biceps Femoris|Quadriceps Femoris,Dumbbell,1,Bench (Flat),1,Dumbbell|Bench (Flat),dumbbells|gym,Bridge,Double Arm,Continuous,Neutral,Hip Crease,Continuous,No Elevation,Single Exercise,Hip Extension,Sagittal Plane,Lower Body,,Compound,Bilateral,Bodybuilding
dumbbell-incline-bench-pullover,Dumbbell Incline Bench Pullover,https://youtu.be/LQEag7MKXSs?si=vVcujNN4QVFLQ71H,,Beginner,beginner,Back,Latissimus Dorsi,Pectoralis Major|Triceps Brachii,Dumbbell,1,Bench (Incline),1,Dumbbell|Bench (Incline),dumbbells|gym,Seated,Double Arm,Continuous,Flat Palm,Above Chest,Continuous,No Elevation,Single Exercise,,Sagittal Plane,Upper Body,Pull,Compound,Bilateral,Bodybuilding
dumbbell-low-hold-cossack-squat,Dumbbell Low Hold Cossack Squat,https://youtu.be/k4p89WEkl58?si=S4JsgnfzWmFK3l4G,,Novice,beginner,Quadriceps,Quadriceps Femoris,Adductor Magnus|Gluteus Maximus,Dumbbell,1,,0,Dumbbell,dumbbells|gym,Standing,Double Arm,Continuous,Neutral,Low Hold,Continuous,No Elevation,Single Exercise,Knee Dominant,Frontal Plane,Lower Body,Push,Compound,Unilateral,Bodybuilding
dumbbell-overhead-tricep-extension,Dumbbell Overhead Tricep Extension,https://youtu.be/7h3lG2WnLXg,https://youtu.be/-Vyt2QdsR7E,Beginner,beginner,Triceps,Triceps Brachii,Anterior Deltoids|Rectus Abdominis,Dumbbell,1,,0,Dumbbell,dumbbells|gym,Standing,Double Arm,Continuous,Flat Palm,Overhead,Continuous,No Elevation,Single Exercise,Elbow Extension,Sagittal Plane,Upper Body,Push,Isolation,Bilateral,Bodybuilding
dumbbell-pullover,Dumbbell Pullover,https://youtu.be/owr5y-s6-Qk?si=gd2Nfg1PVMbahXjx,https://youtu.be/tcHaHIQStsk?si=PqW1mpuuLU_9M5qj,Beginner,beginner,Back,Latissimus Dorsi,Pectoralis Major|Triceps Brachii,Dumbbell,1,Bench (Flat),1,Dumbbell|Bench (Flat),dumbbells|gym,Supine,Double Arm,Continuous,Flat Palm,Above Chest,Continuous,No Elevation,Single Exercise,,Sagittal Plane,Upper Body,Pull,Compound,Bilateral,Bodybuilding
dumbbell-seated-overhead-tricep-extension,Dumbbell Seated Overhead Tricep Extension,https://youtu.be/-aBcUgsn8Dc,https://youtu.be/nRiJVZDpdL0,Beginner,beginner,Triceps,Triceps Brachii,Anterior Deltoids|Rectus Abdominis,Dumbbell,1,Bench (Flat),1,Dumbbell|Bench (Flat),dumbbells|gym,Seated,Double Arm,Continuous,Flat Palm,Overhead,Continuous,No Elevation,Single Exercise,Elbow Extension,Sagittal Plane,Upper Body,Push,Isolation,Bilateral,Bodybuilding
dumbbell-seated-tibialis-raise,Dumbbell Seated Tibialis Raise,https://youtu.be/2amvxbpU20c?si=ymK8PzcHyFCMv-oX,,Novice,beginner,Shins,Tibialis Anterior,Extensor Digitorum Longus|Extensor Hallucis Longus,Dumbbell,1,Bench (Flat),1,Dumbbell|Bench (Flat),dumbbells|gym,Seated,No Arms,Continuous,No Grip,Other,Continuous,No Elevation,Single Exercise,Ankle Dorsiflexion,Sagittal Plane,Lower Body,,Isolation,Bilateral,
dumbbell-tall-kneeling-overhead-tricep-extension,Dumbbell Tall Kneeling Overhead Tricep Extension,https://youtu.be/1SeR4V-EYK8?si=jeUtHpyY3S0-eqZF,,Beginner,beginner,Triceps,Triceps Brachii,Anterior Deltoids|Rectus Abdominis,Dumbbell,1,,0,Dumbbell,dumbbells|gym,Tall Kneeling,Double Arm,Continuous,Flat Palm,Overhead,Continuous,No Elevation,Single Exercise,Elbow Extension,Sagittal Plane,Upper Body,Push,Isolation,Bilateral,Bodybuilding
dumbbell-waiter-curl,Dumbbell Waiter Curl,https://youtu.be/DjgrEWlgGaY,,Beginner,beginner,Biceps,Biceps Brachii,Brachialis|Brachioradialis,Dumbbell,1,,0,Dumbbell,dumbbells|gym,Standing,Double Arm,Continuous,Supinated,Other,Continuous,No Elevation,Single Exercise,Elbow Flexion,Sagittal Plane,Upper Body,Pull,Isolation,Bilateral,Bodybuilding
ez-bar-close-grip-bench-press,EZ Bar Close Grip Bench Press,https://youtu.be/yoS-cVxq28Q?si=hPjefaZ8jY6Ugoh_,https://youtu.be/3U94_ZiAwfM?si=owQuwz8PUei66Z27,Novice,beginner,Triceps,Triceps Brachii,Pectoralis Major,EZ Bar,1,Bench (Flat),1,EZ Bar|Bench (Flat),gym,Supine,Double Arm,Continuous,Pronated,Above Chest,Continuous,No Elevation,Single Exercise,Horizontal Push,Sagittal Plane,Upper Body,Push,Compound,Bilateral,Bodybuilding
ez-bar-close-grip-bicep-curl,EZ Bar Close Grip Bicep Curl,https://youtu.be/o1c9wFYt6FA?feature=shared,https://youtu.be/zG2xJ0Q5QtI,Novice,beginner,Biceps,Biceps Brachii,Brachialis|Brachioradialis,EZ Bar,1,,0,EZ Bar,gym,Standing,Double Arm,Continuous,Supinated,Other,Continuous,No Elevation,Single Exercise,Elbow Flexion,Sagittal Plane,Upper Body,Pull,Isolation,Bilateral,Bodybuilding
ez-bar-close-grip-decline-bench-press,EZ Bar Close Grip Decline Bench Press,https://youtu.be/K40CGYdAysc?si=AY-3wTXsp03-uRQ_,,Novice,beginner,Triceps,Triceps Brachii,Pectoralis Major,EZ Bar,1,Bench (Decline),1,EZ Bar|Bench (Decline),gym,Supine,Double Arm,Continuous,Pronated,Above Chest,Continuous,No Elevation,Single Exercise,Horizontal Push,Sagittal Plane,Upper Body,Push,Compound,Bilateral,Bodybuilding
ez-bar-close-grip-incline-bench-press,EZ Bar Close Grip Incline Bench Press,https://youtu.be/PEH5Ncie81g?si=F2eXxzjoehGGc9Bb,,Novice,beginner,Triceps,Triceps Brachii,Pectoralis Major,EZ Bar,1,Bench (Incline),1,EZ Bar|Bench (Incline),gym,Seated,Double Arm,Continuous,Pronated,Above Chest,Continuous,No Elevation,Single Exercise,Horizontal Push,Sagittal Plane,Upper Body,Push,Compound,Bilateral,Bodybuilding
ez-bar-close-grip-strict-bicep-curl,EZ Bar Close Grip Strict Bicep Curl,https://youtu.be/ELozuUa8rjk?si=pfjkNnOsw1MmdI5_,https://youtu.be/Cr3EXYLQ3rQ?si=hvcgUjV--10sAoiB,Novice,beginner,Biceps,Biceps Brachii,Brachialis|Brachioradialis,EZ Bar,1,,0,EZ Bar,gym,Standing,Double Arm,Continuous,Supinated,Other,Continuous,No Elevation,Single Exercise,Elbow Flexion,Sagittal Plane,Upper Body,Pull,Isolation,Bilateral,Bodybuilding
ez-bar-decline-bench-skull-crusher,EZ Bar Decline Bench Skull Crusher,https://youtu.be/XFBsHDastRI?si=rP6H63ZVPOndCThK,https://youtu.be/OpRLGph7El8?si=TrvfwVCRT_bFWs6t,Novice,beginner,Triceps,Triceps Brachii,Anconeus|Flexor Carpi Radialis,EZ Bar,1,Bench (Decline),1,EZ Bar|Bench (Decline),gym,Supine,Double Arm,Continuous,Pronated,Other,Continuous,No Elevation,Single Exercise,Elbow Extension,Sagittal Plane,Upper Body,Push,Compound,Bilateral,Bodybuilding
ez-bar-floor-skull-crusher,EZ Bar Floor Skull Crusher,https://youtu.be/i3j2R28TKH4?si=Vq9ICK3WiYcphvd9,,Novice,beginner,Triceps,Triceps Brachii,Anconeus|Flexor Carpi Radialis,EZ Bar,1,,0,EZ Bar,gym,Supine,Double Arm,Continuous,Pronated,Other,Continuous,No Elevation,Single Exercise,Elbow Extension,Sagittal Plane,Upper Body,Push,Compound,Bilateral,Bodybuilding
ez-bar-front-raise,EZ Bar Front Raise,https://youtu.be/N4HLFIr5H4A?si=l2WKwgNX9fExG7xF,,Novice,beginner,Shoulders,Anterior Deltoids,Pectoralis Major|Biceps Brachii,EZ Bar,1,,0,EZ Bar,gym,Standing,Double Arm,Continuous,Pronated,Other,Continuous,No Elevation,Single Exercise,Shoulder Flexion,Sagittal Plane,Upper Body,Push,Isolation,Bilateral,Bodybuilding
ez-bar-incline-bench-lying-tricep-extension,EZ Bar Incline Bench Lying Tricep Extension,https://youtu.be/vJuyPyyEdTs?si=_MMem5dVaaarfRRu,,Novice,beginner,Triceps,Triceps Brachii,,EZ Bar,1,Bench (Incline),1,EZ Bar|Bench (Incline),gym,Seated,Double Arm,Continuous,Pronated,Other,Continuous,No Elevation,Single Exercise,Elbow Extension,Sagittal Plane,Upper Body,Push,Compound,Bilateral,Bodybuilding
ez-bar-incline-bench-skull-crusher,EZ Bar Incline Bench Skull Crusher,https://youtu.be/9VtEoirFmT8?si=B904_aTFyPDoEqMp,https://youtu.be/kcvdV0LkhUk?si=98a25GEiRSrIoAlZ,Novice,beginner,Triceps,Triceps Brachii,Anconeus|Flexor Carpi Radialis,EZ Bar,1,Bench (Incline),1,EZ Bar|Bench (Incline),gym,Seated,Double Arm,Continuous,Pronated,Other,Continuous,No Elevation,Single Exercise,Elbow Extension,Sagittal Plane,Upper Body,Push,Compound,Bilateral,Bodybuilding
ez-bar-kneeling-rollout,EZ Bar Kneeling Rollout,https://youtu.be/qGVLUwKTvTw?si=wziniMZUeqke6bE4,https://youtu.be/MLwO9-cAjcA?si=rIoXi2XPlr8-o9Q7,Intermediate,intermediate,Abdominals,Rectus Abdominis,Latissimus Dorsi|Serratus Anterior,EZ Bar,1,,0,EZ Bar,gym,Kneeling,Double Arm,Continuous,Pronated,Other,Continuous,No Elevation,Single Exercise,Anti-Extension,Sagittal Plane,Core,Other,Compound,Bilateral,
ez-bar-lying-tricep-extension,EZ Bar Lying Tricep Extension,https://youtu.be/fUW3C1lVWkk?si=uxeyIMMcnTpM46fm,https://youtu.be/FrutSwqK5fQ,Novice,beginner,Triceps,Triceps Brachii,,EZ Bar,1,Bench (Flat),1,EZ Bar|Bench (Flat),gym,Supine,Double Arm,Continuous,Pronated,Other,Continuous,No Elevation,Single Exercise,Elbow Extension,Sagittal Plane,Upper Body,Push,Compound,Bilateral,Bodybuilding
ez-bar-overhead-press,EZ Bar Overhead Press,https://youtu.be/_5VJKCjn8YE?feature=shared,,Novice,beginner,Shoulders,Anterior Deltoids,Triceps Brachii,EZ Bar,1,,0,EZ Bar,gym,Standing,Double Arm,Continuous,Pronated,Overhead,Continuous,No Elevation,Single Exercise,Vertical Push,Sagittal Plane,Upper Body,Push,Compound,Bilateral,Bodybuilding
ez-bar-overhead-tricep-extension,EZ Bar Overhead Tricep Extension,https://youtu.be/99qXUnFuQdM,https://youtu.be/xvvN9HZvaBE,Novice,beginner,Triceps,Triceps Brachii,Anterior Deltoids|Rectus Abdominis,EZ Bar,1,,0,EZ Bar,gym,Standing,Double Arm,Continuous,Pronated,Overhead,Continuous,No Elevation,Single Exercise,Elbow Extension,Sagittal Plane,Upper Body,Push,Isolation,Bilateral,Bodybuilding
ez-bar-reverse-grip-bent-over-row,EZ Bar Reverse Grip Bent Over Row,https://youtu.be/mq_KoN3oCgo?si=zVWL6owtdpddPPFb,https://youtu.be/k5K5hBbh5GU?si=TwwhRipuAVNIa80O,Novice,beginner,Back,Latissimus Dorsi,Rhomboids|Posterior Deltoids,EZ Bar,1,,0,EZ Bar,gym,Standing,Double Arm,Continuous,Supinated,Other,Continuous,No Elevation,Single Exercise,Horizontal Pull,Sagittal Plane,Upper Body,Pull,Compound,Bilateral,Bodybuilding
ez-bar-reverse-grip-bicep-curl,EZ Bar Reverse Grip Bicep Curl,https://youtu.be/aIrvcBlNHBA,https://youtu.be/nRgxYX2Ve9w,Novice,beginner,Forearms,Brachioradialis,Biceps Brachii|Brachialis,EZ Bar,1,,0,EZ Bar,gym,Standing,Double Arm,Continuous,Pronated,Other,Continuous,No Elevation,Single Exercise,Elbow Flexion,Sagittal Plane,Upper Body,Pull,Isolation,Bilateral,Bodybuilding
ez-bar-reverse-grip-front-raise,EZ Bar Reverse Grip Front Raise,https://youtu.be/yTHdkQntOy0?si=MyTLO7RESotzfRsT&utm_source=MTQxZ,https://youtu.be/ylDqoxFs5kg?si=GJ8Ya6LR8d1YAvL1&utm_source=MTQxZ,Novice,beginner,Shoulders,Anterior Deltoids,Pectoralis Major,EZ Bar,1,,0,EZ Bar,gym,Standing,Double Arm,Continuous,Supinated,Other,Continuous,No Elevation,Single Exercise,Shoulder Flexion,Sagittal Plane,Upper Body,Push,Isolation,Bilateral,Bodybuilding
ez-bar-seated-overhead-press,EZ Bar Seated Overhead Press,https://youtu.be/-MwL_9KOv7U?si=z-KgUayvNC37N78i,,Novice,beginner,Shoulders,Anterior Deltoids,Triceps Brachii,EZ Bar,1,Bench (Flat),1,EZ Bar|Bench (Flat),gym,Seated,Double Arm,Continuous,Pronated,Overhead,Continuous,No Elevation,Single Exercise,Vertical Push,Sagittal Plane,Upper Body,Push,Compound,Bilateral,Bodybuilding
ez-bar-seated-overhead-tricep-extension,EZ Bar Seated Overhead Tricep Extension,https://youtu.be/QGK3RQ_Eexc?si=2Go8XA5nbKIfwUBr,https://youtu.be/priRWVpDV8c,Novice,beginner,Triceps,Triceps Brachii,Anterior Deltoids|Rectus Abdominis,EZ Bar,1,Bench (Flat),1,EZ Bar|Bench (Flat),gym,Seated,Double Arm,Continuous,Pronated,Overhead,Continuous,No Elevation,Single Exercise,Elbow Extension,Sagittal Plane,Upper Body,Push,Isolation,Bilateral,Bodybuilding
ez-bar-skull-crusher,EZ Bar Skull Crusher,https://youtu.be/eiCMrII3j9k?si=J2G1ZmeiFQDhnfxT,https://youtu.be/jR7Y5YcugYc?feature=shared,Novice,beginner,Triceps,Triceps Brachii,Anconeus|Flexor Carpi Radialis,EZ Bar,1,Bench (Flat),1,EZ Bar|Bench (Flat),gym,Supine,Double Arm,Continuous,Pronated,Other,Continuous,No Elevation,Single Exercise,Elbow Extension,Sagittal Plane,Upper Body,Push,Compound,Bilateral,Bodybuilding
ez-bar-spider-curl,EZ Bar Spider Curl,https://youtu.be/wtbHEt6Qi8g?si=wca7IhWcGWNDg2QX,https://youtu.be/BsE9zhhTU1A,Novice,beginner,Biceps,Biceps Brachii,Brachialis|Brachioradialis,EZ Bar,1,Bench (Incline),1,EZ Bar|Bench (Incline),gym,Prone,Double Arm,Continuous,Supinated,Other,Continuous,No Elevation,Single Exercise,Elbow Flexion,Sagittal Plane,Upper Body,Pull,Isolation,Bilateral,Bodybuilding
ez-bar-standing-rollout,EZ Bar Standing Rollout,https://youtu.be/zGZrhC_VWIQ?feature=shared,,Advanced,advanced,Abdominals,Rectus Abdominis,Latissimus Dorsi|Serratus Anterior,EZ Bar,1,,0,EZ Bar,gym,Standing,Double Arm,Continuous,Pronated,Other,Continuous,No Elevation,Single Exercise,Anti-Extension,Sagittal Plane,Core,Other,Compound,Bilateral,
ez-bar-wide-grip-bicep-curl,EZ Bar Wide Grip Bicep Curl,https://youtu.be/xUdw3EtnTLM?si=6zj86RhHEsTUIlf4,,Novice,beginner,Biceps,Biceps Brachii,Brachialis|Brachioradialis,EZ Bar,1,,0,EZ Bar,gym,Standing,Double Arm,Continuous,Supinated,Other,Continuous,No Elevation,Single Exercise,Elbow Flexion,Sagittal Plane,Upper Body,Pull,Isolation,Bilateral,Bodybuilding
ez-bar-wide-grip-strict-bicep-curl,EZ Bar Wide Grip Strict Bicep Curl,https://youtu.be/j83lzC2E4Ss?si=PcoF092JVJRpg8T4,https://youtu.be/woGKGe7SmDo?si=GyL0qA4fJDmEfsf6,Novice,beginner,Biceps,Biceps Brachii,Brachialis|Brachioradialis,EZ Bar,1,,0,EZ Bar,gym,Standing,Double Arm,Continuous,Supinated,Other,Continuous,No Elevation,Single Exercise,Elbow Flexion,Sagittal Plane,Upper Body,Pull,Isolation,Bilateral,Bodybuilding
gravity-boots-inverted-sit-up,Gravity Boots Inverted Sit Up,https://youtu.be/AN4MBtCsJqo,,Advanced,advanced,Abdominals,Rectus Abdominis,,Bodyweight,1,Gravity Boots,1,Bodyweight|Gravity Boots,bodyweight|gym,Inverted,No Arms,Continuous,Head Supported,No Load,Continuous,No Elevation,Single Exercise,Spinal Flexion,Sagittal Plane,Core,Other,Compound,Bilateral,
heavy-sandbag-bear-hug-alternating-forward-lunge,Heavy Sandbag Bear Hug Alternating Forward Lunge,https://youtu.be/68d5tiCgUy8?si=QZZ5qWDdvMU5WTQ_,,Intermediate,intermediate,Quadriceps,Quadriceps Femoris,Gluteus Maximus|Biceps Brachii,Heavy Sandbag,1,,0,Heavy Sandbag,gym,Standing,Double Arm,Continuous,Neutral,Bear Hug,Alternating,No Elevation,Single Exercise,Knee Dominant,Sagittal Plane,Full Body,Other,Compound,Unilateral,
heavy-sandbag-bear-hug-alternating-reverse-lunge,Heavy Sandbag Bear Hug Alternating Reverse Lunge,https://youtu.be/dd8M3MLhfjc?si=C40Jnp1OsYedBuT1,,Intermediate,intermediate,Quadriceps,Quadriceps Femoris,Gluteus Maximus|Biceps Femoris,Heavy Sandbag,1,,0,Heavy Sandbag,gym,Standing,Double Arm,Continuous,Neutral,Bear Hug,Alternating,No Elevation,Single Exercise,Knee Dominant,Sagittal Plane,Full Body,Other,Compound,Unilateral,Bodybuilding
heavy-sandbag-bear-hug-alternating-step-up,Heavy Sandbag Bear Hug Alternating Step Up,https://youtu.be/O1zrmDKSt9E?si=aLhoWHS87gUaM6iV,,Intermediate,intermediate,Quadriceps,Quadriceps Femoris,Gluteus Maximus|Biceps Femoris,Heavy Sandbag,1,Plyo Box,1,Heavy Sandbag|Plyo Box,gym,Standing,Double Arm,Continuous,Neutral,Bear Hug,Alternating,Foot Elevated (Front),Single Exercise,Knee Dominant,Sagittal Plane,Lower Body,Push,Compound,Unilateral,Bodybuilding
heavy-sandbag-bear-hug-carry,Heavy Sandbag Bear Hug Carry,https://youtu.be/jb9Ge6SP8IA?si=FgQecwjAUfv-teLv,https://youtu.be/zTvjvkK2cI0?si=qjPGwzZvPJVNY18J,Intermediate,intermediate,Abdominals,Rectus Abdominis,Biceps Brachii|Gluteus Maximus,Heavy Sandbag,1,,0,Heavy Sandbag,gym,Walking,Double Arm,Continuous,Neutral,Bear Hug,Alternating,No Elevation,Single Exercise,Loaded Carry,Sagittal Plane,Full Body,Other,Compound,Bilateral,
heavy-sandbag-bear-hug-cossack-squat,Heavy Sandbag Bear Hug Cossack Squat,https://youtu.be/G5gCl5b0E-4?feature=shared,,Intermediate,intermediate,Quadriceps,Quadriceps Femoris,Gluteus Maximus,Heavy Sandbag,1,,0,Heavy Sandbag,gym,Standing,Double Arm,Continuous,Neutral,Bear Hug,Continuous,No Elevation,Single Exercise,Knee Dominant,Frontal Plane,Lower Body,Push,Compound,Unilateral,
heavy-sandbag-bear-hug-good-morning,Heavy Sandbag Bear Hug Good Morning,https://youtu.be/D4mJTEkNnLY?si=iLZLY-yBoFZVR8GZ,,Intermediate,intermediate,Back,Erector Spinae,Gluteus Maximus|Biceps Femoris,Heavy Sandbag,1,,0,Heavy Sandbag,gym,Standing,Double Arm,Continuous,Neutral,Bear Hug,Continuous,No Elevation,Single Exercise,Hip Hinge,Sagittal Plane,Lower Body,,Compound,Bilateral,Bodybuilding
heavy-sandbag-bear-hug-kang-squat,Heavy Sandbag Bear Hug Kang Squat,https://youtu.be/XVlH1hEsqMY?si=60gTVsHXWLFVtref,,Intermediate,intermediate,Quadriceps,Quadriceps Femoris,Gluteus Maximus|Biceps Femoris,Heavy Sandbag,1,,0,Heavy Sandbag,gym,Standing,Double Arm,Continuous,Neutral,Bear Hug,Continuous,No Elevation,Single Exercise,Knee Dominant|Hip Hinge,Sagittal Plane,Lower Body,Push,Compound,Bilateral,
heavy-sandbag-bear-hug-march,Heavy Sandbag Bear Hug March,https://youtu.be/3Nb6pMK8__Y?si=5ew2YOh7JxivCONp,https://youtu.be/bk_B0CKGor4?si=DlMl7cHyVm-frwWe,Intermediate,intermediate,Hip Flexors,Iliopsoas,Rectus Abdominis|Gluteus Medius,Heavy Sandbag,1,,0,Heavy Sandbag,gym,March,Double Arm,Continuous,Neutral,Bear Hug,Alternating,No Elevation,Single Exercise,Locomotion,Sagittal Plane,Core,Other,Compound,Unilateral,Balance
heavy-sandbag-bear-hug-split-squat,Heavy Sandbag Bear Hug Split Squat,https://youtu.be/EDEgJ8gSJHo?si=tuk25VgOk61zTjT4,,Intermediate,intermediate,Quadriceps,Quadriceps Femoris,Gluteus Maximus|Biceps Femoris,Heavy Sandbag,1,,0,Heavy Sandbag,gym,Split Squat,Double Arm,Continuous,Neutral,Bear Hug,Continuous,No Elevation,Single Exercise,Knee Dominant,Sagittal Plane,Full Body,Other,Compound,Unilateral,
heavy-sandbag-bear-hug-squat,Heavy Sandbag Bear Hug Squat,https://youtu.be/ymSWvrARnCo?si=wSCDvQEQ8xPtVqbn,,Intermediate,intermediate,Quadriceps,Quadriceps Femoris,Gluteus Maximus,Heavy Sandbag,1,,0,Heavy Sandbag,gym,Standing,Double Arm,Continuous,Neutral,Bear Hug,Continuous,No Elevation,Single Exercise,Knee Dominant,Sagittal Plane,Lower Body,Push,Compound,Bilateral,
heavy-sandbag-bear-hug-step-up,Heavy Sandbag Bear Hug Step Up,https://youtu.be/LyD7nH85x0c?si=Li3dCfeeWkoCcSX-,,Intermediate,intermediate,Quadriceps,Quadriceps Femoris,Gluteus Maximus|Biceps Femoris,Heavy Sandbag,1,Plyo Box,1,Heavy Sandbag|Plyo Box,gym,Standing,Double Arm,Continuous,Neutral,Bear Hug,Continuous,Foot Elevated (Front),Single Exercise,Knee Dominant,Sagittal Plane,Lower Body,Push,Compound,Unilateral,Bodybuilding
heavy-sandbag-bear-hug-walking-lunge,Heavy Sandbag Bear Hug Walking Lunge,https://youtu.be/X5s18gG7cJc?si=P3v8_2nsYkNdk5D7,,Intermediate,intermediate,Quadriceps,Quadriceps Femoris,Gluteus Maximus|Biceps Femoris,Heavy Sandbag,1,,0,Heavy Sandbag,gym,Walking,Double Arm,Continuous,Neutral,Bear Hug,Alternating,No Elevation,Single Exercise,Knee Dominant,Sagittal Plane,Full Body,Other,Compound,Unilateral,
heavy-sandbag-clean-to-push-press,Heavy Sandbag Clean to Push Press,https://youtu.be/AVH3_x1LZA4?si=xUfQv7BiQgAH0riW,,Intermediate,intermediate,Shoulders,Anterior Deltoids,Triceps Brachii|Gluteus Maximus,Heavy Sandbag,1,,0,Heavy Sandbag,gym,Standing,Double Arm,Continuous,Neutral,Overhead,Continuous,No Elevation,Combo Exercise,Vertical Push|Hip Hinge,Sagittal Plane,Full Body,Push,Compound,Bilateral,
heavy-sandbag-over-the-shoulder,Heavy Sandbag Over the Shoulder,https://youtu.be/fqzGFACRFWU?si=AdAu_hY9NYrlY8DS,https://youtu.be/2pnxTZKlYoU?si=f5T7xqtqOMSeZz08,Intermediate,intermediate,Glutes,Gluteus Maximus,Biceps Femoris|Rectus Abdominis,Heavy Sandbag,1,,0,Heavy Sandbag,gym,Standing,Double Arm,Continuous,Neutral,Other,Continuous,No Elevation,Single Exercise,Hip Hinge,Sagittal Plane,Full Body,Other,Compound,Bilateral,
heavy-sandbag-shoulder-alternating-forward-lunge,Heavy Sandbag Shoulder Alternating Forward Lunge,https://youtu.be/2EkAq9e24EY?feature=shared,,Intermediate,intermediate,Quadriceps,Quadriceps Femoris,Gluteus Maximus|Biceps Femoris,Heavy Sandbag,1,,0,Heavy Sandbag,gym,Standing,Single Arm,Continuous,Neutral,Shoulder,Alternating,No Elevation,Single Exercise,Knee Dominant,Sagittal Plane,Lower Body,Push,Compound,Unilateral,
heavy-sandbag-shoulder-alternating-reverse-lunge,Heavy Sandbag Shoulder Alternating Reverse Lunge,https://youtu.be/T4jp-7X-ai8?feature=shared,,Intermediate,intermediate,Quadriceps,Quadriceps Femoris,Gluteus Maximus|Biceps Femoris,Heavy Sandbag,1,,0,Heavy Sandbag,gym,Standing,Single Arm,Continuous,Neutral,Shoulder,Alternating,No Elevation,Single Exercise,Knee Dominant,Sagittal Plane,Lower Body,Push,Compound,Unilateral,Bodybuilding
heavy-sandbag-shoulder-carry,Heavy Sandbag Shoulder Carry,https://youtu.be/35IarWLcV0s?si=4lqKX0sntuR1xdEa,,Intermediate,intermediate,Abdominals,Rectus Abdominis,Obliques|Gluteus Maximus,Heavy Sandbag,1,,0,Heavy Sandbag,gym,Walking,Single Arm,Continuous,Neutral,Shoulder,Alternating,No Elevation,Single Exercise,Loaded Carry,Sagittal Plane,Full Body,Other,Compound,Unilateral,
heavy-sandbag-shoulder-clean,Heavy Sandbag Shoulder Clean,https://youtu.be/cB7KJj-wqA4?si=_9jU8-LRtzGAT3e7,https://youtu.be/kmWYKPMI6uQ?si=PSnbWtFaOVT5jWTY,Intermediate,intermediate,Glutes,Gluteus Maximus,Biceps Femoris|Rectus Abdominis,Heavy Sandbag,1,,0,Heavy Sandbag,gym,Standing,Double Arm,Continuous,Neutral,Shoulder,Continuous,No Elevation,Single Exercise,Hip Hinge,Sagittal Plane,Full Body,Other,Compound,Bilateral,
heavy-sandbag-shoulder-contralateral-split-squat,Heavy Sandbag Shoulder Contralateral Split Squat,https://youtu.be/ayWcRkvxO-I?si=AtCYmB8SJA-QD071,,Intermediate,intermediate,Quadriceps,Quadriceps Femoris,Gluteus Maximus,Heavy Sandbag,1,,0,Heavy Sandbag,gym,Split Squat,Single Arm,Continuous,Neutral,Shoulder,Continuous,No Elevation,Single Exercise,Knee Dominant,Sagittal Plane,Lower Body,Push,Compound,Contralateral,
heavy-sandbag-shoulder-squat,Heavy Sandbag Shoulder Squat,https://youtu.be/VhCVdzYN820?si=07qvbVC4lpqJVZxR,,Intermediate,intermediate,Quadriceps,Quadriceps Femoris,Gluteus Maximus,Heavy Sandbag,1,,0,Heavy Sandbag,gym,Standing,Single Arm,Continuous,Neutral,Shoulder,Continuous,No Elevation,Single Exercise,Knee Dominant,Sagittal Plane,Lower Body,Push,Compound,Unilateral,
heavy-sandbag-shoulder-walking-lunge,Heavy Sandbag Shoulder Walking Lunge,https://youtu.be/YSd_xma0esE?si=1LEK7NMY3heh6sof,,Intermediate,intermediate,Quadriceps,Quadriceps Femoris,Gluteus Maximus|Biceps Femoris,Heavy Sandbag,1,,0,Heavy Sandbag,gym,Walking,Single Arm,Continuous,Neutral,Shoulder,Alternating,No Elevation,Single Exercise,Knee Dominant,Sagittal Plane,Lower Body,Push,Compound,Unilateral,
heavy-sandbag-turkish-get-up,Heavy Sandbag Turkish Get Up,https://youtu.be/nUjB7PY_ch8?si=qTE38YBxSMytqVEV,https://youtu.be/wLhVOlc13qg?si=qVYMFJtu7KjQCOQy,Advanced,advanced,Abdominals,Obliques,Rectus Abdominis,Heavy Sandbag,1,,0,Heavy Sandbag,gym,Supine,Single Arm,Continuous,Neutral,Shoulder,Continuous,No Elevation,Single Exercise,Rotational,Transverse Plane|Sagittal Plane,Full Body,Other,Compound,Unilateral,Grinds
kettlebell-alternating-halo,Kettlebell Alternating Halo,https://youtu.be/wJcmanVh5EE,https://youtu.be/PJTIftBgGVk,Novice,beginner,Shoulders,Posterior Deltoids,Medial Deltoids,Kettlebell,1,,0,Kettlebell,gym,Standing,Double Arm,Continuous,Bottoms Up Horn Grip,Other,Continuous,No Elevation,Single Exercise,Rotational,Transverse Plane,Upper Body,Pull,Compound,Bilateral,Mobility
kettlebell-alternating-halo-to-horn-grip-bottoms-up-squat,Kettlebell Alternating Halo to Horn Grip Bottoms Up Squat,https://youtu.be/-0FIWmBbo9U,https://youtu.be/tOAZDLFzdLE,Intermediate,intermediate,Shoulders,Posterior Deltoids,Quadriceps Femoris,Kettlebell,1,,0,Kettlebell,gym,Standing,Double Arm,Continuous,Bottoms Up Horn Grip,Front Rack,Continuous,No Elevation,Combo Exercise,Rotational|Knee Dominant,Transverse Plane,Full Body,Push & Pull,Compound,Unilateral,
kettlebell-close-grip-push-up,Kettlebell Close Grip Push Up,https://youtu.be/03FS1YOetXA?si=owgtdy5Ia3OB0e7K,,Novice,beginner,Triceps,Triceps Brachii,Pectoralis Major,Kettlebell,1,,0,Kettlebell,gym,Prone,Double Arm,Continuous,Pronated,No Load,Continuous,No Elevation,Single Exercise,Horizontal Push,Sagittal Plane,Upper Body,Push,Compound,Bilateral,Calisthenics
kettlebell-dead-bug,Kettlebell Dead Bug,https://youtu.be/pXcG0IH2Nkg,,Novice,beginner,Abdominals,Rectus Abdominis,Obliques|Rectus Femoris,Kettlebell,1,,0,Kettlebell,gym,Supine,Double Arm,Continuous,Goblet,Other,Alternating,No Elevation,Single Exercise,Anti-Extension,Sagittal Plane,Core,Other,Compound,Unilateral,Postural
kettlebell-dead-clean,Kettlebell Dead Clean,https://youtu.be/JyElZdIB29g?si=v2iiDrMxGAq4A9rl,https://youtu.be/5l9WeYcQGbg?si=nQk2TI5tJRo6v6qS,Intermediate,intermediate,Glutes,Gluteus Maximus,Biceps Femoris|Rectus Abdominis,Kettlebell,1,,0,Kettlebell,gym,Standing,Double Arm,Continuous,Horn Grip,Front Rack,Continuous,No Elevation,Single Exercise,Hip Hinge,Sagittal Plane,Full Body,,Compound,Bilateral,Ballistics
kettlebell-dead-clean-to-horn-grip-squat,Kettlebell Dead Clean to Horn Grip Squat,https://youtu.be/Xo9kEM4A6ao?si=RzutoHlEo0zoz1LZ,,Intermediate,intermediate,Quadriceps,Quadriceps Femoris,Gluteus Maximus,Kettlebell,1,,0,Kettlebell,gym,Standing,Double Arm,Continuous,Horn Grip,Front Rack,Continuous,No Elevation,Combo Exercise,Knee Dominant,Sagittal Plane,Lower Body,,Compound,Bilateral,Ballistics
kettlebell-dead-clean-to-overhead-press,Kettlebell Dead Clean to Overhead Press,https://youtu.be/NVWQauhMnRQ?si=UgmuOye7VOzX-UjA,,Intermediate,intermediate,Shoulders,Anterior Deltoids,Gluteus Maximus,Kettlebell,1,,0,Kettlebell,gym,Standing,Double Arm,Continuous,Horn Grip,Overhead,Continuous,No Elevation,Combo Exercise,Vertical Push|Hip Hinge,Sagittal Plane,Full Body,,Compound,Bilateral,Ballistics
kettlebell-feet-elevated-russian-twist,Kettlebell Feet Elevated Russian Twist,https://youtu.be/59_aq7COfts,,Novice,beginner,Abdominals,Obliques,Rectus Abdominis|Iliopsoas,Kettlebell,1,,0,Kettlebell,gym,Seated Floor,Double Arm,Continuous,Horn Grip,Other,Continuous,No Elevation,Single Exercise,Rotational,Transverse Plane,Core,Other,Compound,Bilateral,
kettlebell-frog-pump,Kettlebell Frog Pump,https://youtu.be/cdvQmb5iNdc?si=WU6MMMqGPXHZwOf9,,Beginner,beginner,Glutes,Gluteus Maximus,Biceps Femoris|Adductor Magnus,Kettlebell,1,,0,Kettlebell,gym,Bridge,Double Arm,Continuous,Horn Grip,Hip Crease,Continuous,No Elevation,Single Exercise,Hip Extension,Sagittal Plane,Lower Body,,Compound,Bilateral,
kettlebell-goblet-alternating-cossack-squat,Kettlebell Goblet Alternating Cossack Squat,https://youtu.be/wrYqfSLWqdE,,Novice,beginner,Quadriceps,Quadriceps Femoris,Adductor Magnus|Gluteus Maximus,Kettlebell,1,,0,Kettlebell,gym,Standing,Double Arm,Continuous,Goblet,Front Rack,Alternating,No Elevation,Single Exercise,Knee Dominant,Frontal Plane,Lower Body,Push,Compound,Unilateral,Bodybuilding
kettlebell-goblet-alternating-curtsy-lunge,Kettlebell Goblet Alternating Curtsy Lunge,https://youtu.be/dj2zCtnlZEM?si=zXmmDlSwlhudznYC,,Novice,beginner,Quadriceps,Quadriceps Femoris,Gluteus Maximus|Adductor Magnus,Kettlebell,1,,0,Kettlebell,gym,Standing,Double Arm,Continuous,Goblet,Front Rack,Alternating,No Elevation,Single Exercise,Knee Dominant,Frontal Plane,Lower Body,Push,Compound,Unilateral,Bodybuilding
kettlebell-goblet-alternating-forward-lunge,Kettlebell Goblet Alternating Forward Lunge,https://youtu.be/wkMhmQ5wVWY?si=kFZCkvoaBfUNdjvU,,Novice,beginner,Quadriceps,Quadriceps Femoris,Gluteus Maximus|Biceps Femoris,Kettlebell,1,,0,Kettlebell,gym,Standing,Double Arm,Continuous,Goblet,Front Rack,Alternating,No Elevation,Single Exercise,Knee Dominant,Sagittal Plane,Lower Body,Push,Compound,Unilateral,Bodybuilding
kettlebell-goblet-alternating-lateral-lunge,Kettlebell Goblet Alternating Lateral Lunge,https://youtu.be/Z8dcGhS8giQ?si=iQZ35AJwvoHewxyk,,Novice,beginner,Quadriceps,Quadriceps Femoris,Gluteus Maximus|Adductor Magnus,Kettlebell,1,,0,Kettlebell,gym,Standing,Double Arm,Continuous,Goblet,Front Rack,Alternating,No Elevation,Single Exercise,Knee Dominant,Frontal Plane,Lower Body,Push,Compound,Unilateral,Bodybuilding
kettlebell-goblet-alternating-reverse-lunge,Kettlebell Goblet Alternating Reverse Lunge,https://youtu.be/Q8s5KVgRjsI?si=LU2DAUzkwtjOm87N,,Novice,beginner,Quadriceps,Quadriceps Femoris,Gluteus Maximus|Biceps Femoris,Kettlebell,1,,0,Kettlebell,gym,Standing,Double Arm,Continuous,Goblet,Front Rack,Alternating,No Elevation,Single Exercise,Knee Dominant,Sagittal Plane,Lower Body,Push,Compound,Unilateral,Bodybuilding
kettlebell-goblet-alternating-russian-step-up,Kettlebell Goblet Alternating Russian Step Up,https://youtu.be/D_XZAV9sh2I?si=9d58XpgxLS_aoYoQ,,Novice,beginner,Quadriceps,Quadriceps Femoris,Gluteus Maximus|Iliopsoas,Kettlebell,1,Plyo Box,1,Kettlebell|Plyo Box,gym,Single Leg Standing Bent Knee,Double Arm,Continuous,Goblet,Front Rack,Alternating,Foot Elevated (Front),Single Exercise,Knee Dominant,Sagittal Plane,Lower Body,Push,Compound,Unilateral,Balance
kettlebell-goblet-alternating-step-up,Kettlebell Goblet Alternating Step Up,https://youtu.be/uT2473eo8Rw?si=1pxHtkIQiIW_apsw,,Novice,beginner,Quadriceps,Quadriceps Femoris,Gluteus Maximus|Biceps Femoris,Kettlebell,1,Plyo Box,1,Kettlebell|Plyo Box,gym,Standing,Double Arm,Continuous,Goblet,Front Rack,Alternating,Foot Elevated (Front),Single Exercise,Knee Dominant,Sagittal Plane,Lower Body,Push,Compound,Unilateral,Bodybuilding
kettlebell-goblet-bulgarian-split-squat,Kettlebell Goblet Bulgarian Split Squat,https://youtu.be/o_M9wYTtIBA?si=BXIV9tiqPcpzzreB,,Intermediate,intermediate,Quadriceps,Quadriceps Femoris,Gluteus Maximus|Biceps Femoris,Kettlebell,1,Bench (Flat),1,Kettlebell|Bench (Flat),gym,Single Leg Supported,Double Arm,Continuous,Goblet,Front Rack,Continuous,Foot Elevated (Rear),Single Exercise,Knee Dominant,Sagittal Plane,Lower Body,Push,Compound,Unilateral,Bodybuilding
kettlebell-goblet-curtsy-lunge,Kettlebell Goblet Curtsy Lunge,https://youtu.be/863JuZlLiA4?si=Zj6W2E1ana1MwTBv,https://youtu.be/o9dDJfqomhY?si=nZV9tpIyNBei3gUE,Novice,beginner,Quadriceps,Quadriceps Femoris,Gluteus Maximus|Adductor Magnus,Kettlebell,1,,0,Kettlebell,gym,Standing,Double Arm,Continuous,Goblet,Front Rack,Continuous,No Elevation,Single Exercise,Knee Dominant,Frontal Plane,Lower Body,Push,Compound,Unilateral,Bodybuilding
kettlebell-goblet-cyclist-squat,Kettlebell Goblet Cyclist Squat,https://youtu.be/JMGY7iOxEd8?si=VQLmn1jf71I47o_a,,Novice,beginner,Quadriceps,Quadriceps Femoris,Gluteus Maximus|Soleus,Kettlebell,1,Slant Board,1,Kettlebell|Slant Board,gym,Standing,Double Arm,Continuous,Goblet,Front Rack,Continuous,Heels Elevated,Single Exercise,Knee Dominant,Sagittal Plane,Lower Body,Push,Compound,Bilateral,Bodybuilding
kettlebell-goblet-foot-elevated-cossack-squat,Kettlebell Goblet Foot Elevated Cossack Squat,https://youtu.be/fhkFo0BxF5k,,Novice,beginner,Quadriceps,Quadriceps Femoris,Adductor Magnus|Gluteus Maximus,Kettlebell,1,,0,Kettlebell,gym,Standing,Double Arm,Continuous,Goblet,Front Rack,Continuous,Foot Elevated (Lateral),Single Exercise,Knee Dominant,Frontal Plane,Lower Body,Push,Compound,Unilateral,Bodybuilding
kettlebell-goblet-foot-elevated-knee-over-toe-split-squat,Kettlebell Goblet Foot Elevated Knee Over Toe Split Squat,https://youtu.be/JGpJCYbDefo?si=NOFTsBroAKhZtrMl,,Novice,beginner,Quadriceps,Quadriceps Femoris,Gluteus Maximus|Soleus,Kettlebell,1,,0,Kettlebell,gym,Knee Over Toe Split Squat,Double Arm,Continuous,Goblet,Front Rack,Continuous,Foot Elevated (Front),Single Exercise,Knee Dominant,Sagittal Plane,Lower Body,Push,Compound,Unilateral,Bodybuilding
kettlebell-goblet-forward-lunge,Kettlebell Goblet Forward Lunge,https://youtu.be/5zdsUZyVyZU?si=zOn7HfTe53mopVx9,,Novice,beginner,Quadriceps,Quadriceps Femoris,Gluteus Maximus|Biceps Femoris,Kettlebell,1,,0,Kettlebell,gym,Standing,Double Arm,Continuous,Goblet,Front Rack,Continuous,No Elevation,Single Exercise,Knee Dominant,Sagittal Plane,Lower Body,Push,Compound,Unilateral,Bodybuilding
kettlebell-goblet-horse-stance-squat,Kettlebell Goblet Horse Stance Squat,https://youtu.be/ZZ1piVHgy_8?si=I9HrW8xbkLx_UyJS,,Novice,beginner,Quadriceps,Gluteus Maximus,,Kettlebell,1,,0,Kettlebell,gym,Horse Stance,Double Arm,Continuous,Goblet,Front Rack,Continuous,No Elevation,Single Exercise,Knee Dominant,Sagittal Plane,Lower Body,Push,Compound,Bilateral,
kettlebell-goblet-knee-over-toe-split-squat,Kettlebell Goblet Knee Over Toe Split Squat,https://youtu.be/9b4Aatm0Wvo?si=35ADJVaHZbeshP13,,Novice,beginner,Quadriceps,Quadriceps Femoris,Gluteus Maximus|Soleus,Kettlebell,1,,0,Kettlebell,gym,Knee Over Toe Split Squat,Double Arm,Continuous,Goblet,Front Rack,Continuous,No Elevation,Single Exercise,Knee Dominant,Sagittal Plane,Lower Body,Push,Compound,Unilateral,Bodybuilding
kettlebell-goblet-lateral-lunge,Kettlebell Goblet Lateral Lunge,https://youtu.be/kLdLvTsVbeU?si=ncvaPkFaqqmfK76j,https://youtu.be/hD8yDBkMvrY?si=RWCL1eyJbZDxcftm,Novice,beginner,Quadriceps,Quadriceps Femoris,Gluteus Maximus|Adductor Magnus,Kettlebell,1,,0,Kettlebell,gym,Standing,Double Arm,Continuous,Goblet,Front Rack,Continuous,No Elevation,Single Exercise,Knee Dominant,Frontal Plane,Lower Body,Push,Compound,Unilateral,Bodybuilding
kettlebell-goblet-low-switch-cossack-squat,Kettlebell Goblet Low Switch Cossack Squat,https://youtu.be/Eod-qE6O33E?si=6CUX35luY_zr0tT_,,Intermediate,intermediate,Quadriceps,Quadriceps Femoris,Adductor Magnus|Gluteus Maximus,Kettlebell,1,,0,Kettlebell,gym,Standing,Double Arm,Continuous,Goblet,Front Rack,Alternating,No Elevation,Single Exercise,Knee Dominant,Frontal Plane,Lower Body,Push,Compound,Unilateral,Bodybuilding
kettlebell-goblet-march,Kettlebell Goblet March,https://youtu.be/murEjbBNhu4?si=wAJyraPSE67uNMnO,,Novice,beginner,Hip Flexors,Iliopsoas,Rectus Abdominis|Gluteus Medius,Kettlebell,1,,0,Kettlebell,gym,March,Double Arm,Continuous,Goblet,Front Rack,Alternating,No Elevation,Single Exercise,Locomotion,Sagittal Plane,Core,Other,Compound,Unilateral,Balance
kettlebell-goblet-pistol-squat,Kettlebell Goblet Pistol Squat,https://youtu.be/JS5HxlkWZzU?si=gKhPydrLwgHeGTcO,,Advanced,advanced,Quadriceps,Quadriceps Femoris,Gluteus Maximus,Kettlebell,1,,0,Kettlebell,gym,Single Leg Standing,Double Arm,Continuous,Goblet,Front Rack,Continuous,No Elevation,Single Exercise,Knee Dominant,Sagittal Plane,Lower Body,Push,Compound,Unilateral,Balance
kettlebell-goblet-reverse-lunge,Kettlebell Goblet Reverse Lunge,https://youtu.be/s5w0EOsU7e8?si=UCHj4c3UE1LScgnx,,Novice,beginner,Quadriceps,Quadriceps Femoris,Gluteus Maximus|Biceps Femoris,Kettlebell,1,,0,Kettlebell,gym,Standing,Double Arm,Continuous,Goblet,Front Rack,Continuous,No Elevation,Single Exercise,Knee Dominant,Sagittal Plane,Lower Body,Push,Compound,Unilateral,Bodybuilding
kettlebell-goblet-russian-step-up,Kettlebell Goblet Russian Step Up,https://youtu.be/RZsegx5MjMg?si=jrgTO3B_RBqc2Tow,,Novice,beginner,Quadriceps,Quadriceps Femoris,Gluteus Maximus|Iliopsoas,Kettlebell,1,Plyo Box,1,Kettlebell|Plyo Box,gym,Single Leg Standing Bent Knee,Double Arm,Continuous,Goblet,Front Rack,Continuous,Foot Elevated (Front),Single Exercise,Knee Dominant,Sagittal Plane,Lower Body,Push,Compound,Unilateral,Balance
kettlebell-goblet-split-squat,Kettlebell Goblet Split Squat,https://youtu.be/X13mW_a88Hw?si=bAwJPsrYMO6xCJWC,,Novice,beginner,Quadriceps,Quadriceps Femoris,Gluteus Maximus|Biceps Femoris,Kettlebell,1,,0,Kettlebell,gym,Split Squat,Double Arm,Continuous,Goblet,Front Rack,Continuous,No Elevation,Single Exercise,Knee Dominant,Sagittal Plane,Lower Body,Push,Compound,Unilateral,Bodybuilding
kettlebell-goblet-squat,Kettlebell Goblet Squat,https://youtu.be/f-Vf2yRRqOg,https://youtu.be/fnuHKfySEsU,Beginner,beginner,Quadriceps,Quadriceps Femoris,Gluteus Maximus,Kettlebell,1,,0,Kettlebell,gym,Standing,Double Arm,Continuous,Goblet,Front Rack,Continuous,No Elevation,Single Exercise,Knee Dominant,Sagittal Plane,Lower Body,Push,Compound,Bilateral,
kettlebell-goblet-step-up,Kettlebell Goblet Step Up,https://youtu.be/ci0s9-U1S50?si=yYac1epKRR8CESOn,,Novice,beginner,Quadriceps,Quadriceps Femoris,Gluteus Maximus|Biceps Femoris,Kettlebell,1,Plyo Box,1,Kettlebell|Plyo Box,gym,Standing,Double Arm,Continuous,Goblet,Front Rack,Continuous,Foot Elevated (Front),Single Exercise,Knee Dominant,Sagittal Plane,Lower Body,Push,Compound,Unilateral,Bodybuilding
kettlebell-goblet-walking-lunge,Kettlebell Goblet Walking Lunge,https://youtu.be/oV97EckMQlo?si=-UB0G60JaIQ6f-4v,,Novice,beginner,Quadriceps,Quadriceps Femoris,Gluteus Maximus|Biceps Femoris,Kettlebell,1,,0,Kettlebell,gym,Walking,Double Arm,Continuous,Goblet,Front Rack,Alternating,No Elevation,Single Exercise,Knee Dominant,Sagittal Plane,Lower Body,Push,Compound,Unilateral,Bodybuilding
kettlebell-half-kneeling-alternating-halo,Kettlebell Half Kneeling Alternating Halo,https://youtu.be/A2jT86tgnII,,Novice,beginner,Shoulders,Posterior Deltoids,Medial Deltoids,Kettlebell,1,,0,Kettlebell,gym,Half Kneeling,Double Arm,Continuous,Bottoms Up Horn Grip,Other,Continuous,No Elevation,Single Exercise,Rotational,Transverse Plane,Upper Body,Pull,Compound,Unilateral,Mobility
kettlebell-half-kneeling-low-to-high-chop,Kettlebell Half Kneeling Low to High Chop,https://youtu.be/wPXdGwc0NTs,https://youtu.be/exMSeCF3DJg,Intermediate,intermediate,Abdominals,Obliques,Rectus Abdominis,Kettlebell,1,,0,Kettlebell,gym,Half Kneeling,Double Arm,Continuous,Horn Grip,Other,Continuous,No Elevation,Single Exercise,Rotational,Transverse Plane,Core,Other,Compound,Unilateral,
kettlebell-half-kneeling-rotational-swing,Kettlebell Half Kneeling Rotational Swing,https://youtu.be/_ChDukjxUag,,Intermediate,intermediate,Abdominals,Obliques,Rectus Abdominis,Kettlebell,1,,0,Kettlebell,gym,Half Kneeling,Double Arm,Continuous,Pronated,Other,Continuous,No Elevation,Single Exercise,Rotational,Transverse Plane,Full Body,Other,Compound,Unilateral,Ballistics
kettlebell-half-kneeling-swing,Kettlebell Half Kneeling Swing,https://youtu.be/DJJ03oEDJGU?feature=shared,,Intermediate,intermediate,Glutes,Gluteus Maximus,,Kettlebell,1,,0,Kettlebell,gym,Half Kneeling,Double Arm,Continuous,Pronated,Other,Continuous,No Elevation,Single Exercise,Hip Hinge,Sagittal Plane,Full Body,,Compound,Unilateral,Ballistics
kettlebell-horn-grip-alternating-cossack-squat,Kettlebell Horn Grip Alternating Cossack Squat,https://youtu.be/VFFS9y4czO8?si=iICpgUIx3HuQxAXK,,Novice,beginner,Quadriceps,Quadriceps Femoris,Adductor Magnus|Gluteus Maximus,Kettlebell,1,,0,Kettlebell,gym,Standing,Double Arm,Continuous,Horn Grip,Front Rack,Alternating,No Elevation,Single Exercise,Knee Dominant,Frontal Plane,Lower Body,Push,Compound,Unilateral,Bodybuilding
kettlebell-horn-grip-alternating-curtsy-lunge,Kettlebell Horn Grip Alternating Curtsy Lunge,https://youtu.be/0xnBB7_WBpQ?si=DNO9eiIOlnVvq62-,,Novice,beginner,Quadriceps,Quadriceps Femoris,Gluteus Maximus|Adductor Magnus,Kettlebell,1,,0,Kettlebell,gym,Standing,Double Arm,Continuous,Horn Grip,Front Rack,Alternating,No Elevation,Single Exercise,Knee Dominant,Frontal Plane,Lower Body,Push,Compound,Unilateral,Bodybuilding
kettlebell-horn-grip-alternating-forward-lunge,Kettlebell Horn Grip Alternating Forward Lunge,https://youtu.be/fZeR04SyMnM?si=PcC3GMitpRy-d_N5,,Novice,beginner,Quadriceps,Quadriceps Femoris,Gluteus Maximus|Biceps Femoris,Kettlebell,1,,0,Kettlebell,gym,Standing,Double Arm,Continuous,Horn Grip,Front Rack,Alternating,No Elevation,Single Exercise,Knee Dominant,Sagittal Plane,Lower Body,Push,Compound,Unilateral,Bodybuilding
kettlebell-horn-grip-alternating-lateral-lunge,Kettlebell Horn Grip Alternating Lateral Lunge,https://youtu.be/hP0wET7bCog?si=trU9Rde7VACKCuEn,https://youtu.be/cdkgLvRQrds?si=646WtiitsMnlvkeL,Novice,beginner,Quadriceps,Quadriceps Femoris,Gluteus Maximus|Adductor Magnus,Kettlebell,1,,0,Kettlebell,gym,Standing,Double Arm,Continuous,Horn Grip,Front Rack,Alternating,No Elevation,Single Exercise,Knee Dominant,Frontal Plane,Lower Body,Push,Compound,Unilateral,Bodybuilding
kettlebell-horn-grip-alternating-pistol-squat,Kettlebell Horn Grip Alternating Pistol Squat,https://youtu.be/WGCrIXBHteQ?si=lcLSwZ_90St3r6W4,,Advanced,advanced,Quadriceps,Quadriceps Femoris,Gluteus Maximus,Kettlebell,1,,0,Kettlebell,gym,Single Leg Standing,Double Arm,Continuous,Horn Grip,Front Rack,Alternating,No Elevation,Single Exercise,Knee Dominant,Sagittal Plane,Lower Body,Push,Compound,Unilateral,Balance
kettlebell-horn-grip-alternating-reverse-lunge,Kettlebell Horn Grip Alternating Reverse Lunge,https://youtu.be/hn0H9wrT7I0?si=2puOZbS5dzRQTGh6,,Novice,beginner,Quadriceps,Quadriceps Femoris,Gluteus Maximus|Biceps Femoris,Kettlebell,1,,0,Kettlebell,gym,Standing,Double Arm,Continuous,Horn Grip,Front Rack,Alternating,No Elevation,Single Exercise,Knee Dominant,Sagittal Plane,Lower Body,Push,Compound,Unilateral,Bodybuilding
kettlebell-horn-grip-alternating-step-up,Kettlebell Horn Grip Alternating Step Up,https://youtu.be/moDnqcjmUnw?si=2L_tGgiIN_WKjnSh,,Novice,beginner,Quadriceps,Quadriceps Femoris,Gluteus Maximus|Biceps Femoris,Kettlebell,1,Plyo Box,1,Kettlebell|Plyo Box,gym,Standing,Double Arm,Continuous,Horn Grip,Front Rack,Alternating,Foot Elevated (Front),Single Exercise,Knee Dominant,Sagittal Plane,Lower Body,Push,Compound,Unilateral,Bodybuilding
kettlebell-horn-grip-bicep-curl,Kettlebell Horn Grip Bicep Curl,https://youtu.be/YzTfq9VaQKs,https://youtu.be/KLvGXRo56iQ,Novice,beginner,Biceps,Biceps Brachii,Brachialis|Brachioradialis,Kettlebell,1,,0,Kettlebell,gym,Standing,Double Arm,Continuous,Horn Grip,Other,Continuous,No Elevation,Single Exercise,Elbow Flexion,Sagittal Plane,Upper Body,Pull,Isolation,Bilateral,Bodybuilding
kettlebell-horn-grip-bulgarian-split-squat,Kettlebell Horn Grip Bulgarian Split Squat,https://youtu.be/uVDzXg1lrLY?si=qhBp6Nh9qXBsFBEK,,Intermediate,intermediate,Quadriceps,Quadriceps Femoris,Gluteus Maximus|Biceps Femoris,Kettlebell,1,Bench (Flat),1,Kettlebell|Bench (Flat),gym,Single Leg Supported,Double Arm,Continuous,Horn Grip,Front Rack,Continuous,Foot Elevated (Rear),Single Exercise,Knee Dominant,Sagittal Plane,Lower Body,Push,Compound,Unilateral,Bodybuilding
kettlebell-horn-grip-carry,Kettlebell Horn Grip Carry,https://youtu.be/LcF_derN9KA?si=U_Cqiq6zxtQlpRhf,,Novice,beginner,Abdominals,Rectus Abdominis,,Kettlebell,1,,0,Kettlebell,gym,Walking,Double Arm,Continuous,Horn Grip,Front Rack,Alternating,No Elevation,Single Exercise,Loaded Carry,Sagittal Plane,Full Body,Other,Compound,Bilateral,
kettlebell-horn-grip-cossack-squat,Kettlebell Horn Grip Cossack Squat,https://youtu.be/rSaWYv37zzE?si=A1Q8ZZrV4BpY2YTj,,Novice,beginner,Quadriceps,Quadriceps Femoris,Adductor Magnus|Gluteus Maximus,Kettlebell,1,,0,Kettlebell,gym,Standing,Double Arm,Continuous,Horn Grip,Front Rack,Continuous,No Elevation,Single Exercise,Knee Dominant,Frontal Plane,Lower Body,Push,Compound,Unilateral,Bodybuilding
kettlebell-horn-grip-curtsy-lunge,Kettlebell Horn Grip Curtsy Lunge,https://youtu.be/sb9anlSqH6w?feature=shared,,Novice,beginner,Quadriceps,Quadriceps Femoris,Gluteus Maximus|Adductor Magnus,Kettlebell,1,,0,Kettlebell,gym,Standing,Double Arm,Continuous,Horn Grip,Front Rack,Continuous,No Elevation,Single Exercise,Knee Dominant,Frontal Plane,Lower Body,Push,Compound,Unilateral,Bodybuilding
kettlebell-horn-grip-cyclist-squat,Kettlebell Horn Grip Cyclist Squat,https://youtu.be/TysYZ7rKhpM,,Novice,beginner,Quadriceps,Quadriceps Femoris,Gluteus Maximus|Soleus,Kettlebell,1,Slant Board,1,Kettlebell|Slant Board,gym,Standing,Double Arm,Continuous,Horn Grip,Front Rack,Continuous,Heels Elevated,Single Exercise,Knee Dominant,Sagittal Plane,Lower Body,Push,Compound,Bilateral,Bodybuilding
kettlebell-horn-grip-foot-elevated-cossack-squat,Kettlebell Horn Grip Foot Elevated Cossack Squat,https://youtu.be/m7SpIGBcysg?feature=shared,,Novice,beginner,Quadriceps,Quadriceps Femoris,Adductor Magnus|Gluteus Maximus,Kettlebell,1,,0,Kettlebell,gym,Standing,Double Arm,Continuous,Horn Grip,Front Rack,Continuous,Foot Elevated (Lateral),Single Exercise,Knee Dominant,Frontal Plane,Lower Body,Push,Compound,Unilateral,Bodybuilding
kettlebell-horn-grip-forward-lunge,Kettlebell Horn Grip Forward Lunge,https://youtu.be/B2jHsaojI4A?si=t3FbVaw_mjK5VgeG,https://youtu.be/ianXxqc7-dA?si=A-HY3o-soYJxq8A9,Novice,beginner,Quadriceps,Quadriceps Femoris,Gluteus Maximus|Biceps Femoris,Kettlebell,1,,0,Kettlebell,gym,Standing,Double Arm,Continuous,Horn Grip,Front Rack,Continuous,No Elevation,Single Exercise,Knee Dominant,Sagittal Plane,Lower Body,Push,Compound,Unilateral,Bodybuilding
kettlebell-horn-grip-half-kneeling-bicep-curl,Kettlebell Horn Grip Half Kneeling Bicep Curl,https://youtu.be/iwRRckk8aSg?si=JM8g4iDrUB-VdtU4,,Novice,beginner,Biceps,Biceps Brachii,Brachialis|Brachioradialis,Kettlebell,1,,0,Kettlebell,gym,Half Kneeling,Double Arm,Continuous,Horn Grip,Other,Continuous,No Elevation,Single Exercise,Elbow Flexion,Sagittal Plane,Upper Body,Pull,Isolation,Bilateral,Bodybuilding
kettlebell-horn-grip-lateral-lunge,Kettlebell Horn Grip Lateral Lunge,https://youtu.be/rWKbV7s0bhc?si=DBfnajIIdfbAlzNg,https://youtu.be/OLyBsmkkn-8?si=MmGtKt0dLzNU6gv2,Novice,beginner,Quadriceps,Quadriceps Femoris,Gluteus Maximus|Adductor Magnus,Kettlebell,1,,0,Kettlebell,gym,Standing,Double Arm,Continuous,Horn Grip,Front Rack,Continuous,No Elevation,Single Exercise,Knee Dominant,Frontal Plane,Lower Body,Push,Compound,Unilateral,Bodybuilding
kettlebell-horn-grip-march,Kettlebell Horn Grip March,https://youtu.be/sd6bu56nO9A?feature=shared,https://youtu.be/aAFF0WrHnfU?si=UT-K4YyZrGZnIOFT,Novice,beginner,Hip Flexors,Iliopsoas,Rectus Abdominis|Gluteus Medius,Kettlebell,1,,0,Kettlebell,gym,March,Double Arm,Continuous,Horn Grip,Front Rack,Alternating,No Elevation,Single Exercise,Locomotion,Sagittal Plane,Core,Other,Compound,Unilateral,Balance
kettlebell-horn-grip-pistol-squat,Kettlebell Horn Grip Pistol Squat,https://youtu.be/L0S7ATOR1Rw?si=KpjiKwE_QaiTxnfw,,Advanced,advanced,Quadriceps,Quadriceps Femoris,Gluteus Maximus,Kettlebell,1,,0,Kettlebell,gym,Single Leg Standing,Double Arm,Continuous,Horn Grip,Front Rack,Continuous,No Elevation,Single Exercise,Knee Dominant,Sagittal Plane,Lower Body,Push,Compound,Unilateral,Balance
kettlebell-horn-grip-reverse-lunge,Kettlebell Horn Grip Reverse Lunge,https://youtu.be/gWN9epxFqX8?si=h3iRgeFCZgBGHOMT,https://youtu.be/0ScjG-cDVLw?si=wq7juHd9xVil1SB7,Novice,beginner,Quadriceps,Quadriceps Femoris,Gluteus Maximus|Biceps Femoris,Kettlebell,1,,0,Kettlebell,gym,Standing,Double Arm,Continuous,Horn Grip,Front Rack,Continuous,No Elevation,Single Exercise,Knee Dominant,Sagittal Plane,Lower Body,Push,Compound,Unilateral,Bodybuilding
kettlebell-horn-grip-seated-bicep-curl,Kettlebell Horn Grip Seated Bicep Curl,https://youtu.be/8ZojxSRyeSc?si=VyMvt77RkP4-J8_Z,,Novice,beginner,Biceps,Biceps Brachii,Brachialis|Brachioradialis,Kettlebell,1,Bench (Flat),1,Kettlebell|Bench (Flat),gym,Seated,Double Arm,Continuous,Horn Grip,Other,Continuous,No Elevation,Single Exercise,Elbow Flexion,Sagittal Plane,Upper Body,Pull,Isolation,Bilateral,Bodybuilding
kettlebell-horn-grip-skater-squat,Kettlebell Horn Grip Skater Squat,https://youtu.be/q1TuasYdM2M,,Advanced,advanced,Quadriceps,Quadriceps Femoris,Gluteus Maximus,Kettlebell,1,,0,Kettlebell,gym,Single Leg Standing,Double Arm,Continuous,Horn Grip,Front Rack,Continuous,No Elevation,Single Exercise,Knee Dominant,Sagittal Plane,Lower Body,Push,Compound,Unilateral,Balance
kettlebell-horn-grip-split-squat,Kettlebell Horn Grip Split Squat,https://youtu.be/OjBghWkudHk?si=LxwZc1KnuyA20kv-,,Novice,beginner,Quadriceps,Quadriceps Femoris,Gluteus Maximus|Biceps Femoris,Kettlebell,1,,0,Kettlebell,gym,Split Squat,Double Arm,Continuous,Horn Grip,Front Rack,Continuous,No Elevation,Single Exercise,Knee Dominant,Sagittal Plane,Lower Body,Push,Compound,Unilateral,Bodybuilding
kettlebell-horn-grip-squat,Kettlebell Horn Grip Squat,https://youtu.be/1Yw4YA4cwAo?si=fX6SXG6cfeXhhNQ_,https://youtu.be/aNDUbH_Uv4g?si=AB7Gmq6LZkYpb6wp,Beginner,beginner,Quadriceps,Quadriceps Femoris,Gluteus Maximus,Kettlebell,1,,0,Kettlebell,gym,Standing,Double Arm,Continuous,Horn Grip,Front Rack,Continuous,No Elevation,Single Exercise,Knee Dominant,Sagittal Plane,Lower Body,Push,Compound,Bilateral,
kettlebell-horn-grip-step-up,Kettlebell Horn Grip Step Up,https://youtu.be/ciJ8vZIyapM?si=F5Cq1A6IBA0ElWWo,,Novice,beginner,Quadriceps,Quadriceps Femoris,Gluteus Maximus|Biceps Femoris,Kettlebell,1,Plyo Box,1,Kettlebell|Plyo Box,gym,Standing,Double Arm,Continuous,Horn Grip,Front Rack,Continuous,Foot Elevated (Front),Single Exercise,Knee Dominant,Sagittal Plane,Lower Body,Push,Compound,Unilateral,Bodybuilding
kettlebell-horn-grip-tall-kneeling-bicep-curl,Kettlebell Horn Grip Tall Kneeling Bicep Curl,https://youtu.be/tW2C6Lo__Yk?si=Yp5YaQGXIq81DkOp,,Novice,beginner,Biceps,Biceps Brachii,Brachialis|Brachioradialis,Kettlebell,1,,0,Kettlebell,gym,Tall Kneeling,Double Arm,Continuous,Horn Grip,Other,Continuous,No Elevation,Single Exercise,Elbow Flexion,Sagittal Plane,Upper Body,Pull,Isolation,Bilateral,Bodybuilding
kettlebell-horn-grip-walking-lunge,Kettlebell Horn Grip Walking Lunge,https://youtu.be/d7cVOMtyjS8?si=-LwL939gyb_zs3lu,,Novice,beginner,Quadriceps,Quadriceps Femoris,Gluteus Maximus|Biceps Femoris,Kettlebell,1,,0,Kettlebell,gym,Walking,Double Arm,Continuous,Horn Grip,Front Rack,Alternating,No Elevation,Single Exercise,Knee Dominant,Sagittal Plane,Lower Body,Push,Compound,Unilateral,Bodybuilding
kettlebell-isometric-split-squat-low-to-high-chop,Kettlebell Isometric Split Squat Low to High Chop,https://youtu.be/ECAIMMQDUC4?si=WgJIciK_Kd14WYVj,,Advanced,advanced,Abdominals,Obliques,Rectus Abdominis,Kettlebell,1,,0,Kettlebell,gym,Isometric Split Squat,Double Arm,Continuous,Bottoms Up Horn Grip,Other,Continuous,No Elevation,Single Exercise,Rotational,Transverse Plane,Core,Other,Compound,Unilateral,Balance
kettlebell-low-hold-alternating-cossack-squat,Kettlebell Low Hold Alternating Cossack Squat,https://youtu.be/ZclBW2lK-lY?si=fR_4w2NKvW_BzggV,,Novice,beginner,Quadriceps,Quadriceps Femoris,Adductor Magnus|Gluteus Maximus,Kettlebell,1,,0,Kettlebell,gym,Standing,Double Arm,Continuous,Pronated,Low Hold,Alternating,No Elevation,Single Exercise,Knee Dominant,Frontal Plane,Lower Body,Push,Compound,Unilateral,Bodybuilding
kettlebell-low-hold-alternating-lateral-lunge,Kettlebell Low Hold Alternating Lateral Lunge,https://youtu.be/w6vfiCgfbXA?si=RhaJhv_PYjW4LLj5,,Novice,beginner,Quadriceps,Quadriceps Femoris,Gluteus Maximus|Adductor Magnus,Kettlebell,1,,0,Kettlebell,gym,Standing,Double Arm,Continuous,Pronated,Low Hold,Alternating,No Elevation,Single Exercise,Knee Dominant,Frontal Plane,Lower Body,Push,Compound,Unilateral,Bodybuilding
kettlebell-low-hold-cossack-squat,Kettlebell Low Hold Cossack Squat,https://youtu.be/svU3rff73Mo?si=wBPTEMnydOoIKHgd,,Novice,beginner,Quadriceps,Quadriceps Femoris,Adductor Magnus|Gluteus Maximus,Kettlebell,1,,0,Kettlebell,gym,Standing,Double Arm,Continuous,Pronated,Low Hold,Continuous,No Elevation,Single Exercise,Knee Dominant,Frontal Plane,Lower Body,Push,Compound,Unilateral,Bodybuilding
kettlebell-overhead-tricep-extension,Kettlebell Overhead Tricep Extension,https://youtu.be/0eQnBZCrwVM?si=pY5IcCp4BNxSyhZL,https://youtu.be/qS5q6FgddTI?si=Yn8BcKE1sbTlVnQS,Beginner,beginner,Triceps,Triceps Brachii,Anterior Deltoids|Rectus Abdominis,Kettlebell,1,,0,Kettlebell,gym,Standing,Double Arm,Continuous,Horn Grip,Overhead,Continuous,No Elevation,Single Exercise,Elbow Extension,Sagittal Plane,Upper Body,Push,Isolation,Bilateral,Bodybuilding
kettlebell-romanian-deadlift,Kettlebell Romanian Deadlift,https://youtu.be/keiZFdUgvKQ?si=dkMliNkbyV8fodl2,,Beginner,beginner,Hamstrings,Biceps Femoris,Gluteus Maximus|Erector Spinae,Kettlebell,1,,0,Kettlebell,gym,Standing,Double Arm,Continuous,Pronated,Other,Continuous,No Elevation,Single Exercise,Hip Hinge,Sagittal Plane,Lower Body,Pull,Compound,Bilateral,Bodybuilding
kettlebell-russian-twist,Kettlebell Russian Twist,https://youtu.be/59_aq7COfts,https://youtu.be/SigTyTv0TQQ,Novice,beginner,Abdominals,Obliques,Rectus Abdominis|Iliopsoas,Kettlebell,1,,0,Kettlebell,gym,Seated Floor,Double Arm,Continuous,Horn Grip,Other,Continuous,No Elevation,Single Exercise,Rotational,Transverse Plane,Core,Other,Compound,Bilateral,
kettlebell-seated-overhead-tricep-extension,Kettlebell Seated Overhead Tricep Extension,https://youtu.be/bvCa5-w0hvo?si=FdCVlFz1TmRP9LXb,,Beginner,beginner,Triceps,Triceps Brachii,Anterior Deltoids|Rectus Abdominis,Kettlebell,1,Bench (Flat),1,Kettlebell|Bench (Flat),gym,Seated,Double Arm,Continuous,Horn Grip,Overhead,Continuous,No Elevation,Single Exercise,Elbow Extension,Sagittal Plane,Upper Body,Push,Isolation,Bilateral,Bodybuilding
kettlebell-seated-single-leg-tibialis-raise,Kettlebell Seated Single Leg Tibialis Raise,https://youtu.be/kIRvGGD21Zw?si=nBLhNjFMITgsl7fd,,Novice,beginner,Shins,Tibialis Anterior,Extensor Digitorum Longus|Extensor Hallucis Longus,Kettlebell,1,Bench (Flat),1,Kettlebell|Bench (Flat),gym,Seated,No Arms,Continuous,No Grip,Other,Continuous,No Elevation,Single Exercise,Ankle Dorsiflexion,Sagittal Plane,Lower Body,,Isolation,Unilateral,
kettlebell-single-leg-romanian-deadlift,Kettlebell Single Leg Romanian Deadlift,https://youtu.be/wacHvU9ISqQ?si=6Hco-OabboEOEO3N,,Intermediate,intermediate,Hamstrings,Biceps Femoris,Gluteus Maximus|Obliques,Kettlebell,1,,0,Kettlebell,gym,Single Leg Standing,Double Arm,Continuous,Neutral,Other,Continuous,No Elevation,Single Exercise,Hip Hinge,Sagittal Plane,Lower Body,Pull,Compound,Unilateral,Bodybuilding
kettlebell-single-leg-standing-bent-knee-alternating-halo,Kettlebell Single Leg Standing Bent Knee Alternating Halo,https://youtu.be/P8Wv46CjIs4?si=z2T1LOoTqom5vyKi,,Advanced,advanced,Shoulders,Posterior Deltoids,Medial Deltoids,Kettlebell,1,,0,Kettlebell,gym,Single Leg Standing Bent Knee,Double Arm,Continuous,Bottoms Up Horn Grip,Other,Continuous,No Elevation,Single Exercise,Rotational,Transverse Plane,Full Body,Pull,Compound,Unilateral,Balance
kettlebell-single-leg-standing-hip-flexion,Kettlebell Single Leg Standing Hip Flexion,https://youtu.be/djxTlEIJdqc?si=IDadWzv3enNpiltr,,Intermediate,intermediate,Hip Flexors,Iliopsoas,Rectus Femoris,Kettlebell,1,Plyo Box,1,Kettlebell|Plyo Box,gym,Single Leg Standing,No Arms,Continuous,No Grip,Other,Continuous,Foot Elevated,Single Exercise,Hip Flexion,Sagittal Plane,Lower Body,,Compound,Unilateral,
kettlebell-staggered-stance-rotational-swing,Kettlebell Staggered Stance Rotational Swing,https://youtu.be/4SXAEL7ZdSk?feature=shared,,Intermediate,intermediate,Abdominals,Obliques,Rectus Abdominis|Gluteus Maximus,Kettlebell,1,,0,Kettlebell,gym,Staggered Stance,Double Arm,Continuous,Pronated,Other,Continuous,No Elevation,Single Exercise,Rotational,Transverse Plane,Full Body,Other,Compound,Bilateral,
kettlebell-start-stop-swing,Kettlebell Start Stop Swing,https://youtu.be/cZSh_cYNXTw,https://youtu.be/37Dw9RQgh3U,Novice,beginner,Glutes,Gluteus Maximus,,Kettlebell,1,,0,Kettlebell,gym,Standing,Double Arm,Continuous,Pronated,Other,Continuous,No Elevation,Single Exercise,Hip Hinge,Sagittal Plane,Full Body,,Compound,Bilateral,Ballistics
kettlebell-sumo-deadlift,Kettlebell Sumo Deadlift,https://youtu.be/odS65TnXgU0?si=l3QM9Nb4wHNt_JgK,https://youtu.be/yWqIE3v7Rq0?si=4_0xj-bhEgm8WUtF,Beginner,beginner,Back,Latissimus Dorsi,Gluteus Maximus|Biceps Femoris,Kettlebell,1,,0,Kettlebell,gym,Standing,Double Arm,Continuous,Pronated,Other,Continuous,No Elevation,Single Exercise,Hip Hinge,Sagittal Plane,Full Body,Pull,Compound,Bilateral,Bodybuilding
kettlebell-swing,Kettlebell Swing,https://youtu.be/1cVT3ee9mgU,https://youtu.be/Buz6gaVzVZs,Novice,beginner,Glutes,Gluteus Maximus,,Kettlebell,1,,0,Kettlebell,gym,Standing,Double Arm,Continuous,Pronated,Other,Continuous,No Elevation,Single Exercise,Hip Hinge,Sagittal Plane,Full Body,,Compound,Bilateral,Ballistics
kettlebell-tall-kneeling-alternating-halo,Kettlebell Tall Kneeling Alternating Halo,https://youtu.be/9n3nSrJiuFE?si=oGT50V2Fg6jzr5X2,https://youtu.be/FfDy-4HN_PU,Novice,beginner,Shoulders,Posterior Deltoids,Medial Deltoids,Kettlebell,1,,0,Kettlebell,gym,Tall Kneeling,Double Arm,Continuous,Bottoms Up Horn Grip,Other,Continuous,No Elevation,Single Exercise,Rotational,Transverse Plane,Upper Body,Pull,Compound,Bilateral,Mobility
kettlebell-tall-kneeling-alternating-hip-to-halo,Kettlebell Tall Kneeling Alternating Hip to Halo,https://youtu.be/4frRMFUlaFs,,Novice,beginner,Shoulders,Posterior Deltoids,Medial Deltoids,Kettlebell,1,,0,Kettlebell,gym,Tall Kneeling,Double Arm,Continuous,Bottoms Up Horn Grip,Other,Continuous,No Elevation,Single Exercise,Rotational,Transverse Plane,Upper Body,Pull,Compound,Bilateral,Mobility
kettlebell-tall-kneeling-overhead-tricep-extension,Kettlebell Tall Kneeling Overhead Tricep Extension,https://youtu.be/oAaAFOKIojs?si=zUlHomJXt3sLWs_Q,,Beginner,beginner,Triceps,Triceps Brachii,Anterior Deltoids|Rectus Abdominis,Kettlebell,1,,0,Kettlebell,gym,Tall Kneeling,Double Arm,Continuous,Horn Grip,Overhead,Continuous,No Elevation,Single Exercise,Elbow Extension,Sagittal Plane,Upper Body,Push,Isolation,Bilateral,Bodybuilding
landmine-feet-elevated-russian-twist,Landmine Feet Elevated Russian Twist,https://youtu.be/Zb-l68-4KFM,,Intermediate,intermediate,Abdominals,Obliques,Rectus Abdominis|Iliopsoas,Landmine,1,,0,Landmine,gym,Seated Floor,Double Arm,Continuous,Neutral,Other,Continuous,No Elevation,Single Exercise,Rotational,Transverse Plane,Core,Other,Compound,Bilateral,
landmine-goblet-alternating-cossack-squat,Landmine Goblet Alternating Cossack Squat,https://youtu.be/N549md2Wu2A,,Intermediate,intermediate,Quadriceps,Quadriceps Femoris,Adductor Magnus|Gluteus Maximus,Landmine,1,,0,Landmine,gym,Standing,Double Arm,Continuous,Goblet,Front Rack,Alternating,No Elevation,Single Exercise,Knee Dominant,Frontal Plane,Lower Body,Push,Compound,Unilateral,Bodybuilding
landmine-goblet-alternating-curtsy-lunge,Landmine Goblet Alternating Curtsy Lunge,https://youtu.be/XLnOFLtWCaU?feature=shared,,Intermediate,intermediate,Quadriceps,Quadriceps Femoris,Gluteus Maximus|Adductor Magnus,Landmine,1,,0,Landmine,gym,Standing,Double Arm,Continuous,Goblet,Front Rack,Alternating,No Elevation,Single Exercise,Knee Dominant,Frontal Plane,Lower Body,Push,Compound,Unilateral,Bodybuilding
landmine-goblet-alternating-lateral-lunge,Landmine Goblet Alternating Lateral Lunge,https://youtu.be/-hWgE1P2aAA?si=7mOaE_-aBxpQNBSX,,Novice,beginner,Quadriceps,Quadriceps Femoris,Gluteus Maximus|Adductor Magnus,Landmine,1,,0,Landmine,gym,Standing,Double Arm,Continuous,Goblet,Front Rack,Alternating,No Elevation,Single Exercise,Knee Dominant,Frontal Plane,Lower Body,Push,Compound,Unilateral,Bodybuilding
landmine-goblet-alternating-reverse-lunge,Landmine Goblet Alternating Reverse Lunge,https://youtu.be/VI0GDe_doBk?si=U14f8Dk6Ly1aMzBr,,Novice,beginner,Quadriceps,Quadriceps Femoris,Gluteus Maximus|Biceps Femoris,Landmine,1,,0,Landmine,gym,Standing,Double Arm,Continuous,Goblet,Front Rack,Alternating,No Elevation,Single Exercise,Knee Dominant,Sagittal Plane,Lower Body,Push,Compound,Unilateral,Bodybuilding
landmine-goblet-bulgarian-split-squat,Landmine Goblet Bulgarian Split Squat,https://youtu.be/Xv7xtX-iHXw?si=Tr0jv2-w6qpFctJh,https://youtu.be/ablOuQIMktw?si=ziNtqS0vfEsi2I_t,Intermediate,intermediate,Quadriceps,Quadriceps Femoris,Gluteus Maximus|Biceps Femoris,Landmine,1,Bench (Flat),1,Landmine|Bench (Flat),gym,Single Leg Supported,Double Arm,Continuous,Goblet,Front Rack,Continuous,Foot Elevated (Rear),Single Exercise,Knee Dominant,Sagittal Plane,Lower Body,Push,Compound,Unilateral,Bodybuilding
landmine-goblet-cossack-squat,Landmine Goblet Cossack Squat,https://youtu.be/DYVAGWST-E8?si=NbgYbTD-kINhnv6a,,Intermediate,intermediate,Quadriceps,Quadriceps Femoris,Adductor Magnus|Gluteus Maximus,Landmine,1,,0,Landmine,gym,Standing,Double Arm,Continuous,Goblet,Front Rack,Continuous,No Elevation,Single Exercise,Knee Dominant,Frontal Plane,Lower Body,Push,Compound,Unilateral,Bodybuilding
landmine-goblet-cyclist-squat,Landmine Goblet Cyclist Squat,https://youtu.be/MeBEmS3QRjE?si=lZ0o-kYlVdKtkDqe,,Novice,beginner,Quadriceps,Quadriceps Femoris,Gluteus Maximus|Soleus,Landmine,1,Slant Board,1,Landmine|Slant Board,gym,Standing,Double Arm,Continuous,Goblet,Front Rack,Continuous,Heels Elevated,Single Exercise,Knee Dominant,Sagittal Plane,Lower Body,Push,Compound,Bilateral,Bodybuilding
landmine-goblet-march,Landmine Goblet March,https://youtu.be/OW3qG0eSgK4?si=ilF_TQTIcKH04qVz,,Novice,beginner,Hip Flexors,Iliopsoas,Rectus Abdominis|Gluteus Medius,Landmine,1,,0,Landmine,gym,March,Double Arm,Continuous,Goblet,Front Rack,Alternating,No Elevation,Single Exercise,Locomotion,Sagittal Plane,Core,Other,Compound,Unilateral,Balance
landmine-goblet-split-squat,Landmine Goblet Split Squat,https://youtu.be/IfR7ezW6Oxc?si=-Zb29PMa_gZ8yJr9,https://youtu.be/pUlZP43RYI0?feature=shared,Novice,beginner,Quadriceps,Quadriceps Femoris,Gluteus Maximus|Biceps Femoris,Landmine,1,,0,Landmine,gym,Split Squat,Double Arm,Continuous,Goblet,Front Rack,Continuous,No Elevation,Single Exercise,Knee Dominant,Sagittal Plane,Lower Body,Push,Compound,Unilateral,Bodybuilding
landmine-goblet-squat,Landmine Goblet Squat,https://youtu.be/oTRl7p13XtY,https://youtu.be/qigKC-U81Z4,Novice,beginner,Quadriceps,Quadriceps Femoris,Gluteus Maximus,Landmine,1,,0,Landmine,gym,Standing,Double Arm,Continuous,Goblet,Front Rack,Continuous,No Elevation,Single Exercise,Knee Dominant,Sagittal Plane,Lower Body,Push,Compound,Bilateral,Bodybuilding
landmine-half-kneeling-oblique-twist,Landmine Half Kneeling Oblique Twist,https://youtu.be/HGzu8tvh79U,,Intermediate,intermediate,Abdominals,Obliques,,Landmine,1,,0,Landmine,gym,Half Kneeling,Double Arm,Continuous,Neutral,Other,Continuous,No Elevation,Single Exercise,Rotational,Transverse Plane,Core,Other,Compound,Bilateral,
landmine-kneeling-rollout,Landmine Kneeling Rollout,https://youtu.be/2ANZ7BhSH4Y?si=3LCewsDbR_PJEwYi,https://youtu.be/ZQ22BA3U1A8?si=0-aMqL6QnZHVb2AD,Intermediate,intermediate,Abdominals,Rectus Abdominis,Obliques|Latissimus Dorsi,Landmine,1,,0,Landmine,gym,Kneeling,Double Arm,Continuous,Pronated,Other,Continuous,No Elevation,Single Exercise,Anti-Extension,Sagittal Plane,Core,Other,Compound,Bilateral,
landmine-low-hold-alternating-cossack-squat,Landmine Low Hold Alternating Cossack Squat,https://youtu.be/PnBI0wLBZIg,,Intermediate,intermediate,Quadriceps,Quadriceps Femoris,Adductor Magnus|Gluteus Maximus,Landmine,1,,0,Landmine,gym,Standing,Double Arm,Continuous,Neutral,Low Hold,Alternating,No Elevation,Single Exercise,Knee Dominant,Frontal Plane,Lower Body,Push,Compound,Unilateral,Bodybuilding
landmine-low-hold-lateral-lunge,Landmine Low Hold Lateral Lunge,https://youtu.be/VTtLrBvHoJ8,,Novice,beginner,Quadriceps,Quadriceps Femoris,Gluteus Maximus|Adductor Magnus,Landmine,1,,0,Landmine,gym,Standing,Double Arm,Continuous,Neutral,Low Hold,Continuous,No Elevation,Single Exercise,Knee Dominant,Frontal Plane,Lower Body,Push,Compound,Unilateral,
landmine-overhead-march,Landmine Overhead March,https://youtu.be/019lukD1BrU?si=Z3NYagSLu7vpxllW,https://youtu.be/_iPceq-DawY?si=hEzoq92VoPNx4eVr,Intermediate,intermediate,Hip Flexors,Iliopsoas,Rectus Abdominis|Gluteus Medius,Landmine,1,,0,Landmine,gym,March,Double Arm,Continuous,Neutral,Overhead,Alternating,No Elevation,Single Exercise,Locomotion,Sagittal Plane,Core,Other,Compound,Unilateral,Balance
landmine-pivot-split-squat,Landmine Pivot Split Squat,https://youtu.be/zBGaxRD-_UQ?si=vN7hcMF7S4eYQB1u,,Intermediate,intermediate,Quadriceps,Quadriceps Femoris,Gluteus Maximus|Adductor Magnus,Landmine,1,,0,Landmine,gym,Split Squat,Double Arm,Continuous,Neutral,Other,Alternating,No Elevation,Single Exercise,Rotational|Knee Dominant,Transverse Plane,Lower Body,Push,Compound,Unilateral,Bodybuilding
landmine-romanian-deadlift,Landmine Romanian Deadlift,https://youtu.be/x5wWyQ-2k2E?feature=shared,https://youtu.be/Xv2rjss2fns,Novice,beginner,Hamstrings,Biceps Femoris,Gluteus Maximus|Erector Spinae,Landmine,1,,0,Landmine,gym,Standing,Double Arm,Continuous,Neutral,Other,Continuous,No Elevation,Single Exercise,Hip Hinge,Sagittal Plane,Lower Body,,Compound,Bilateral,Bodybuilding
landmine-russian-twist,Landmine Russian Twist,https://youtu.be/OyKu-DvXxAc?feature=shared,,Novice,beginner,Abdominals,Obliques,Rectus Abdominis|Iliopsoas,Landmine,1,,0,Landmine,gym,Seated Floor,Double Arm,Continuous,Neutral,Other,Continuous,No Elevation,Single Exercise,Rotational,Transverse Plane,Core,Other,Compound,Bilateral,
landmine-standing-oblique-twist,Landmine Standing Oblique Twist,https://youtu.be/4dGj7rES9pY,https://youtu.be/TynRdGZTtE0,Intermediate,intermediate,Abdominals,Obliques,,Landmine,1,,0,Landmine,gym,Standing,Double Arm,Continuous,Neutral,Other,Continuous,No Elevation,Single Exercise,Rotational,Transverse Plane,Core,Other,Compound,Bilateral,
landmine-standing-rollout,Landmine Standing Rollout,https://youtu.be/MOS9lnGCnqM?si=4svtReY62yrKd7qk,,Advanced,advanced,Abdominals,Rectus Abdominis,Obliques|Latissimus Dorsi,Landmine,1,,0,Landmine,gym,Standing,Double Arm,Continuous,Pronated,Other,Continuous,No Elevation,Single Exercise,Anti-Extension,Sagittal Plane,Core,Other,Compound,Bilateral,
landmine-tall-kneeling-oblique-twist,Landmine Tall Kneeling Oblique Twist,https://youtu.be/OCMcVEdK5vw,https://youtu.be/KBfH1pPou6o,Intermediate,intermediate,Abdominals,Obliques,Rectus Abdominis,Landmine,1,,0,Landmine,gym,Tall Kneeling,Double Arm,Continuous,Neutral,Other,Continuous,No Elevation,Single Exercise,Rotational,Transverse Plane,Core,Other,Compound,Bilateral,
landmine-thruster,Landmine Thruster,https://youtu.be/jLvQenjeus8,https://youtu.be/9f0TrDK9hFY,Novice,beginner,Quadriceps,Quadriceps Femoris,Anterior Deltoids,Landmine,1,,0,Landmine,gym,Standing,Double Arm,Continuous,Neutral,Overhead,Continuous,No Elevation,Single Exercise,Knee Dominant|Vertical Push,Sagittal Plane,Full Body,Push,Compound,Bilateral,Bodybuilding
landmine-v-grip-row,Landmine V Grip Row,https://youtu.be/gnikveF7dgI,https://youtu.be/9hSQVBHLOX0?si=7vUXasQb6975_SHL,Novice,beginner,Back,Latissimus Dorsi,,Landmine,1,,0,Landmine,gym,Standing,Double Arm,Continuous,Neutral,Other,Continuous,No Elevation,Single Exercise,Horizontal Pull,Sagittal Plane,Upper Body,Pull,Compound,Bilateral,Bodybuilding
landmine-v-grip-tall-kneeling-chest-press,Landmine V Grip Tall Kneeling Chest Press,https://youtu.be/FFWOG7Xk5RE?si=JwIHWZtHK6_oDHhQ,,Intermediate,intermediate,Chest,Pectoralis Major,Triceps Brachii,Landmine,1,,0,Landmine,gym,Tall Kneeling,Double Arm,Continuous,Neutral,Front Rack,Continuous,No Elevation,Single Exercise,Horizontal Push,Sagittal Plane,Upper Body,Push,Compound,Bilateral,Bodybuilding
landmine-zercher-curtsy-lunge,Landmine Zercher Curtsy Lunge,https://youtu.be/e7jkuKuWcZ0,,Intermediate,intermediate,Quadriceps,Quadriceps Femoris,Gluteus Maximus|Adductor Magnus,Landmine,1,,0,Landmine,gym,Standing,Double Arm,Continuous,No Grip,Zercher,Continuous,No Elevation,Single Exercise,Knee Dominant,Frontal Plane,Lower Body,Push,Compound,Unilateral,Bodybuilding
landmine-zercher-skater-squat,Landmine Zercher Skater Squat,https://youtu.be/avCA3xXb9hg,,Intermediate,intermediate,Quadriceps,Quadriceps Femoris,Gluteus Maximus,Landmine,1,,0,Landmine,gym,Single Leg Standing,Double Arm,Continuous,No Grip,Zercher,Continuous,No Elevation,Single Exercise,Knee Dominant,Sagittal Plane,Lower Body,Push,Compound,Unilateral,Balance
macebell-10-to-2,Macebell 10 to 2,https://youtu.be/6FjCQJRBNlo?si=RBXNRNqOkwVOMCGq,,Intermediate,intermediate,Shoulders,Posterior Deltoids,Rectus Abdominis,Macebell,1,,0,Macebell,gym,Standing,Double Arm,Continuous,Neutral,Behind Back,Continuous,No Elevation,Single Exercise,Rotational,Transverse Plane,Upper Body,Pull,Compound,Bilateral,Ballistics
macebell-360,Macebell 360,https://youtu.be/WMog8YuuVaM?si=WsH2sh1FFH3SBamT,,Intermediate,intermediate,Shoulders,Posterior Deltoids,Rectus Abdominis,Macebell,1,,0,Macebell,gym,Standing,Double Arm,Continuous,Neutral,Behind Back,Continuous,No Elevation,Single Exercise,Rotational,Transverse Plane,Upper Body,Pull,Compound,Bilateral,Ballistics
macebell-alternating-360-to-ballistic-curl,Macebell Alternating 360 to Ballistic Curl,https://youtu.be/dAeNDa33dCg?si=DOdJKyHWeDTnUFjC,,Intermediate,intermediate,Shoulders,Posterior Deltoids,Biceps Brachii|Rectus Abdominis,Macebell,1,,0,Macebell,gym,Standing,Double Arm,Continuous,Neutral,Behind Back,Continuous,No Elevation,Combo Exercise,Rotational,Transverse Plane,Upper Body,Pull,Compound,Bilateral,Ballistics
macebell-alternating-360-to-pivot-split-squat-uppercut,Macebell Alternating 360 to Pivot Split Squat Uppercut,https://youtu.be/zbJBaxCypSQ?si=93h4TqDxZreFns6w,,Advanced,advanced,Shoulders,Posterior Deltoids,Quadriceps Femoris|Gluteus Maximus,Macebell,1,,0,Macebell,gym,Split Squat,Double Arm,Continuous,Neutral,Behind Back,Alternating,No Elevation,Combo Exercise,Rotational,Transverse Plane,Upper Body,Pull,Compound,Bilateral,Ballistics
macebell-ballistic-curl,Macebell Ballistic Curl,https://youtu.be/e8aZdfRK4FE?si=VtO52sSIMj0T-KCF,,Novice,beginner,Biceps,Biceps Brachii,,Macebell,1,,0,Macebell,gym,Standing,Double Arm,Alternating,Mixed Grip,Other,Continuous,No Elevation,Single Exercise,,Transverse Plane,Upper Body,Pull,Compound,Bilateral,Ballistics
macebell-barbarian-squat,Macebell Barbarian Squat,https://youtu.be/Gj3ancpDFKU?si=TKfk3RmqTwztmb1j,,Novice,beginner,Quadriceps,Quadriceps Femoris,Posterior Deltoids,Macebell,1,,0,Macebell,gym,Standing,Double Arm,Continuous,Neutral,Overhead,Continuous,No Elevation,Single Exercise,Knee Dominant,Sagittal Plane,Full Body,Push & Pull,Compound,Bilateral,
macebell-battle-lunge,Macebell Battle Lunge,https://youtu.be/ZJ95ZoB0ZXY?si=pipbT6H4SgqjMWv0,https://youtu.be/a_24IRg2EcM?si=kjDi5i8SYvLLB0JG,Intermediate,intermediate,Quadriceps,Quadriceps Femoris,Gluteus Maximus|Obliques,Macebell,1,,0,Macebell,gym,Standing,Double Arm,Continuous,Neutral,Other,Continuous,No Elevation,Combo Exercise,Rotational|Knee Dominant,Transverse Plane|Sagittal Plane,Full Body,,Compound,Unilateral,
macebell-half-battle-lunge,Macebell Half Battle Lunge,https://youtu.be/UNgnGEswyR4?si=oWVFZerU0mt-Io9N,https://youtu.be/sntznDD9mKQ?si=agR7P_HTvfa3w_0h,Intermediate,intermediate,Quadriceps,Quadriceps Femoris,Gluteus Maximus|Obliques,Macebell,1,,0,Macebell,gym,Standing,Double Arm,Continuous,Neutral,Other,Continuous,No Elevation,Combo Exercise,Rotational|Knee Dominant,Transverse Plane|Sagittal Plane,Full Body,,Compound,Unilateral,
macebell-offset-bent-over-row,Macebell Offset Bent Over Row,https://youtu.be/OXl94TQd_vw?si=AMXpvOM-H382GJoz,https://youtu.be/B5HzEBCUYTA?si=qThbbgj9xsDEnoRy,Novice,beginner,Back,Latissimus Dorsi,Rhomboids|Posterior Deltoids,Macebell,1,,0,Macebell,gym,Standing,Double Arm,Continuous,Pronated,Other,Continuous,No Elevation,Single Exercise,Horizontal Pull|Anti-Lateral Flexion,Sagittal Plane,Upper Body,Pull,Compound,Bilateral,Bodybuilding
macebell-offset-bicep-curl,Macebell Offset Bicep Curl,https://youtu.be/xkyQtEH8fxM?si=Zh1mTKcYEFs382Sk,https://youtu.be/gdxekHuSe_A?si=TGhgI374D-OSzyyz,Novice,beginner,Biceps,Biceps Brachii,Brachialis|Brachioradialis,Macebell,1,,0,Macebell,gym,Standing,Double Arm,Continuous,Supinated,Other,Continuous,No Elevation,Single Exercise,Elbow Flexion,Sagittal Plane,Upper Body,Pull,Isolation,Bilateral,Bodybuilding
macebell-offset-overhead-press,Macebell Offset Overhead Press,https://youtu.be/aOIjzeK24fY?si=HuhPoFZBScLorUuf,,Intermediate,intermediate,Shoulders,Anterior Deltoids,Triceps Brachii,Macebell,1,,0,Macebell,gym,Standing,Double Arm,Continuous,Pronated,Overhead,Continuous,No Elevation,Single Exercise,Vertical Push|Anti-Lateral Flexion,Sagittal Plane,Upper Body,Push,Compound,Bilateral,
macebell-offset-thruster,Macebell Offset Thruster,https://youtu.be/yeaFdnu5pls?si=N1yYEQFwZfUlKLMg,,Intermediate,intermediate,Quadriceps,Quadriceps Femoris,Anterior Deltoids,Macebell,1,,0,Macebell,gym,Standing,Double Arm,Continuous,Pronated,Overhead,Continuous,No Elevation,Single Exercise,Knee Dominant|Vertical Push|Anti-Lateral Flexion,Sagittal Plane,Full Body,Push,Compound,Bilateral,Bodybuilding
macebell-reverse-grip-offset-bent-over-row,Macebell Reverse Grip Offset Bent Over Row,https://youtu.be/igNnqZZ69JM?si=xaqrnAFrW4r7NuVR,,Novice,beginner,Back,Latissimus Dorsi,Rhomboids|Posterior Deltoids,Macebell,1,,0,Macebell,gym,Standing,Double Arm,Continuous,Supinated,Other,Continuous,No Elevation,Single Exercise,Horizontal Pull|Anti-Lateral Flexion,Sagittal Plane,Upper Body,Pull,Compound,Bilateral,Bodybuilding
macebell-single-leg-offset-bent-over-row,Macebell Single Leg Offset Bent Over Row,https://youtu.be/xpa6f9sJmiQ?si=gJH8lq53_OwgQY8F,,Intermediate,intermediate,Back,Latissimus Dorsi,Rhomboids|Posterior Deltoids,Macebell,1,,0,Macebell,gym,Single Leg Standing,Double Arm,Continuous,Pronated,Other,Continuous,No Elevation,Single Exercise,Horizontal Pull|Anti-Lateral Flexion,Sagittal Plane,Upper Body,Pull,Compound,Unilateral,Bodybuilding
medicine-ball-alternating-single-leg-v-up-pass-through,Medicine Ball Alternating Single Leg V Up Pass Through,https://youtu.be/CB6AROCPwm4?si=cG6vqjgcH__bn9KN,,Intermediate,intermediate,Abdominals,Rectus Abdominis,Iliopsoas|Obliques,Medicine Ball,1,,0,Medicine Ball,gym,Supine,Single Arm,Alternating,Neutral,Other,Alternating,No Elevation,Single Exercise,Spinal Flexion,Sagittal Plane,Core,Other,Compound,Unilateral,
medicine-ball-feet-elevated-russian-twist,Medicine Ball Feet Elevated Russian Twist,https://youtu.be/IdEocZzdUNY,,Novice,beginner,Abdominals,Obliques,Rectus Abdominis|Iliopsoas,Medicine Ball,1,,0,Medicine Ball,gym,Seated Floor,Double Arm,Continuous,Neutral,Other,Continuous,No Elevation,Single Exercise,Rotational,Transverse Plane,Core,Other,Compound,Bilateral,
medicine-ball-half-kneeling-low-to-high-chop,Medicine Ball Half Kneeling Low to High Chop,https://youtu.be/CWwVvvgiwxQ?si=16DmFUoBfHBpmKm_,https://youtu.be/jGz4Re9ZSlM?si=C7MgBmsGlTm85eVC,Intermediate,intermediate,Abdominals,Obliques,Rectus Abdominis,Medicine Ball,1,,0,Medicine Ball,gym,Half Kneeling,Double Arm,Continuous,Neutral,Other,Continuous,No Elevation,Single Exercise,Rotational,Transverse Plane,Core,Other,Compound,Unilateral,
medicine-ball-otis-up,Medicine Ball Otis Up,https://youtu.be/b-06cnxJ2YY?si=wCCcWK7wyR8RgwCV,,Novice,beginner,Abdominals,Rectus Abdominis,Iliopsoas|Obliques,Medicine Ball,1,,0,Medicine Ball,gym,Supine,Double Arm,Continuous,Neutral,Overhead,Continuous,No Elevation,Single Exercise,Spinal Flexion,Sagittal Plane,Core,Other,Compound,Bilateral,
medicine-ball-russian-twist,Medicine Ball Russian Twist,https://youtu.be/vT8p57mXVDo?feature=shared,https://youtu.be/5BF32n07JBY,Novice,beginner,Abdominals,Obliques,Rectus Abdominis|Iliopsoas,Medicine Ball,1,,0,Medicine Ball,gym,Seated Floor,Double Arm,Continuous,Neutral,Other,Continuous,No Elevation,Single Exercise,Rotational,Transverse Plane,Core,Other,Compound,Bilateral,
medicine-ball-v-up,Medicine Ball V Up,https://youtu.be/E0WFCTnN728?si=YvTVZvOCRm_hjh2B,https://youtu.be/7MY2agzydDw,Novice,beginner,Abdominals,Rectus Abdominis,Iliopsoas|Obliques,Medicine Ball,1,,0,Medicine Ball,gym,Supine,Double Arm,Continuous,Neutral,Other,Continuous,No Elevation,Single Exercise,Spinal Flexion,Sagittal Plane,Core,Other,Compound,Bilateral,
miniband-3-way-cha-cha,Miniband 3 Way Cha Cha,https://youtu.be/3SOcMYQWbDU,,Beginner,beginner,Abductors,Gluteus Medius,Gluteus Minimus|Tensor Fasciae Latae,Miniband,1,,0,Miniband,bands|gym,Standing,No Arms,Continuous,No Grip,No Load,Continuous,No Elevation,Single Exercise,Hip Abduction|Hip Extension,Frontal Plane,Lower Body,Other,Compound,Unilateral,Bodybuilding
miniband-ankle-in-and-out-squat-jump,Miniband Ankle In and Out Squat Jump,https://youtu.be/DUf4-qvOroU?si=LFkNn97WQn5oz1m6,https://youtu.be/Pel6_WkinfE?si=Oki7JKFarr4nz1jL,Intermediate,intermediate,Abductors,Gluteus Medius,Gluteus Minimus|Quadriceps Femoris,Miniband,1,,0,Miniband,bands|gym,Standing,No Arms,Continuous,No Grip,No Load,Continuous,No Elevation,Single Exercise,Hip Abduction|Knee Dominant,Frontal Plane|Sagittal Plane,Lower Body,Push,Compound,Bilateral,Plyometric
miniband-ankle-lateral-walk,Miniband Ankle Lateral Walk,https://youtu.be/N4tkpDMlqCQ,https://youtu.be/mKCe63bpPxA,Novice,beginner,Abductors,Gluteus Medius,Gluteus Minimus|Tensor Fasciae Latae,Miniband,1,,0,Miniband,bands|gym,Walking,No Arms,Continuous,No Grip,No Load,Continuous,No Elevation,Single Exercise,Hip Abduction,Frontal Plane,Lower Body,Other,Compound,Unilateral,Bodybuilding
miniband-ankle-monster-walk,Miniband Ankle Monster Walk,https://youtu.be/PlktrKgFcT0?si=O4YEDtcE-rMg5fLn,,Novice,beginner,Abductors,Gluteus Medius,Gluteus Minimus|Tensor Fasciae Latae,Miniband,1,,0,Miniband,bands|gym,Walking,No Arms,Continuous,No Grip,No Load,Alternating,No Elevation,Single Exercise,Hip Abduction,Transverse Plane,Lower Body,Other,Compound,Unilateral,Bodybuilding
miniband-ankle-side-lying-hip-abduction,Miniband Ankle Side Lying Hip Abduction,https://youtu.be/bDvFd4EZt8M,,Beginner,beginner,Abductors,Gluteus Medius,Gluteus Minimus|Tensor Fasciae Latae,Miniband,1,,0,Miniband,bands|gym,Side Lying,No Arms,Continuous,No Grip,No Load,Continuous,No Elevation,Single Exercise,Hip Abduction,Frontal Plane,Lower Body,Other,Isolation,Unilateral,Bodybuilding
miniband-bench-seated-hip-abduction,Miniband Bench Seated Hip Abduction,https://youtu.be/NeO0w4Jv4rs?si=zFKHnPvts0-arQgk,,Beginner,beginner,Abductors,Gluteus Medius,Gluteus Minimus|Tensor Fasciae Latae,Miniband,1,Bench (Flat),1,Miniband|Bench (Flat),bands|gym,Seated,No Arms,Continuous,No Grip,No Load,Continuous,No Elevation,Single Exercise,Hip Abduction,Transverse Plane,Lower Body,Other,Isolation,Bilateral,Bodybuilding
miniband-bicycle-crunch,Miniband Bicycle Crunch,https://youtu.be/q_c5MFYuza4,https://youtu.be/i5hJzH1AhRw,Novice,beginner,Abdominals,Obliques,Rectus Abdominis,Miniband,1,,0,Miniband,bands|gym,Supine,No Arms,Alternating,Head Supported,No Load,Alternating,No Elevation,Single Exercise,Rotational,Transverse Plane,Core,Other,Compound,Unilateral,
miniband-dead-bug,Miniband Dead Bug,https://youtu.be/hSVxpNktAZ4?si=X2QXPPV90G-NjXyx,,Novice,beginner,Abdominals,Rectus Abdominis,Obliques|Rectus Femoris,Miniband,1,,0,Miniband,bands|gym,Supine,Double Arm,Alternating,No Grip,No Load,Alternating,No Elevation,Single Exercise,Anti-Extension,Sagittal Plane,Core,Other,Compound,Contralateral,Postural
miniband-feet-elevated-frog-pump,Miniband Feet Elevated Frog Pump,https://youtu.be/B1brbzxGCqM?si=OdHzF3vTHn2YmADJ,,Novice,beginner,Glutes,Gluteus Maximus,Biceps Femoris|Adductor Magnus,Miniband,1,Bench (Flat),1,Miniband|Bench (Flat),bands|gym,Bridge,No Arms,Continuous,No Grip,No Load,Continuous,Feet Elevated,Single Exercise,Hip Extension,Sagittal Plane,Lower Body,,Compound,Bilateral,Bodybuilding
miniband-feet-elevated-glute-bridge,Miniband Feet Elevated Glute Bridge,https://youtu.be/hKUOvDXVREw?si=RIjR5zIo0hOuYfY0,https://youtu.be/f_bOTuS8P2g?si=EH_ss7eAKpSH5qYG,Novice,beginner,Glutes,Gluteus Maximus,Biceps Femoris|Erector Spinae,Miniband,1,Bench (Flat),1,Miniband|Bench (Flat),bands|gym,Bridge,No Arms,Continuous,No Grip,No Load,Continuous,Feet Elevated,Single Exercise,Hip Extension,Sagittal Plane,Lower Body,,Compound,Bilateral,Bodybuilding
miniband-feet-lateral-walk,Miniband Feet Lateral Walk,https://youtu.be/GxqfnFHLH6c,https://youtu.be/5wUk8wQNUT8,Intermediate,intermediate,Abductors,Gluteus Medius,Gluteus Minimus|Tensor Fasciae Latae,Miniband,1,,0,Miniband,bands|gym,Walking,No Arms,Continuous,No Grip,No Load,Continuous,No Elevation,Single Exercise,Hip Abduction,Frontal Plane,Lower Body,Other,Compound,Unilateral,Bodybuilding
miniband-fire-hydrant,Miniband Fire Hydrant,https://youtu.be/gnzypKUFU6Y,,Beginner,beginner,Glutes,Gluteus Maximus,Gluteus Medius|Gluteus Minimus,Miniband,1,,0,Miniband,bands|gym,Quadruped,No Arms,Continuous,Flat Palm,No Load,Continuous,No Elevation,Single Exercise,Hip External Rotation,Transverse Plane,Lower Body,Other,Isolation,Unilateral,Bodybuilding
miniband-frog-pump,Miniband Frog Pump,https://youtu.be/rzjQ8XpXt1Q,https://youtu.be/GLF9UVx0nPw,Beginner,beginner,Glutes,Gluteus Maximus,Biceps Femoris|Adductor Magnus,Miniband,1,,0,Miniband,bands|gym,Bridge,No Arms,Continuous,No Grip,No Load,Continuous,No Elevation,Single Exercise,Hip Extension,Sagittal Plane,Lower Body,,Compound,Bilateral,Bodybuilding
miniband-glute-bridge,Miniband Glute Bridge,https://youtu.be/Zr2RLjIjCN0?si=CFxCFwgSlgd_2sCv,,Beginner,beginner,Glutes,Gluteus Maximus,Gluteus Medius|Gluteus Minimus,Miniband,1,,0,Miniband,bands|gym,Bridge,No Arms,Continuous,No Grip,No Load,Continuous,No Elevation,Single Exercise,Hip Extension,Sagittal Plane,Lower Body,,Compound,Bilateral,Bodybuilding
miniband-glute-bridge-hip-abduction,Miniband Glute Bridge Hip Abduction,https://youtu.be/oS3cYfl6Bns,,Beginner,beginner,Glutes,Gluteus Maximus,Gluteus Medius,Miniband,1,,0,Miniband,bands|gym,Bridge,No Arms,Continuous,No Grip,No Load,Continuous,No Elevation,Single Exercise,Hip Extension|Hip Abduction,Sagittal Plane|Transverse Plane,Lower Body,Other,Compound,Bilateral,Bodybuilding
miniband-hip-thrust,Miniband Hip Thrust,https://youtu.be/GMoIkfo2nP4?si=IB4Q_47E137Hsx_H,,Beginner,beginner,Glutes,Gluteus Maximus,Biceps Femoris|Quadriceps Femoris,Miniband,1,Bench (Flat),1,Miniband|Bench (Flat),bands|gym,Bridge,No Arms,Continuous,No Grip,No Load,Continuous,No Elevation,Single Exercise,Hip Extension,Sagittal Plane,Lower Body,,Compound,Bilateral,Bodybuilding
miniband-kneeling-side-plank-clamshell,Miniband Kneeling Side Plank Clamshell,https://youtu.be/DD2ntrZLoEQ?feature=shared,https://youtu.be/Ij-m5ABQ_jk?si=QmNlVwARKCjeMiJQ,Novice,beginner,Glutes,Gluteus Maximus,Gluteus Medius|Gluteus Minimus,Miniband,1,,0,Miniband,bands|gym,Side Plank,Single Arm,Continuous,Forearm,No Load,Continuous,No Elevation,Single Exercise,Hip External Rotation|Anti-Lateral Flexion,Transverse Plane,Lower Body,Other,Compound,Unilateral,Bodybuilding
miniband-march,Miniband March,https://youtu.be/7rkzWjwrazQ?si=poAx5_jLTfV0N0Up,https://youtu.be/_RNycAehg94?si=UglKQNm2drza_2co,Beginner,beginner,Hip Flexors,Iliopsoas,Rectus Abdominis|Gluteus Medius,Miniband,1,,0,Miniband,bands|gym,March,No Arms,Continuous,No Grip,No Load,Alternating,No Elevation,Single Exercise,Locomotion,Sagittal Plane,Core,Other,Compound,Unilateral,Balance
miniband-quadruped-hip-extension,Miniband Quadruped Hip Extension,https://youtu.be/k30hN0vhlsY?si=ycYwNbMrFEnA94pG,https://youtu.be/E-Df1V-UP7g,Beginner,beginner,Glutes,Gluteus Maximus,,Miniband,1,,0,Miniband,bands|gym,Quadruped,No Arms,Continuous,Flat Palm,No Load,Continuous,No Elevation,Single Exercise,Hip Extension,Sagittal Plane,Lower Body,,Isolation,Unilateral,Bodybuilding
miniband-romanian-deadlift,Miniband Romanian Deadlift,https://youtu.be/N5lBa2zMAPI?si=Eth4HWtKMOXBXNx6,,Beginner,beginner,Hamstrings,Biceps Femoris,Gluteus Maximus|Erector Spinae,Miniband,1,,0,Miniband,bands|gym,Standing,Double Arm,Continuous,Pronated,No Load,Continuous,No Elevation,Single Exercise,Hip Hinge,Sagittal Plane,Lower Body,Pull,Compound,Bilateral,Bodybuilding
miniband-side-lying-clamshell,Miniband Side Lying Clamshell,https://youtu.be/vSpyJR3dA7s?si=voo83Swm5kMbYEwl,https://youtu.be/m_ZPapmqeNM,Beginner,beginner,Glutes,Gluteus Maximus,Gluteus Medius|Gluteus Minimus,Miniband,1,,0,Miniband,bands|gym,Side Lying,No Arms,Continuous,No Grip,No Load,Continuous,No Elevation,Single Exercise,Hip External Rotation,Transverse Plane,Lower Body,Other,Isolation,Unilateral,Bodybuilding
miniband-single-leg-hip-thrust,Miniband Single Leg Hip Thrust,https://youtu.be/tPWyj85zsmg,https://youtu.be/jemVr8d_LPc,Novice,beginner,Glutes,Gluteus Maximus,Biceps Femoris|Obliques,Miniband,1,Bench (Flat),1,Miniband|Bench (Flat),bands|gym,Single Leg Bridge,No Arms,Continuous,No Grip,No Load,Continuous,No Elevation,Single Exercise,Hip Extension,Sagittal Plane,Lower Body,,Compound,Unilateral,Bodybuilding
miniband-standing-glute-kickback,Miniband Standing Glute Kickback,https://youtu.be/pdP0uJXvc44?si=lpmJ6krZopavsZrJ,https://youtu.be/kK5RKh_abCE?si=_1yTmWZij9OG5rwA,Novice,beginner,Glutes,Gluteus Maximus,,Miniband,1,,0,Miniband,bands|gym,Standing,No Arms,Continuous,Hand Assisted,No Load,Continuous,No Elevation,Single Exercise,Hip Extension,Sagittal Plane,Lower Body,,Isolation,Unilateral,Bodybuilding
miniband-standing-hip-abduction,Miniband Standing Hip Abduction,https://youtu.be/dZNkjqKNUUs,,Novice,beginner,Abductors,Gluteus Medius,Gluteus Minimus|Tensor Fasciae Latae,Miniband,1,,0,Miniband,bands|gym,Standing,No Arms,Continuous,Hand Assisted,No Load,Continuous,No Elevation,Single Exercise,Hip Abduction,Frontal Plane,Lower Body,Other,Isolation,Bilateral,Bodybuilding
miniband-standing-shoulder-external-rotation,Miniband Standing Shoulder External Rotation,https://youtu.be/4cpQr1VbcEU,https://youtu.be/VpiQKz-PUxU,Beginner,beginner,Shoulders,Posterior Deltoids,Infraspinatus|Teres Minor,Miniband,1,,0,Miniband,bands|gym,Standing,Double Arm,Continuous,Neutral,No Load,Continuous,No Elevation,Single Exercise,Shoulder External Rotation,Transverse Plane,Upper Body,Pull,Isolation,Bilateral,
miniband-supine-alternating-hip-flexion,Miniband Supine Alternating Hip Flexion,https://youtu.be/hcB3BdFBk9o?si=NCYoHHaTofHXzx2y,,Beginner,beginner,Hip Flexors,Iliopsoas,Rectus Femoris,Miniband,1,,0,Miniband,bands|gym,Supine,No Arms,Continuous,No Grip,No Load,Alternating,No Elevation,Single Exercise,Hip Flexion,Sagittal Plane,Lower Body,,Compound,Unilateral,
miniband-thigh-in-and-out-squat-jump,Miniband Thigh In and Out Squat Jump,https://youtu.be/cguZ74v0_bE?si=wU22GaKrEc-GA4sw,,Novice,beginner,Abductors,Gluteus Medius,Gluteus Minimus|Quadriceps Femoris,Miniband,1,,0,Miniband,bands|gym,Standing,No Arms,Continuous,No Grip,No Load,Continuous,No Elevation,Single Exercise,Hip Abduction|Knee Dominant,Frontal Plane|Sagittal Plane,Lower Body,Push,Compound,Bilateral,Plyometric
miniband-thigh-kneeling-side-plank-hip-abduction,Miniband Thigh Kneeling Side Plank Hip Abduction,https://youtu.be/RrL3tkrRefw?feature=shared,https://youtu.be/XNjuM_0Py64?si=sWEdf4N7Ita7XhSO,Novice,beginner,Abductors,Gluteus Medius,Gluteus Minimus|Tensor Fasciae Latae,Miniband,1,,0,Miniband,bands|gym,Side Plank,Single Arm,Continuous,Forearm,No Load,Continuous,No Elevation,Single Exercise,Hip Abduction|Anti-Lateral Flexion,Frontal Plane,Lower Body,Other,Compound,Unilateral,Bodybuilding
miniband-thigh-lateral-walk,Miniband Thigh Lateral Walk,https://youtu.be/34fVGXqWWs8,https://youtu.be/7C8mL0v976o,Beginner,beginner,Abductors,Gluteus Medius,Gluteus Minimus|Tensor Fasciae Latae,Miniband,1,,0,Miniband,bands|gym,Walking,No Arms,Continuous,No Grip,No Load,Continuous,No Elevation,Single Exercise,Hip Abduction,Frontal Plane,Lower Body,Other,Compound,Unilateral,Bodybuilding
miniband-thigh-monster-walk,Miniband Thigh Monster Walk,https://youtu.be/po3I8qoRC2c?si=XeJ7Tq5PXt3WLJfl,,Beginner,beginner,Abductors,Gluteus Medius,Gluteus Minimus|Tensor Fasciae Latae,Miniband,1,,0,Miniband,bands|gym,Walking,No Arms,Continuous,No Grip,No Load,Alternating,No Elevation,Single Exercise,Hip Abduction,Transverse Plane,Lower Body,Other,Compound,Unilateral,Bodybuilding
miniband-thigh-side-plank-hip-abduction,Miniband Thigh Side Plank Hip Abduction,https://youtu.be/TBYwwlojtvE?si=QWpnXUtKvTpFNuv_,,Novice,beginner,Abductors,Gluteus Medius,Gluteus Minimus|Tensor Fasciae Latae,Miniband,1,,0,Miniband,bands|gym,Side Plank,Single Arm,Continuous,Forearm,No Load,Continuous,No Elevation,Single Exercise,Hip Abduction|Anti-Lateral Flexion,Frontal Plane,Lower Body,Other,Compound,Unilateral,Bodybuilding
miniband-wall-sit-hip-abduction,Miniband Wall Sit Hip Abduction,https://youtu.be/w5nYnnT1E9s,,Novice,beginner,Quadriceps,Quadriceps Femoris,Gluteus Medius,Miniband,1,,0,Miniband,bands|gym,Wall Sit,No Arms,Continuous,No Grip,No Load,Continuous,No Elevation,Single Exercise,Hip Abduction,Frontal Plane,Lower Body,Other,Compound,Bilateral,
parallette-alternating-shoulder-tap-push-up,Parallette Alternating Shoulder Tap Push Up,https://youtu.be/NENoxvoyaTw,,Intermediate,intermediate,Chest,Pectoralis Major,Triceps Brachii,Parallette Bars,2,,0,Parallette Bars,gym,Prone,Double Arm,Alternating,Neutral,No Load,Continuous,No Elevation,Single Exercise,Horizontal Push,Sagittal Plane,Upper Body,Push,Compound,Unilateral,Calisthenics
parallette-archer-push-up,Parallette Archer Push Up,https://youtu.be/Wg2mF-GjD10,,Intermediate,intermediate,Chest,Pectoralis Major,,Parallette Bars,2,,0,Parallette Bars,gym,Prone,Double Arm,Alternating,Neutral,No Load,Continuous,No Elevation,Single Exercise,Horizontal Push,Frontal Plane,Upper Body,Push,Compound,Unilateral,Calisthenics
parallette-close-grip-push-up,Parallette Close Grip Push Up,https://youtu.be/hDH5pliNKoM?si=NTV941Sjf3NsUGDj,https://youtu.be/mFrDht6JkIs?si=DTh4N2l9pfjJET2z,Novice,beginner,Triceps,Triceps Brachii,Pectoralis Major,Parallette Bars,1,,0,Parallette Bars,gym,Prone,Double Arm,Continuous,Pronated,No Load,Continuous,No Elevation,Single Exercise,Horizontal Push,Sagittal Plane,Upper Body,Push,Compound,Bilateral,Calisthenics
parallette-crow-pose,Parallette Crow Pose,https://youtu.be/JHYVvhWqNzE,,Intermediate,intermediate,Abdominals,Rectus Abdominis,,Parallette Bars,2,,0,Parallette Bars,gym,Inverted,Double Arm,Continuous,Neutral,No Load,Continuous,No Elevation,Single Exercise,Isometric Hold,Sagittal Plane,Full Body,Other,Compound,Bilateral,Calisthenics
parallette-dive-bomber-push-up,Parallette Dive Bomber Push Up,https://youtu.be/tpCOg3ZKn3w?si=e_92TbjIAIy3thZh,https://youtu.be/Uvn1s5d0F6g,Intermediate,intermediate,Chest,Pectoralis Major,Triceps Brachii,Parallette Bars,2,,0,Parallette Bars,gym,Prone,Double Arm,Continuous,Neutral,No Load,Continuous,No Elevation,Single Exercise,Horizontal Push,Sagittal Plane,Upper Body,Push,Compound,Bilateral,Calisthenics
parallette-feet-elevated-pike-push-up,Parallette Feet Elevated Pike Push Up,https://youtu.be/EqXFl_YxF8k,,Intermediate,intermediate,Shoulders,Anterior Deltoids,Triceps Brachii,Parallette Bars,2,Bench (Flat),1,Parallette Bars|Bench (Flat),gym,Inverted,Double Arm,Continuous,Neutral,No Load,Continuous,Feet Elevated,Single Exercise,Vertical Push,Sagittal Plane,Upper Body,Push,Compound,Bilateral,Calisthenics
parallette-feet-elevated-push-up,Parallette Feet Elevated Push Up,https://youtu.be/JtBPG6VeJ9Q,,Intermediate,intermediate,Chest,Pectoralis Major,Triceps Brachii,Parallette Bars,2,Bench (Flat),1,Parallette Bars|Bench (Flat),gym,Prone,Double Arm,Continuous,Neutral,No Load,Continuous,Feet Elevated,Single Exercise,Horizontal Push,Sagittal Plane,Upper Body,Push,Compound,Bilateral,Calisthenics
parallette-freestanding-handstand,Parallette Freestanding Handstand,https://youtu.be/Qoyxwu0i5Og?si=v6_bUX0l76eWrYRZ,https://youtu.be/Qcuib7_44qI,Expert,advanced,Shoulders,Anterior Deltoids,,Parallette Bars,2,,0,Parallette Bars,gym,Inverted,Double Arm,Continuous,Neutral,No Load,Continuous,No Elevation,Single Exercise,Isometric Hold,Sagittal Plane,Upper Body,Other,Compound,Bilateral,Calisthenics
parallette-freestanding-handstand-push-up,Parallette Freestanding Handstand Push Up,https://youtu.be/3FYYo6lP-dw,,Master,advanced,Shoulders,Anterior Deltoids,Triceps Brachii,Parallette Bars,2,,0,Parallette Bars,gym,Inverted,Double Arm,Continuous,Neutral,No Load,Continuous,No Elevation,Single Exercise,Vertical Push,Sagittal Plane,Upper Body,Push,Compound,Bilateral,Calisthenics
parallette-full-planche,Parallette Full Planche,https://youtu.be/v6oj7ImoVP4?si=F3GtqX0vk8YHIyZm,,Expert,advanced,Abdominals,Rectus Abdominis,,Parallette Bars,2,,0,Parallette Bars,gym,Prone,Double Arm,Continuous,Neutral,No Load,Continuous,No Elevation,Single Exercise,Isometric Hold,Sagittal Plane,Full Body,Other,Compound,Bilateral,Calisthenics
parallette-kneeling-push-up,Parallette Kneeling Push Up,https://youtu.be/iHR7BprMyEc,,Beginner,beginner,Chest,Pectoralis Major,,Parallette Bars,2,,0,Parallette Bars,gym,Kneeling,Double Arm,Continuous,Neutral,No Load,Continuous,No Elevation,Single Exercise,Horizontal Push,Sagittal Plane,Upper Body,Push,Compound,Bilateral,Calisthenics
parallette-l-sit,Parallette L Sit,https://youtu.be/lLu9U0G7Ogw,https://youtu.be/rzK07x9QeNY,Advanced,advanced,Abdominals,Rectus Abdominis,,Parallette Bars,2,,0,Parallette Bars,gym,L Sit,Double Arm,Continuous,Neutral,No Load,Continuous,No Elevation,Single Exercise,Isometric Hold,Sagittal Plane,Core,Other,Compound,Bilateral,Calisthenics
parallette-l-sit-flutter-kicks,Parallette L Sit Flutter Kicks,https://youtu.be/zDRj6Sw6tw8?si=Fp368ZWQaw_YDQay,,Advanced,advanced,Hip Flexors,Iliopsoas,Rectus Abdominis,Parallette Bars,2,,0,Parallette Bars,gym,L Sit,Double Arm,Continuous,Neutral,No Load,Alternating,No Elevation,Single Exercise,Isometric Hold,Sagittal Plane,Core,Other,Compound,Unilateral,Calisthenics
parallette-l-sit-to-straddle-press-handstand,Parallette L Sit to Straddle Press Handstand,https://youtu.be/Hx31luas38Q,,Expert,advanced,Shoulders,Anterior Deltoids,Triceps Brachii,Parallette Bars,2,,0,Parallette Bars,gym,Inverted,Double Arm,Continuous,Neutral,No Load,Continuous,No Elevation,Combo Exercise,Vertical Push,Sagittal Plane,Upper Body,Push,Compound,Bilateral,Calisthenics
parallette-l-sit-to-tuck-planche,Parallette L Sit to Tuck Planche,https://youtu.be/NUvTsZxo5nk,,Expert,advanced,Abdominals,Rectus Abdominis,,Parallette Bars,2,,0,Parallette Bars,gym,L Sit,Double Arm,Continuous,Neutral,No Load,Continuous,No Elevation,Combo Exercise,Isometric Hold,Sagittal Plane,Core,Other,Compound,Bilateral,Calisthenics
parallette-mountain-climber,Parallette Mountain Climber,https://youtu.be/W0RoAqlFzrA,,Novice,beginner,Abdominals,Rectus Abdominis,Iliopsoas|Anterior Deltoids,Parallette Bars,2,,0,Parallette Bars,gym,Prone,Double Arm,Continuous,Neutral,No Load,Alternating,No Elevation,Single Exercise,Anti-Extension|Spinal Flexion,Sagittal Plane,Core,Other,Compound,Unilateral,Calisthenics
parallette-plank,Parallette Plank,https://youtu.be/MP6yL_KKxYY?si=Q87bAjMVT-uTdGRq,,Novice,beginner,Abdominals,Rectus Abdominis,,Parallette Bars,2,,0,Parallette Bars,gym,Prone,Double Arm,Continuous,Neutral,No Load,Continuous,No Elevation,Single Exercise,Anti-Extension,Sagittal Plane,Core,Other,Compound,Bilateral,Calisthenics
parallette-pseudo-planche-push-up,Parallette Pseudo Planche Push Up,https://youtu.be/YDO8UmA9lr8,,Advanced,advanced,Chest,Pectoralis Major,Anterior Deltoids,Parallette Bars,2,,0,Parallette Bars,gym,Prone,Double Arm,Continuous,Neutral,No Load,Continuous,No Elevation,Single Exercise,Horizontal Push,Sagittal Plane,Upper Body,Push,Compound,Bilateral,Calisthenics
parallette-push-up,Parallette Push Up,https://youtu.be/Kbhl_O1N4aw,https://youtu.be/Jrh9F8L2NJ4,Novice,beginner,Chest,Pectoralis Major,Triceps Brachii,Parallette Bars,2,,0,Parallette Bars,gym,Prone,Double Arm,Continuous,Neutral,No Load,Continuous,No Elevation,Single Exercise,Horizontal Push,Sagittal Plane,Upper Body,Push,Compound,Bilateral,Calisthenics
parallette-push-up-to-l-sit,Parallette Push Up to L Sit,https://youtu.be/VmLIr9_YfAs?si=auhUGS9WeZfuzEj-,,Advanced,advanced,Chest,Pectoralis Major,Rectus Abdominis,Parallette Bars,2,,0,Parallette Bars,gym,Prone,Double Arm,Continuous,Neutral,No Load,Continuous,No Elevation,Combo Exercise,Horizontal Push|Isometric Hold,Sagittal Plane,Upper Body,Push,Compound,Bilateral,Calisthenics
parallette-side-plank,Parallette Side Plank,https://youtu.be/d7PGNbhmQVM,,Intermediate,intermediate,Abdominals,Obliques,Rectus Abdominis,Parallette Bars,1,,0,Parallette Bars,gym,Side Plank,Single Arm,Continuous,Neutral,No Load,Continuous,No Elevation,Single Exercise,Anti-Lateral Flexion,Frontal Plane,Core,Other,Compound,Unilateral,Calisthenics
parallette-single-leg-l-sit,Parallette Single Leg L Sit,https://youtu.be/V3hnphPbiAg,https://youtu.be/49pZak4cQ_0,Intermediate,intermediate,Abdominals,Rectus Abdominis,,Parallette Bars,2,,0,Parallette Bars,gym,L Sit,Double Arm,Continuous,Neutral,No Load,Continuous,No Elevation,Single Exercise,Isometric Hold,Sagittal Plane,Core,Other,Compound,Unilateral,Calisthenics
parallette-straddle-l-sit,Parallette Straddle L Sit,https://youtu.be/F6o417SxU1g,,Advanced,advanced,Abdominals,Rectus Abdominis,,Parallette Bars,2,,0,Parallette Bars,gym,L Sit,Double Arm,Continuous,Neutral,No Load,Continuous,No Elevation,Single Exercise,Isometric Hold,Sagittal Plane,Core,Other,Compound,Bilateral,Calisthenics
parallette-straddle-planche,Parallette Straddle Planche,https://youtu.be/2qWMe_2rlFk?si=MrPXRqDAKW9xxM_5,,Expert,advanced,Abdominals,Rectus Abdominis,,Parallette Bars,2,,0,Parallette Bars,gym,Prone,Double Arm,Continuous,Neutral,No Load,Continuous,No Elevation,Single Exercise,Isometric Hold,Sagittal Plane,Full Body,Other,Compound,Bilateral,Calisthenics
parallette-straddle-press-to-handstand,Parallette Straddle Press to Handstand,https://youtu.be/DRYQDMUVgYE,,Expert,advanced,Shoulders,Anterior Deltoids,Triceps Brachii,Parallette Bars,2,,0,Parallette Bars,gym,Inverted,Double Arm,Continuous,Neutral,No Load,Continuous,No Elevation,Combo Exercise,Vertical Push,Sagittal Plane,Upper Body,,Compound,Bilateral,Calisthenics
parallette-tuck-l-sit,Parallette Tuck L Sit,https://youtu.be/VhqEdeeAyvg,https://youtu.be/KCEMgCjW3iU,Intermediate,intermediate,Abdominals,Rectus Abdominis,,Parallette Bars,2,,0,Parallette Bars,gym,Tuck L Sit,Double Arm,Continuous,Neutral,No Load,Continuous,No Elevation,Single Exercise,Isometric Hold,Sagittal Plane,Core,Other,Compound,Bilateral,Calisthenics
parallette-tuck-planche,Parallette Tuck Planche,https://youtu.be/3WVToPNWjVk,https://youtu.be/xw31tXau_4Q,Advanced,advanced,Abdominals,Rectus Abdominis,Biceps Brachii,Parallette Bars,2,,0,Parallette Bars,gym,Other,Double Arm,Continuous,Neutral,No Load,Continuous,No Elevation,Single Exercise,Isometric Hold,Sagittal Plane,Full Body,Other,Compound,Bilateral,Calisthenics
parallette-tuck-planche-push-up,Parallette Tuck Planche Push Up,https://youtu.be/hFHpQAqqMDA,,Expert,advanced,Chest,Pectoralis Major,Triceps Brachii|Rectus Abdominis,Parallette Bars,2,,0,Parallette Bars,gym,Other,Double Arm,Continuous,Neutral,No Load,Continuous,No Elevation,Single Exercise,Horizontal Push|Isometric Hold,Sagittal Plane,Full Body,Push,Compound,Bilateral,Calisthenics
parallette-v-sit,Parallette V Sit,https://youtu.be/oBmFzeay6Z8?si=dliVO8cgoAWNKwT3,https://youtu.be/x-kdghat2Fk,Expert,advanced,Abdominals,Rectus Abdominis,,Parallette Bars,2,,0,Parallette Bars,gym,V Sit Seated,Double Arm,Continuous,Neutral,No Load,Continuous,No Elevation,Single Exercise,Isometric Hold,Sagittal Plane,Core,Other,Compound,Bilateral,
parallette-v-sit-to-pike-press-handstand,Parallette V Sit to Pike Press Handstand,https://youtu.be/i3tkgdhZuj0?si=lupWBeLYXNXi2bV0,,Expert,advanced,Shoulders,Anterior Deltoids,Triceps Brachii|Rectus Abdominis,Parallette Bars,2,,0,Parallette Bars,gym,Inverted,Double Arm,Continuous,Neutral,No Load,Continuous,No Elevation,Combo Exercise,Vertical Push,Sagittal Plane,Upper Body,Push,Compound,Bilateral,Calisthenics
parallette-wide-push-up,Parallette Wide Push Up,https://youtu.be/UEZy-OmXdZs,,Novice,beginner,Chest,Pectoralis Major,,Parallette Bars,2,,0,Parallette Bars,gym,Prone,Double Arm,Continuous,Neutral,No Load,Continuous,No Elevation,Single Exercise,Horizontal Push,Sagittal Plane,Upper Body,Push,Compound,Bilateral,Calisthenics
plate-dead-bug,Plate Dead Bug,https://youtu.be/DPNDaQoxjsQ?si=KOvphYYrIaszuK1F,,Novice,beginner,Abdominals,Rectus Abdominis,Obliques|Rectus Femoris,Weight Plate,1,,0,Weight Plate,gym,Supine,Double Arm,Continuous,Neutral,Other,Alternating,No Elevation,Single Exercise,Anti-Extension,Sagittal Plane,Core,Other,Compound,Unilateral,Postural
plate-feet-elevated-russian-twist,Plate Feet Elevated Russian Twist,https://youtu.be/4p5jWyz-YRQ?si=A80S2QY5Wu5Lql2-,,Novice,beginner,Abdominals,Obliques,Rectus Abdominis|Iliopsoas,Weight Plate,1,,0,Weight Plate,gym,Seated Floor,Double Arm,Continuous,Neutral,Other,Continuous,No Elevation,Single Exercise,Rotational,Transverse Plane,Core,Other,Compound,Bilateral,
plate-half-kneeling-low-to-high-chop,Plate Half Kneeling Low to High Chop,https://youtu.be/FAZ-h5wEKr8?si=Vh1vqHW2hgIn69vC,,Intermediate,intermediate,Abdominals,Obliques,Rectus Abdominis,Weight Plate,1,,0,Weight Plate,gym,Half Kneeling,Double Arm,Continuous,Neutral,Other,Continuous,No Elevation,Single Exercise,Rotational,Transverse Plane,Core,Other,Compound,Unilateral,
plate-hip-thrust,Plate Hip Thrust,https://youtu.be/k_HORfTCsi0?si=-RDu4SzCjbkXl4P5,,Beginner,beginner,Glutes,Gluteus Maximus,Biceps Femoris|Quadriceps Femoris,Weight Plate,1,Bench (Flat),1,Weight Plate|Bench (Flat),gym,Bridge,Double Arm,Continuous,Neutral,Hip Crease,Continuous,No Elevation,Single Exercise,Hip Extension,Sagittal Plane,Lower Body,,Compound,Bilateral,Bodybuilding
plate-hollow-body-flutter-kicks,Plate Hollow Body Flutter Kicks,https://youtu.be/If7pn5ZFY60?si=izUCZfaNWALhCSat,,Intermediate,intermediate,Abdominals,Rectus Abdominis,Iliopsoas,Weight Plate,1,,0,Weight Plate,gym,Supine,Double Arm,Continuous,Neutral,Other,Alternating,No Elevation,Single Exercise,Isometric Hold,Sagittal Plane,Core,Other,Compound,Unilateral,
plate-hollow-body-hold,Plate Hollow Body Hold,https://youtu.be/Qiu_qPGaGYM?feature=shared,,Intermediate,intermediate,Abdominals,Rectus Abdominis,,Weight Plate,1,,0,Weight Plate,gym,Supine,Double Arm,Continuous,Neutral,Other,Continuous,No Elevation,Single Exercise,Isometric Hold,Sagittal Plane,Core,Other,Compound,Bilateral,
plate-otis-up,Plate Otis Up,https://youtu.be/vjAjAERSkIk,https://youtu.be/BhtnaHGJa8w,Novice,beginner,Abdominals,Rectus Abdominis,Iliopsoas|Obliques,Weight Plate,1,,0,Weight Plate,gym,Supine,Double Arm,Continuous,Neutral,Overhead,Continuous,No Elevation,Single Exercise,Spinal Flexion,Sagittal Plane,Core,Other,Compound,Bilateral,
plate-overhead-alternating-forward-lunge,Plate Overhead Alternating Forward Lunge,https://youtu.be/k6pHuYm2nV8?si=ttotAgiXtgPihuX3,,Intermediate,intermediate,Quadriceps,Quadriceps Femoris,Gluteus Maximus|Biceps Femoris,Weight Plate,1,,0,Weight Plate,gym,Standing,Double Arm,Continuous,Neutral,Overhead,Alternating,No Elevation,Single Exercise,Knee Dominant,Sagittal Plane,Lower Body,Push,Compound,Unilateral,Bodybuilding
plate-overhead-alternating-reverse-lunge,Plate Overhead Alternating Reverse Lunge,https://youtu.be/X5UicuSpd-g?si=vkWg2RXcC-HFi6Pk,,Intermediate,intermediate,Quadriceps,Quadriceps Femoris,Gluteus Maximus|Biceps Femoris,Weight Plate,1,,0,Weight Plate,gym,Standing,Double Arm,Continuous,Neutral,Overhead,Alternating,No Elevation,Single Exercise,Knee Dominant,Sagittal Plane,Lower Body,Push,Compound,Unilateral,Bodybuilding
plate-overhead-alternating-step-up,Plate Overhead Alternating Step Up,https://youtu.be/FVmLcTGmJZ0?si=EDG5LdzfEeiqin-z,https://youtu.be/bbWycJMXNzQ?si=8VLoUx6yqH6yOVMJ,Intermediate,intermediate,Quadriceps,Quadriceps Femoris,Gluteus Maximus|Biceps Femoris,Weight Plate,1,Plyo Box,1,Weight Plate|Plyo Box,gym,Standing,Double Arm,Continuous,Neutral,Overhead,Alternating,Foot Elevated (Front),Single Exercise,Knee Dominant,Sagittal Plane,Lower Body,Push,Compound,Unilateral,Bodybuilding
plate-overhead-carry,Plate Overhead Carry,https://youtu.be/pzWVXEdABFg?si=rDT20cfa7nGutLCH&utm_source=MTQxZ,https://youtu.be/Skm6ibphE_s?si=AbSvolRmnCc2zDSL&utm_source=MTQxZ,Intermediate,intermediate,Shoulders,Anterior Deltoids,Obliques,Weight Plate,1,,0,Weight Plate,gym,Walking,Double Arm,Continuous,Neutral,Overhead,Alternating,No Elevation,Single Exercise,Loaded Carry,Sagittal Plane,Full Body,Other,Compound,Bilateral,
plate-overhead-curtsy-lunge,Plate Overhead Curtsy Lunge,https://youtu.be/fdt3gkMNv0Y?si=Wmdlb79kZmS0oZof,,Intermediate,intermediate,Quadriceps,Quadriceps Femoris,Gluteus Maximus|Adductor Magnus,Weight Plate,1,,0,Weight Plate,gym,Standing,Double Arm,Continuous,Neutral,Overhead,Continuous,No Elevation,Single Exercise,Knee Dominant,Frontal Plane,Lower Body,Push,Compound,Unilateral,Bodybuilding
plate-overhead-forward-lunge,Plate Overhead Forward Lunge,https://youtu.be/GLx4dqyToMQ?si=SE9oL2hGuFmb1rI_,,Intermediate,intermediate,Quadriceps,Quadriceps Femoris,Gluteus Maximus|Biceps Femoris,Weight Plate,1,,0,Weight Plate,gym,Standing,Double Arm,Continuous,Neutral,Overhead,Continuous,No Elevation,Single Exercise,Knee Dominant,Sagittal Plane,Lower Body,Push,Compound,Unilateral,Bodybuilding
plate-overhead-lateral-lunge,Plate Overhead Lateral Lunge,https://youtu.be/iojT0TdeY-Q?si=ROEMSEe_KkOEdMc0,,Intermediate,intermediate,Quadriceps,Quadriceps Femoris,Gluteus Maximus|Adductor Magnus,Weight Plate,1,,0,Weight Plate,gym,Standing,Double Arm,Continuous,Neutral,Overhead,Continuous,No Elevation,Single Exercise,Knee Dominant,Frontal Plane,Lower Body,Push,Compound,Unilateral,Bodybuilding
plate-overhead-march,Plate Overhead March,https://youtu.be/fzuxbZSW3UA?feature=shared,https://youtu.be/G7Ds_tGgG2A?si=mTxRraBGJdHOgS5S,Intermediate,intermediate,Hip Flexors,Iliopsoas,Rectus Abdominis|Gluteus Medius,Weight Plate,1,,0,Weight Plate,gym,March,Double Arm,Continuous,Neutral,Overhead,Alternating,No Elevation,Single Exercise,Locomotion,Sagittal Plane,Core,Other,Compound,Unilateral,Balance
plate-overhead-reverse-lunge,Plate Overhead Reverse Lunge,https://youtu.be/KC6oWhmOmPY?si=OWiPo66RrQ46WjHj,,Intermediate,intermediate,Quadriceps,Quadriceps Femoris,Gluteus Maximus|Biceps Femoris,Weight Plate,1,,0,Weight Plate,gym,Standing,Double Arm,Continuous,Neutral,Overhead,Continuous,No Elevation,Single Exercise,Knee Dominant,Sagittal Plane,Lower Body,Push,Compound,Unilateral,Bodybuilding
plate-overhead-split-squat,Plate Overhead Split Squat,https://youtu.be/p3aoeo0dbZg?feature=shared,https://youtu.be/xM1KKtO7XFE?si=IGg02TkKhvMfNUNE,Intermediate,intermediate,Quadriceps,Quadriceps Femoris,Gluteus Maximus|Biceps Femoris,Weight Plate,1,,0,Weight Plate,gym,Split Squat,Double Arm,Continuous,Neutral,Overhead,Continuous,No Elevation,Single Exercise,Knee Dominant,Sagittal Plane,Lower Body,Push,Compound,Unilateral,Bodybuilding
plate-overhead-walking-lunge,Plate Overhead Walking Lunge,https://youtu.be/hVIaVvyY-H8?si=HsyRlDh-j--gHbsk,,Intermediate,intermediate,Quadriceps,Quadriceps Femoris,Gluteus Maximus|Biceps Femoris,Weight Plate,1,,0,Weight Plate,gym,Walking,Double Arm,Continuous,Neutral,Overhead,Alternating,No Elevation,Single Exercise,Knee Dominant,Sagittal Plane,Lower Body,Push,Compound,Unilateral,Bodybuilding
plate-russian-twist,Plate Russian Twist,https://youtu.be/JYftrLVWUD8?si=WwaPZ7K8HUnsrnqN,https://youtu.be/8ohhG1Y4tzU?si=QVPlYYzdIkgNwonk,Novice,beginner,Abdominals,Obliques,Rectus Abdominis|Iliopsoas,Weight Plate,1,,0,Weight Plate,gym,Seated Floor,Double Arm,Continuous,Neutral,Other,Continuous,No Elevation,Single Exercise,Rotational,Transverse Plane,Core,Other,Compound,Bilateral,
plate-side-lying-bent-knee-hip-abduction,Plate Side Lying Bent Knee Hip Abduction,https://youtu.be/jpxdm8SJ5wM?si=35jEMaJ1JRWnO1ET,,Novice,beginner,Abductors,Gluteus Medius,Gluteus Minimus|Tensor Fasciae Latae,Weight Plate,1,,0,Weight Plate,gym,Side Lying,Single Arm,Continuous,Flat Palm,Other,Continuous,No Elevation,Single Exercise,Hip Abduction,Frontal Plane,Lower Body,Other,Isolation,Unilateral,Bodybuilding
plate-steering-wheel,Plate Steering Wheel,https://youtu.be/ToHy85wT3KE?si=z9VmwQGWt8A86_Mc,https://youtu.be/ZIKA1pdTkKM,Novice,beginner,Shoulders,Anterior Deltoids,,Weight Plate,1,,0,Weight Plate,gym,Standing,Double Arm,Continuous,Neutral,Other,Continuous,No Elevation,Single Exercise,Isometric Hold|Rotational,Frontal Plane,Upper Body,,Compound,Bilateral,
plate-turkish-sit-up,Plate Turkish Sit Up,https://youtu.be/A7sXEmRwTQQ,,Intermediate,intermediate,Abdominals,Rectus Abdominis,Anterior Deltoids|Iliopsoas,Weight Plate,1,,0,Weight Plate,gym,Supine,Double Arm,Continuous,Neutral,Overhead,Continuous,No Elevation,Single Exercise,Spinal Flexion,Sagittal Plane,Core,Other,Compound,Bilateral,
resistance-band-alternating-bicep-curl,Resistance Band Alternating Bicep Curl,https://youtu.be/E-6iFVLC66I?si=HTrleCkD1HyCvWuq,,Beginner,beginner,Biceps,Biceps Brachii,Brachialis|Brachioradialis,Resistance Band,1,,0,Resistance Band,bands|gym,Standing,Double Arm,Alternating,Supinated,Other,Continuous,No Elevation,Single Exercise,Elbow Flexion,Sagittal Plane,Upper Body,Pull,Isolation,Unilateral,Bodybuilding
resistance-band-alternating-chest-press,Resistance Band Alternating Chest Press,https://youtu.be/m3wEZExvGCY?si=qPi52D7LtCC72Ccj,,Beginner,beginner,Chest,Pectoralis Major,Triceps Brachii|Anterior Deltoids,Resistance Band,1,,0,Resistance Band,bands|gym,Standing,Double Arm,Alternating,Pronated,No Load,Continuous,No Elevation,Single Exercise,Horizontal Push,Sagittal Plane,Upper Body,Push,Compound,Unilateral,
resistance-band-alternating-overhead-press,Resistance Band Alternating Overhead Press,https://youtu.be/kVnIb_csFRw?si=bJHQnzuc7AHgbv9P,,Beginner,beginner,Shoulders,Anterior Deltoids,Triceps Brachii,Resistance Band,1,,0,Resistance Band,bands|gym,Standing,Double Arm,Alternating,Pronated,Overhead,Continuous,No Elevation,Single Exercise,Vertical Push,Sagittal Plane,Upper Body,Push,Compound,Bilateral,Bodybuilding
resistance-band-bicep-curl,Resistance Band Bicep Curl,https://youtu.be/xE20IwkSELc?si=FM0m4qOgocoDEdDz,https://youtu.be/pXS-fSPWpk8?si=OPRHTpJpcAIeossv,Beginner,beginner,Biceps,Biceps Brachii,Brachialis|Brachioradialis,Resistance Band,1,,0,Resistance Band,bands|gym,Standing,Double Arm,Continuous,Supinated,Other,Continuous,No Elevation,Single Exercise,Elbow Flexion,Sagittal Plane,Upper Body,Pull,Isolation,Bilateral,Bodybuilding
resistance-band-chest-fly,Resistance Band Chest Fly,https://youtu.be/gm9bWFtRIrk?si=u3u3eYJ1rcURrYwf,https://youtu.be/gdZVKOvWI7I?si=9lQDByOgrpRNM_LD,Beginner,beginner,Chest,Pectoralis Major,Anterior Deltoids|Biceps Brachii,Resistance Band,1,,0,Resistance Band,bands|gym,Staggered Stance,Double Arm,Continuous,Neutral,No Load,Continuous,No Elevation,Single Exercise,Horizontal Adduction,Transverse Plane,Upper Body,Push,Isolation,Bilateral,Bodybuilding
resistance-band-chest-press,Resistance Band Chest Press,https://youtu.be/Rn-hf5iauTc?si=9JMXffEInfAmWfNH,,Beginner,beginner,Chest,Pectoralis Major,Triceps Brachii|Anterior Deltoids,Resistance Band,1,,0,Resistance Band,bands|gym,Standing,Double Arm,Continuous,Pronated,No Load,Continuous,No Elevation,Single Exercise,Horizontal Push,Sagittal Plane,Upper Body,Push,Compound,Bilateral,
resistance-band-cuban-press,Resistance Band Cuban Press,https://youtu.be/13Au7iJ02c8?si=2JaXbdRT8-eAxkx-,,Beginner,beginner,Shoulders,Posterior Deltoids,Triceps Brachii,Resistance Band,1,,0,Resistance Band,bands|gym,Standing,Double Arm,Continuous,Pronated,No Load,Continuous,No Elevation,Single Exercise,Shoulder External Rotation|Vertical Push|Horizontal Pull,Transverse Plane,Upper Body,Push & Pull,Compound,Bilateral,
resistance-band-face-pull,Resistance Band Face Pull,https://youtu.be/HHZ1_OZKLII?si=CyqPWtENsIMkdeyn,,Beginner,beginner,Shoulders,Posterior Deltoids,Infraspinatus|Teres Minor,Resistance Band,1,,0,Resistance Band,bands|gym,Standing,Double Arm,Continuous,Pronated,No Load,Continuous,No Elevation,Single Exercise,Shoulder External Rotation,Transverse Plane,Upper Body,Pull,Compound,Bilateral,Bodybuilding
resistance-band-face-pull-to-overhead-press,Resistance Band Face Pull to Overhead Press,https://youtu.be/_VZ1cR730rs?feature=shared,,Beginner,beginner,Shoulders,Posterior Deltoids,Infraspinatus|Teres Minor,Resistance Band,1,,0,Resistance Band,bands|gym,Standing,Double Arm,Continuous,Pronated,Overhead,Continuous,No Elevation,Combo Exercise,Shoulder External Rotation|Vertical Push,Transverse Plane,Upper Body,Push & Pull,Compound,Bilateral,Bodybuilding
resistance-band-half-kneeling-face-pull,Resistance Band Half Kneeling Face Pull,https://youtu.be/pxnaBaRRZiY,,Beginner,beginner,Shoulders,Posterior Deltoids,Infraspinatus|Teres Minor,Resistance Band,1,,0,Resistance Band,bands|gym,Half Kneeling,Double Arm,Continuous,Pronated,Other,Continuous,No Elevation,Single Exercise,Shoulder External Rotation,Transverse Plane,Upper Body,Pull,Compound,Bilateral,
resistance-band-hammer-curl,Resistance Band Hammer Curl,https://youtu.be/bcond2tqWg0?si=YEuafUqhelVkqYol,,Beginner,beginner,Biceps,Biceps Brachii,Brachialis|Brachioradialis,Resistance Band,1,,0,Resistance Band,bands|gym,Standing,Double Arm,Continuous,Neutral,Other,Continuous,No Elevation,Single Exercise,Elbow Flexion,Sagittal Plane,Upper Body,Pull,Isolation,Bilateral,Bodybuilding
resistance-band-high-to-low-chest-fly,Resistance Band High to Low Chest Fly,https://youtu.be/7t-rTOsyaxY?si=qYz3L4NU58UcOR3w,https://youtu.be/ikG2r3LK2UM?si=xiprMGEZ_SWNMyJl,Beginner,beginner,Chest,Pectoralis Major,Anterior Deltoids|Biceps Brachii,Resistance Band,1,,0,Resistance Band,bands|gym,Staggered Stance,Double Arm,Continuous,Neutral,Other,Continuous,No Elevation,Single Exercise,Horizontal Adduction,Transverse Plane,Upper Body,Push,Isolation,Bilateral,Bodybuilding
resistance-band-lateral-raise,Resistance Band Lateral Raise,https://youtu.be/1feV0cW5U60?si=e6dhNFXt6CLSbkRE,,Beginner,beginner,Shoulders,Lateral Deltoids,Anterior Deltoids|Trapezius,Resistance Band,1,,0,Resistance Band,bands|gym,Standing,Double Arm,Continuous,Neutral,Other,Continuous,No Elevation,Single Exercise,Shoulder Abduction,Frontal Plane,Upper Body,Push,Isolation,Bilateral,Bodybuilding
resistance-band-low-row,Resistance Band Low Row,https://youtu.be/wRLkttcydwo?si=F9hMpgbV2W-oo3W5,https://youtu.be/5TSE0Irvvmg?si=hz8rIGlf1iimQTNu,Beginner,beginner,Back,Latissimus Dorsi,,Resistance Band,1,,0,Resistance Band,bands|gym,Standing,Double Arm,Continuous,Neutral,No Load,Continuous,No Elevation,Single Exercise,Horizontal Pull,Sagittal Plane,Upper Body,Pull,Compound,Bilateral,Bodybuilding
resistance-band-low-to-high-chest-fly,Resistance Band Low to High Chest Fly,https://youtu.be/MEVNntk8yEw?si=WwgxgS5XSi0p1o2k,,Beginner,beginner,Chest,Pectoralis Major,Anterior Deltoids|Biceps Brachii,Resistance Band,1,,0,Resistance Band,bands|gym,Staggered Stance,Double Arm,Continuous,Neutral,Other,Continuous,No Elevation,Single Exercise,Horizontal Adduction,Transverse Plane,Upper Body,Push,Isolation,Bilateral,Bodybuilding
resistance-band-mid-row,Resistance Band Mid Row,https://youtu.be/mdf7cMhqRqs?si=P_AYp9PgEajEP_il,,Beginner,beginner,Back,Latissimus Dorsi,,Resistance Band,1,,0,Resistance Band,bands|gym,Standing,Double Arm,Continuous,Pronated,No Load,Continuous,No Elevation,Single Exercise,Horizontal Pull,Sagittal Plane,Upper Body,Pull,Compound,Bilateral,Bodybuilding
resistance-band-overhead-press,Resistance Band Overhead Press,https://youtu.be/GeA6o0q5ccM?si=958ZadG3-_7ru6ZD,https://youtu.be/tQ40C0WD6OY?si=V4vctYoeVmYIaH5f,Beginner,beginner,Shoulders,Anterior Deltoids,Triceps Brachii,Resistance Band,1,,0,Resistance Band,bands|gym,Standing,Double Arm,Continuous,Pronated,Overhead,Continuous,No Elevation,Single Exercise,Vertical Push,Sagittal Plane,Upper Body,Push,Compound,Bilateral,Bodybuilding
resistance-band-prone-shoulder-dislocates,Resistance Band Prone Shoulder Dislocates,https://youtu.be/YwELfevh5vs?si=tmPYSbe-vfbiD0vx,,Novice,beginner,Shoulders,Posterior Deltoids,Supraspinatus|Teres Minor,Resistance Band,1,,0,Resistance Band,bands|gym,Prone,Double Arm,Continuous,Pronated,Lateral,Continuous,No Elevation,Single Exercise,,Sagittal Plane,Upper Body,,Compound,Bilateral,Mobility
resistance-band-pull-apart,Resistance Band Pull Apart,https://youtu.be/Z9Bryd2XtwY?si=13MbA6khrvgobwKt,https://youtu.be/kn5simXHspc?si=12YyyWs66i5tclcg,Beginner,beginner,Shoulders,Posterior Deltoids,,Resistance Band,1,,0,Resistance Band,bands|gym,Standing,Double Arm,Continuous,Supinated,Lateral,Continuous,No Elevation,Single Exercise,Shoulder Abduction,Frontal Plane,Upper Body,Pull,Isolation,Bilateral,Mobility
resistance-band-reverse-fly,Resistance Band Reverse Fly,https://youtu.be/C2wsrjVHvuA,https://youtu.be/cyihFNmsq-A,Beginner,beginner,Shoulders,Posterior Deltoids,,Resistance Band,1,,0,Resistance Band,bands|gym,Standing,Double Arm,Continuous,Neutral,Other,Continuous,No Elevation,Single Exercise,Horizontal Pull,Frontal Plane,Upper Body,Pull,Isolation,Bilateral,
resistance-band-reverse-grip-bicep-curl,Resistance Band Reverse Grip Bicep Curl,https://youtu.be/zgV5PpkReuI?si=SX9-dariFRe2W5q5,https://youtu.be/1Zurwnbeq0g?si=27Ko7dtmR2q-l8jK,Beginner,beginner,Forearms,Brachioradialis,Biceps Brachii|Brachialis,Resistance Band,1,,0,Resistance Band,bands|gym,Standing,Double Arm,Continuous,Pronated,No Load,Continuous,No Elevation,Single Exercise,Elbow Flexion,Sagittal Plane,Upper Body,Pull,Isolation,Bilateral,Bodybuilding
resistance-band-shoulder-dislocates,Resistance Band Shoulder Dislocates,https://youtu.be/5yPvjJOqbg4?si=1OYvLb1R7Zq_hl94,https://youtu.be/2Yvkc77evN0?si=VEM5C0oL2fIS5eiY,Novice,beginner,Shoulders,Posterior Deltoids,Supraspinatus|Teres Minor,Resistance Band,1,,0,Resistance Band,bands|gym,Standing,Double Arm,Continuous,Pronated,Lateral,Continuous,No Elevation,Single Exercise,,Sagittal Plane,Upper Body,,Compound,Bilateral,Mobility
resistance-band-tall-kneeling-face-pull,Resistance Band Tall Kneeling Face Pull,https://youtu.be/6VDr-3Cmjzw?si=E5zp1jznZ4XPQQ5b,,Beginner,beginner,Shoulders,Posterior Deltoids,Infraspinatus|Teres Minor,Resistance Band,1,,0,Resistance Band,bands|gym,Standing,Double Arm,Continuous,Pronated,No Load,Continuous,No Elevation,Single Exercise,Shoulder External Rotation,Transverse Plane,Upper Body,Pull,Compound,Bilateral,Bodybuilding
ring-archer-pull-up,Ring Archer Pull Up,https://youtu.be/aFrdGmSHqFI?si=RfqnoOy6-Ppa73et,https://youtu.be/qwBErsklUno?si=-zVJHul85jMEE9oB,Advanced,advanced,Back,Latissimus Dorsi,,Gymnastic Rings,2,,0,Gymnastic Rings,gym,Hanging,Double Arm,Alternating,Pronated,No Load,Continuous,No Elevation,Single Exercise,Vertical Pull,Frontal Plane,Upper Body,Pull,Compound,Unilateral,Calisthenics
ring-archer-push-up,Ring Archer Push Up,https://youtu.be/Go96FtKDQIA,,Advanced,advanced,Chest,Pectoralis Major,,Gymnastic Rings,2,,0,Gymnastic Rings,gym,Prone,Double Arm,Alternating,Neutral,No Load,Continuous,No Elevation,Single Exercise,Horizontal Push,Frontal Plane,Upper Body,Push,Compound,Unilateral,Calisthenics
ring-archer-row,Ring Archer Row,https://youtu.be/s1Cuq185q6Y?si=TNXwSjV_mkE_2ty0,https://youtu.be/Ws9_paHK0so?si=Kvjudlnfl3VJzrNo,Novice,beginner,Shoulders,Posterior Deltoids,,Gymnastic Rings,2,,0,Gymnastic Rings,gym,Standing,Double Arm,Alternating,Neutral,No Load,Continuous,No Elevation,Single Exercise,Horizontal Pull,Frontal Plane,Upper Body,Pull,Compound,Unilateral,
ring-back-lever-pullout,Ring Back Lever Pullout,https://youtu.be/FRBr2pomeOM?si=15TQvL3xIskTVzVA,,Master,advanced,Abdominals,Rectus Abdominis,,Gymnastic Rings,2,,0,Gymnastic Rings,gym,Hanging,Double Arm,Continuous,Pronated,No Load,Continuous,No Elevation,Single Exercise,Vertical Pull,Sagittal Plane,Upper Body,Pull,Compound,Bilateral,Calisthenics
ring-bent-arm-bent-body-press-handstand,Ring Bent Arm Bent Body Press Handstand,https://youtu.be/TxkC9nrvOho,,Master,advanced,Shoulders,Anterior Deltoids,Triceps Brachii,Gymnastic Rings,2,,0,Gymnastic Rings,gym,Inverted,Double Arm,Continuous,Neutral,No Load,Continuous,No Elevation,Single Exercise,Vertical Push,Sagittal Plane,Upper Body,Push,Compound,Bilateral,Calisthenics
ring-body-saw,Ring Body Saw,https://youtu.be/EqGVH1qHzwU?si=hyDFD2YkFH9OLT29,,Novice,beginner,Abdominals,Rectus Abdominis,,Gymnastic Rings,1,,0,Gymnastic Rings,gym,Prone,Double Arm,Continuous,Forearm,No Load,Continuous,Feet Elevated,Single Exercise,Anti-Extension,Sagittal Plane,Core,Other,Compound,Bilateral,
ring-bulgarian-l-sit-pull-up,Ring Bulgarian L Sit Pull Up,https://youtu.be/3U86aaJuyRs,,Advanced,advanced,Back,Latissimus Dorsi,Biceps Brachii,Gymnastic Rings,2,,0,Gymnastic Rings,gym,Hanging,Double Arm,Continuous,Pronated,No Load,Continuous,No Elevation,Single Exercise,Vertical Pull,Sagittal Plane,Upper Body,Pull,Compound,Bilateral,Calisthenics
ring-bulgarian-pull-up,Ring Bulgarian Pull Up,https://youtu.be/Xk0GovwG8Go,https://youtu.be/ek9in7TOqjs,Advanced,advanced,Back,Latissimus Dorsi,Biceps Brachii,Gymnastic Rings,2,,0,Gymnastic Rings,gym,Hanging,Double Arm,Continuous,Pronated,No Load,Continuous,No Elevation,Single Exercise,Vertical Pull,Sagittal Plane,Upper Body,Pull,Compound,Bilateral,Calisthenics
ring-bulgarian-row,Ring Bulgarian Row,https://youtu.be/5CxPrNkhm2k,,Novice,beginner,Back,Latissimus Dorsi,Biceps Brachii,Gymnastic Rings,2,,0,Gymnastic Rings,gym,Supine,Double Arm,Continuous,Pronated,No Load,Continuous,No Elevation,Single Exercise,Horizontal Pull,Sagittal Plane,Upper Body,Pull,Compound,Bilateral,Calisthenics
ring-chest-fly,Ring Chest Fly,https://youtu.be/ytAxGbZ7g80,https://youtu.be/1eqKau93EPw,Intermediate,intermediate,Chest,Pectoralis Major,Anterior Deltoids|Biceps Brachii,Gymnastic Rings,2,,0,Gymnastic Rings,gym,Prone,Double Arm,Continuous,Neutral,No Load,Continuous,No Elevation,Single Exercise,Horizontal Adduction,Transverse Plane,Upper Body,Push,Isolation,Bilateral,
ring-chin-up,Ring Chin Up,https://youtu.be/rJiYA9jn3YI,,Intermediate,intermediate,Biceps,Biceps Brachii,Latissimus Dorsi,Gymnastic Rings,2,,0,Gymnastic Rings,gym,Hanging,Double Arm,Continuous,Supinated,No Load,Continuous,No Elevation,Single Exercise,Vertical Pull,Sagittal Plane,Upper Body,Pull,Compound,Bilateral,Calisthenics
ring-dead-hang,Ring Dead Hang,https://youtu.be/uMcoQ-ijpsk,,Beginner,beginner,Forearms,Brachioradialis,Latissimus Dorsi|Teres Major,Gymnastic Rings,2,,0,Gymnastic Rings,gym,Hanging,Double Arm,Continuous,Pronated,No Load,Continuous,No Elevation,Single Exercise,Isometric Hold,Sagittal Plane,Upper Body,Other,Compound,Bilateral,Calisthenics
ring-dips,Ring Dips,https://youtu.be/EznLCDBAPIU,https://youtu.be/Kr5Uuuy5DAI,Advanced,advanced,Triceps,Triceps Brachii,Pectoralis Major|Anterior Deltoids,Gymnastic Rings,2,,0,Gymnastic Rings,gym,Hanging,Double Arm,Continuous,Neutral,No Load,Continuous,No Elevation,Single Exercise,Vertical Push,Sagittal Plane,Upper Body,Push,Compound,Bilateral,Calisthenics
ring-eccentric-chin-up,Ring Eccentric Chin Up,https://youtu.be/QvgPN5XfDX8?si=0U64Q99rkmh8yNmO,https://youtu.be/Gh3vyrtzkmY,Novice,beginner,Biceps,Biceps Brachii,Latissimus Dorsi,Gymnastic Rings,2,,0,Gymnastic Rings,gym,Hanging,Double Arm,Continuous,Supinated,No Load,Continuous,No Elevation,Single Exercise,Vertical Pull,Sagittal Plane,Upper Body,Pull,Compound,Bilateral,Calisthenics
ring-eccentric-pull-up,Ring Eccentric Pull Up,https://youtu.be/4vEoBieXyKk,,Novice,beginner,Back,Latissimus Dorsi,,Gymnastic Rings,2,,0,Gymnastic Rings,gym,Hanging,Double Arm,Continuous,Pronated,No Load,Continuous,No Elevation,Single Exercise,Vertical Pull,Sagittal Plane,Upper Body,Pull,Compound,Bilateral,Calisthenics
ring-false-grip-pull-up,Ring False Grip Pull Up,https://youtu.be/7zn_K1omwQs,https://youtu.be/dKSQFLBe4o0?feature=shared,Advanced,advanced,Back,Latissimus Dorsi,,Gymnastic Rings,2,,0,Gymnastic Rings,gym,Hanging,Double Arm,Continuous,False Grip,No Load,Continuous,No Elevation,Single Exercise,Vertical Pull,Sagittal Plane,Upper Body,Pull,Compound,Bilateral,Calisthenics
ring-feet-elevated-bulgarian-row,Ring Feet Elevated Bulgarian Row,https://youtu.be/k84lpDtf5kQ,https://youtu.be/xYQtsjos2Iw,Intermediate,intermediate,Back,Latissimus Dorsi,Biceps Brachii,Gymnastic Rings,2,Bench (Flat),1,Gymnastic Rings|Bench (Flat),gym,Supine,Double Arm,Continuous,Pronated,No Load,Continuous,Feet Elevated,Single Exercise,Horizontal Pull,Sagittal Plane,Upper Body,Pull,Compound,Bilateral,Calisthenics
ring-feet-elevated-mountain-climber,Ring Feet Elevated Mountain Climber,https://youtu.be/kbPOFMH-Ivk?si=ftd7bXesKjVBgNrW,,Intermediate,intermediate,Abdominals,Rectus Abdominis,Iliopsoas|Anterior Deltoids,Gymnastic Rings,2,,0,Gymnastic Rings,gym,Prone,Double Arm,Continuous,Flat Palm,No Load,Alternating,Feet Elevated,Single Exercise,Anti-Extension|Spinal Flexion,Sagittal Plane,Core,Other,Compound,Unilateral,Calisthenics
ring-feet-elevated-pelican-push-up,Ring Feet Elevated Pelican Push Up,https://youtu.be/HdaAXHcN0-M?si=fT7_2ec7wdcSALfm,,Expert,advanced,Chest,Pectoralis Major,Triceps Brachii|Biceps Brachii,Gymnastic Rings,2,Bench (Flat),1,Gymnastic Rings|Bench (Flat),gym,Prone,Double Arm,Continuous,Supinated,No Load,Continuous,Feet Elevated,Single Exercise,Horizontal Push,Sagittal Plane,Upper Body,Push,Compound,Bilateral,Calisthenics
ring-feet-elevated-pike-push-up,Ring Feet Elevated Pike Push Up,https://youtu.be/T7F6-FEmvrs,,Advanced,advanced,Shoulders,Anterior Deltoids,Triceps Brachii,Gymnastic Rings,2,Bench (Flat),1,Gymnastic Rings|Bench (Flat),gym,Inverted,Double Arm,Continuous,Neutral,No Load,Continuous,Feet Elevated,Single Exercise,Vertical Push,Sagittal Plane,Upper Body,Push,Compound,Bilateral,Calisthenics
ring-feet-elevated-row,Ring Feet Elevated Row,https://youtu.be/u3XIZSv2Npw,https://youtu.be/Re3peup7iSg,Intermediate,intermediate,Back,Latissimus Dorsi,Biceps Brachii,Gymnastic Rings,2,Bench (Flat),1,Gymnastic Rings|Bench (Flat),gym,Supine,Double Arm,Continuous,Neutral,No Load,Continuous,Feet Elevated,Single Exercise,Horizontal Pull,Sagittal Plane,Upper Body,Pull,Compound,Bilateral,Calisthenics
ring-full-back-lever,Ring Full Back Lever,https://youtu.be/ZFEy1s_N820,https://youtu.be/HXaG8mJmSnU,Expert,advanced,Abdominals,Rectus Abdominis,,Gymnastic Rings,2,,0,Gymnastic Rings,gym,Hanging,Double Arm,Continuous,Pronated,No Load,Continuous,No Elevation,Single Exercise,Isometric Hold,Sagittal Plane,Full Body,Other,Compound,Bilateral,Calisthenics
ring-full-front-lever,Ring Full Front Lever,https://youtu.be/rB9EcLohiVs,https://youtu.be/_qNRNyI3qxM,Expert,advanced,Abdominals,Rectus Abdominis,,Gymnastic Rings,2,,0,Gymnastic Rings,gym,Hanging,Double Arm,Continuous,Pronated,No Load,Continuous,No Elevation,Single Exercise,Isometric Hold,Sagittal Plane,Full Body,Other,Compound,Bilateral,Calisthenics
ring-german-hang-pullout,Ring German Hang Pullout,https://youtu.be/J34xkKOc9GI,,Expert,advanced,Abdominals,Rectus Abdominis,,Gymnastic Rings,2,,0,Gymnastic Rings,gym,Hanging,Double Arm,Continuous,Pronated,No Load,Continuous,No Elevation,Single Exercise,Vertical Pull,Sagittal Plane,Upper Body,Pull,Compound,Bilateral,Calisthenics
ring-gironda-sternum-chin-up,Ring Gironda Sternum Chin Up,https://youtu.be/PUjiG2iQHzk?si=OVi5AVNaOFs0SP5b,https://youtu.be/STqWO-kYEnw,Expert,advanced,Biceps,Biceps Brachii,Latissimus Dorsi,Gymnastic Rings,2,,0,Gymnastic Rings,gym,Hanging,Double Arm,Continuous,Supinated,No Load,Continuous,No Elevation,Single Exercise,Vertical Pull,Sagittal Plane,Upper Body,Pull,Compound,Bilateral,Calisthenics
ring-grip-push-up,Ring Grip Push Up,https://youtu.be/d305HI37Rc0,,Expert,advanced,Chest,Pectoralis Major,Triceps Brachii|Anterior Deltoids,Gymnastic Rings,2,,0,Gymnastic Rings,gym,Prone,Double Arm,Continuous,Neutral,No Load,Continuous,No Elevation,Single Exercise,Horizontal Push,Sagittal Plane,Upper Body,Push,Compound,Bilateral,Calisthenics
ring-hanging-knee-raise,Ring Hanging Knee Raise,https://youtu.be/RPBH_Dw5hUo?si=SqKs_FnqsPMuLdq0,,Intermediate,intermediate,Abdominals,Rectus Abdominis,Iliopsoas|Rectus Femoris,Gymnastic Rings,2,,0,Gymnastic Rings,gym,Hanging,Double Arm,Continuous,Pronated,No Load,Continuous,No Elevation,Single Exercise,Spinal Flexion,Sagittal Plane,Core,Other,Compound,Bilateral,Calisthenics
ring-hanging-knees-to-elbows,Ring Hanging Knees to Elbows,https://youtu.be/SxLuhaSaPM4,,Advanced,advanced,Abdominals,Rectus Abdominis,Iliopsoas|Rectus Femoris,Gymnastic Rings,2,,0,Gymnastic Rings,gym,Hanging,Double Arm,Continuous,Pronated,No Load,Continuous,No Elevation,Single Exercise,Spinal Flexion,Sagittal Plane,Core,Other,Compound,Bilateral,Calisthenics
ring-hanging-l-sit,Ring Hanging L Sit,https://youtu.be/8DMns2IRlg4?si=hbMMsP9DfSOthR7b,https://youtu.be/iyr4PtWBF08?si=QcxDk9hLR9xK8GT8,Intermediate,intermediate,Abdominals,Rectus Abdominis,,Gymnastic Rings,2,,0,Gymnastic Rings,gym,Hanging,Double Arm,Continuous,Pronated,No Load,Continuous,No Elevation,Single Exercise,Isometric Hold,Sagittal Plane,Core,Other,Compound,Bilateral,Calisthenics
ring-hanging-l-sit-flutter-kicks,Ring Hanging L Sit Flutter Kicks,https://youtu.be/Y7Ua1YRsqd0,,Intermediate,intermediate,Hip Flexors,Iliopsoas,Rectus Abdominis,Gymnastic Rings,2,,0,Gymnastic Rings,gym,Hanging,Double Arm,Continuous,Pronated,No Load,Alternating,No Elevation,Single Exercise,Hip Flexion|Isometric Hold,Sagittal Plane,Core,Other,Compound,Unilateral,Calisthenics
ring-hanging-leg-raise,Ring Hanging Leg Raise,https://youtu.be/IMWzJ7zkklA,,Advanced,advanced,Abdominals,Rectus Abdominis,Iliopsoas|Obliques,Gymnastic Rings,2,,0,Gymnastic Rings,gym,Hanging,Double Arm,Continuous,Pronated,No Load,Continuous,No Elevation,Single Exercise,Hip Flexion,Sagittal Plane,Core,Other,Compound,Bilateral,Calisthenics
ring-hanging-tuck-l-sit,Ring Hanging Tuck L Sit,https://youtu.be/SLyOG8ujcu0?si=IAzc53JTuuKNMz90,https://youtu.be/U6vPgL10NT0?feature=shared,Intermediate,intermediate,Abdominals,Rectus Abdominis,,Gymnastic Rings,2,,0,Gymnastic Rings,gym,Hanging,Double Arm,Continuous,Pronated,No Load,Continuous,No Elevation,Single Exercise,Isometric Hold,Sagittal Plane,Core,Other,Compound,Bilateral,Calisthenics
ring-inverted-hang,Ring Inverted Hang,https://youtu.be/txtXtF2-4S0,https://youtu.be/qKjdH5Lan5o,Advanced,advanced,Abdominals,Rectus Abdominis,,Gymnastic Rings,2,,0,Gymnastic Rings,gym,Hanging,Double Arm,Continuous,Pronated,No Load,Continuous,No Elevation,Single Exercise,Isometric Hold,Sagittal Plane,Full Body,Other,Compound,Bilateral,Calisthenics
ring-inverted-iron-cross,Ring Inverted Iron Cross,https://youtu.be/qO5ZqLJD_ZQ,,Grand Master,advanced,Back,Latissimus Dorsi,Biceps Brachii,Gymnastic Rings,2,,0,Gymnastic Rings,gym,Inverted,Double Arm,Continuous,Neutral,No Load,Continuous,No Elevation,Single Exercise,Isometric Hold,Sagittal Plane,Full Body,,Compound,Bilateral,Calisthenics
ring-iron-cross,Ring Iron Cross,https://youtu.be/HZbee93OIdo,https://youtu.be/8nbFV-BOEL8,Master,advanced,Back,Latissimus Dorsi,Biceps Brachii,Gymnastic Rings,2,,0,Gymnastic Rings,gym,Hanging,Double Arm,Continuous,Pronated,No Load,Continuous,No Elevation,Single Exercise,Isometric Hold,Sagittal Plane,Upper Body,,Compound,Bilateral,Calisthenics
ring-kneeling-rollout,Ring Kneeling Rollout,https://youtu.be/LMQIG45Wwd8,,Intermediate,intermediate,Abdominals,Rectus Abdominis,Latissimus Dorsi|Serratus Anterior,Gymnastic Rings,2,,0,Gymnastic Rings,gym,Kneeling,Double Arm,Continuous,Pronated,No Load,Continuous,No Elevation,Single Exercise,Anti-Extension,Sagittal Plane,Core,Other,Compound,Bilateral,Calisthenics
ring-l-sit,Ring L Sit,https://youtu.be/lwcHmXvw-T4,https://youtu.be/2kMkNFRbLJQ,Advanced,advanced,Abdominals,Rectus Abdominis,,Gymnastic Rings,2,,0,Gymnastic Rings,gym,Hanging,Double Arm,Continuous,Neutral,No Load,Continuous,No Elevation,Single Exercise,Isometric Hold,Sagittal Plane,Core,Other,Compound,Bilateral,Calisthenics
ring-l-sit-chin-up,Ring L Sit Chin Up,https://youtu.be/SnBGaBxK3T0,,Advanced,advanced,Biceps,Biceps Brachii,Latissimus Dorsi|Rectus Abdominis,Gymnastic Rings,2,,0,Gymnastic Rings,gym,Hanging,Double Arm,Continuous,Supinated,No Load,Continuous,No Elevation,Single Exercise,Vertical Pull|Isometric Hold,Sagittal Plane,Upper Body,Pull,Compound,Bilateral,Calisthenics
ring-l-sit-dips,Ring L Sit Dips,https://youtu.be/zMJpC7y-6SE,,Advanced,advanced,Triceps,Triceps Brachii,Pectoralis Major|Anterior Deltoids,Gymnastic Rings,2,,0,Gymnastic Rings,gym,Hanging,Double Arm,Continuous,Neutral,No Load,Continuous,No Elevation,Single Exercise,Vertical Push,Sagittal Plane,Upper Body,Push,Compound,Bilateral,Calisthenics
ring-l-sit-muscle-up,Ring L Sit Muscle Up,https://youtu.be/CP4kwFLxRYg,https://youtu.be/d_UZZJ3WMJE,Expert,advanced,Back,Latissimus Dorsi,Triceps Brachii|Rectus Abdominis,Gymnastic Rings,2,,0,Gymnastic Rings,gym,Hanging,Double Arm,Continuous,False Grip,No Load,Continuous,No Elevation,Single Exercise,Vertical Pull|Vertical Push,Sagittal Plane,Upper Body,Push & Pull,Compound,Bilateral,Calisthenics
ring-l-sit-pull-up,Ring L Sit Pull Up,https://youtu.be/Aa9U0XNNBfU,,Advanced,advanced,Back,Latissimus Dorsi,Biceps Brachii|Rectus Abdominis,Gymnastic Rings,2,,0,Gymnastic Rings,gym,Hanging,Double Arm,Continuous,Pronated,No Load,Continuous,No Elevation,Single Exercise,Vertical Pull|Isometric Hold,Sagittal Plane,Upper Body,Pull,Compound,Bilateral,Calisthenics
ring-maltese,Ring Maltese,https://youtu.be/CvVSQjBGdxY?si=NNbbzDLa-chZFz3I,,Grand Master,advanced,Abdominals,Rectus Abdominis,,Gymnastic Rings,2,,0,Gymnastic Rings,gym,Prone,Double Arm,Continuous,Supinated,No Load,Continuous,No Elevation,Single Exercise,Isometric Hold,Sagittal Plane,Upper Body,Other,Compound,Bilateral,Calisthenics
ring-maltese-push-up,Ring Maltese Push Up,https://youtu.be/kpOpHoywVKU,,Expert,advanced,Chest,Pectoralis Major,Triceps Brachii,Gymnastic Rings,2,,0,Gymnastic Rings,gym,Prone,Double Arm,Continuous,Supinated,No Load,Continuous,No Elevation,Single Exercise,Horizontal Push,Sagittal Plane,Upper Body,Push,Compound,Bilateral,Calisthenics
ring-mountain-climber,Ring Mountain Climber,https://youtu.be/5BaV4f58I3c?si=LhV-BmrDvHK1G_uI,https://youtu.be/H3M1UKeySQs?si=dbukNE8t9wj_3xyc,Intermediate,intermediate,Abdominals,Rectus Abdominis,Iliopsoas|Anterior Deltoids,Gymnastic Rings,2,,0,Gymnastic Rings,gym,Prone,Double Arm,Continuous,Neutral,No Load,Alternating,No Elevation,Single Exercise,Anti-Extension|Spinal Flexion,Sagittal Plane,Core,Other,Compound,Unilateral,Calisthenics
ring-pelican-curl,Ring Pelican Curl,https://youtu.be/GCU9MgR78go?si=9_MfbrIFqCoJ9wnJ,https://youtu.be/lpC92lkXoUs?si=haZuxsNmnlch5_FY,Advanced,advanced,Biceps,Biceps Brachii,Pectoralis Major,Gymnastic Rings,2,,0,Gymnastic Rings,gym,Standing,Double Arm,Continuous,Supinated,No Load,Continuous,No Elevation,Single Exercise,Elbow Flexion,Sagittal Plane,Upper Body,Pull,Compound,Bilateral,Calisthenics
ring-pelican-push-up,Ring Pelican Push Up,https://youtu.be/4zSzWYRiBGI?si=NqLN5I_ZFwPkfPXM,https://youtu.be/FdHD9_QPrYQ?si=_YoFuGGgP9tX8_95,Expert,advanced,Chest,Pectoralis Major,Triceps Brachii|Biceps Brachii,Gymnastic Rings,2,,0,Gymnastic Rings,gym,Prone,Double Arm,Continuous,Supinated,No Load,Continuous,No Elevation,Single Exercise,Horizontal Push,Sagittal Plane,Upper Body,Push,Compound,Bilateral,Calisthenics
ring-plank,Ring Plank,https://youtu.be/p3zS2AMqGlg,,Novice,beginner,Abdominals,Rectus Abdominis,,Gymnastic Rings,2,,0,Gymnastic Rings,gym,Prone,Double Arm,Continuous,Neutral,No Load,Continuous,No Elevation,Single Exercise,Anti-Extension,Sagittal Plane,Core,Other,Compound,Bilateral,Calisthenics
ring-pseudo-planche-push-up,Ring Pseudo Planche Push Up,https://youtu.be/f09iB8jbioo?si=MFJiOigiohOtQybY,https://youtu.be/uJ8BSKqNL2Q?si=yrWRLDv4E3twf0UP,Expert,advanced,Chest,Pectoralis Major,Anterior Deltoids,Gymnastic Rings,2,,0,Gymnastic Rings,gym,Prone,Double Arm,Continuous,Neutral,No Load,Continuous,No Elevation,Single Exercise,Horizontal Push,Sagittal Plane,Upper Body,Push,Compound,Bilateral,Calisthenics
ring-pull-up,Ring Pull Up,https://youtu.be/cLqkGqiva1M,,Intermediate,intermediate,Back,Latissimus Dorsi,,Gymnastic Rings,2,,0,Gymnastic Rings,gym,Hanging,Double Arm,Continuous,Pronated,No Load,Continuous,No Elevation,Single Exercise,Vertical Pull,Sagittal Plane,Upper Body,Pull,Compound,Bilateral,Calisthenics
ring-push-up,Ring Push Up,https://youtu.be/u8tOhNwiL70,https://youtu.be/QD8yeUtH-QM,Intermediate,intermediate,Chest,Pectoralis Major,Triceps Brachii,Gymnastic Rings,2,,0,Gymnastic Rings,gym,Prone,Double Arm,Continuous,Neutral,No Load,Continuous,No Elevation,Single Exercise,Horizontal Push,Sagittal Plane,Upper Body,Push,Compound,Bilateral,Calisthenics
ring-row,Ring Row,https://youtu.be/xhlReCpAE9k,,Novice,beginner,Back,Latissimus Dorsi,Biceps Brachii,Gymnastic Rings,2,,0,Gymnastic Rings,gym,Supine,Double Arm,Continuous,Neutral,No Load,Continuous,No Elevation,Single Exercise,Horizontal Pull,Sagittal Plane,Upper Body,Pull,Compound,Bilateral,Calisthenics
ring-shoulder-stand,Ring Shoulder Stand,https://youtu.be/_Jf4hAHEwm8,https://youtu.be/PTW_c05GXdg,Expert,advanced,Shoulders,Anterior Deltoids,Triceps Brachii|Rectus Abdominis,Gymnastic Rings,2,,0,Gymnastic Rings,gym,Inverted,Double Arm,Continuous,Neutral,No Load,Continuous,No Elevation,Single Exercise,Isometric Hold,Sagittal Plane,Upper Body,Other,Compound,Bilateral,Calisthenics
ring-side-plank,Ring Side Plank,https://youtu.be/PQ3Vz8fp73k,,Advanced,advanced,Abdominals,Obliques,Rectus Abdominis,Gymnastic Rings,1,,0,Gymnastic Rings,gym,Side Plank,Single Arm,Continuous,Neutral,No Load,Continuous,No Elevation,Single Exercise,Anti-Lateral Flexion,Frontal Plane,Core,Other,Compound,Unilateral,Calisthenics
ring-skin-the-cat,Ring Skin the Cat,https://youtu.be/ABSpTs17ObA,https://youtu.be/2T_wIiM8x8I,Intermediate,intermediate,Back,Latissimus Dorsi,Rectus Abdominis|Teres Major,Gymnastic Rings,2,,0,Gymnastic Rings,gym,Hanging,Double Arm,Continuous,Pronated,No Load,Continuous,No Elevation,Single Exercise,Rotational,Sagittal Plane,Upper Body,Pull,Compound,Bilateral,Calisthenics
ring-standing-rollout,Ring Standing Rollout,https://youtu.be/or7xH0BirKw?si=5oL6x2NsxvCfWaBo,,Advanced,advanced,Abdominals,Rectus Abdominis,Latissimus Dorsi|Serratus Anterior,Gymnastic Rings,2,,0,Gymnastic Rings,gym,Standing,Double Arm,Continuous,Pronated,No Load,Continuous,No Elevation,Single Exercise,Anti-Extension,Sagittal Plane,Core,Other,Compound,Bilateral,Calisthenics
ring-straddle-front-lever,Ring Straddle Front Lever,https://youtu.be/eI-15uPc0yE,,Advanced,advanced,Abdominals,Rectus Abdominis,,Gymnastic Rings,2,,0,Gymnastic Rings,gym,Hanging,Double Arm,Continuous,Pronated,No Load,Continuous,No Elevation,Single Exercise,Isometric Hold,Sagittal Plane,Full Body,Other,Compound,Bilateral,Calisthenics
ring-straddle-l-sit,Ring Straddle L Sit,https://youtu.be/pjk0vGe9YRU,https://youtu.be/_XDh5e-fXSg,Expert,advanced,Abdominals,Rectus Abdominis,,Gymnastic Rings,2,,0,Gymnastic Rings,gym,L Sit,Double Arm,Continuous,Supinated,No Load,Continuous,No Elevation,Single Exercise,Isometric Hold,Sagittal Plane,Core,,Compound,Bilateral,Calisthenics
ring-strap-bulgarian-handstand-push-up,Ring Strap Bulgarian Handstand Push Up,https://youtu.be/ZNCupJIYP6M,,Master,advanced,Shoulders,Anterior Deltoids,Triceps Brachii,Gymnastic Rings,2,,0,Gymnastic Rings,gym,Inverted,Double Arm,Continuous,Pronated,No Load,Continuous,No Elevation,Single Exercise,Vertical Push,Sagittal Plane,Upper Body,Push,Compound,Bilateral,Calisthenics
ring-strap-handstand,Ring Strap Handstand,https://youtu.be/3cLo1dWPqis,,Expert,advanced,Shoulders,Anterior Deltoids,Triceps Brachii|Rectus Abdominis,Gymnastic Rings,2,,0,Gymnastic Rings,gym,Inverted,Double Arm,Continuous,Neutral,No Load,Continuous,No Elevation,Single Exercise,Isometric Hold,Sagittal Plane,Upper Body,Other,Compound,Bilateral,Calisthenics
ring-strap-handstand-push-up,Ring Strap Handstand Push Up,https://youtu.be/nUt-_d3zP2w,https://youtu.be/BMeac2RxtM0,Expert,advanced,Shoulders,Anterior Deltoids,Triceps Brachii,Gymnastic Rings,2,,0,Gymnastic Rings,gym,Inverted,Double Arm,Continuous,Neutral,No Load,Continuous,No Elevation,Single Exercise,Vertical Push,Sagittal Plane,Upper Body,Push,Compound,Bilateral,Calisthenics
ring-strict-muscle-up,Ring Strict Muscle Up,https://youtu.be/vJTJFc2wmk4,https://youtu.be/j-5Ubq3ZOds,Expert,advanced,Back,Latissimus Dorsi,Triceps Brachii|Biceps Brachii,Gymnastic Rings,2,,0,Gymnastic Rings,gym,Hanging,Double Arm,Continuous,False Grip,No Load,Continuous,No Elevation,Single Exercise,Vertical Pull|Vertical Push,Sagittal Plane,Upper Body,Push & Pull,Compound,Bilateral,Calisthenics
ring-support-hold,Ring Support Hold,https://youtu.be/kONbxg4kzkE,https://youtu.be/9PKChU9Ozs8,Advanced,advanced,Abdominals,Rectus Abdominis,,Gymnastic Rings,2,,0,Gymnastic Rings,gym,Hanging,Double Arm,Continuous,Neutral,No Load,Continuous,No Elevation,Single Exercise,Isometric Hold,Sagittal Plane,Upper Body,Other,Compound,Bilateral,Calisthenics
ring-tuck-back-lever,Ring Tuck Back Lever,https://youtu.be/SZV1-ts76CM,https://youtu.be/-hdW6N3sEXA,Advanced,advanced,Abdominals,Rectus Abdominis,,Gymnastic Rings,2,,0,Gymnastic Rings,gym,Hanging,Double Arm,Continuous,Pronated,No Load,Continuous,No Elevation,Single Exercise,Isometric Hold,Sagittal Plane,Full Body,Other,Compound,Bilateral,Calisthenics
ring-tuck-back-lever-with-alternating-single-leg-extensions,Ring Tuck Back Lever with Alternating Single Leg Extensions,https://youtu.be/DB63aMHSfX8,,Advanced,advanced,Abdominals,Rectus Abdominis,,Gymnastic Rings,2,,0,Gymnastic Rings,gym,Hanging,Double Arm,Continuous,Pronated,No Load,Alternating,No Elevation,Single Exercise,Isometric Hold,Sagittal Plane,Upper Body,Other,Compound,Unilateral,Calisthenics
ring-tuck-front-lever,Ring Tuck Front Lever,https://youtu.be/JxlKAuD9gkA,https://youtu.be/eicU_5iBP5U,Advanced,advanced,Abdominals,Rectus Abdominis,,Gymnastic Rings,2,,0,Gymnastic Rings,gym,Hanging,Double Arm,Continuous,Pronated,No Load,Continuous,No Elevation,Single Exercise,Isometric Hold,Sagittal Plane,Full Body,Other,Compound,Bilateral,Calisthenics
ring-tuck-front-lever-pull-up,Ring Tuck Front Lever Pull Up,https://youtu.be/7gLyX3Q1KJA,https://youtu.be/F5s7rHb2xLY,Expert,advanced,Back,Latissimus Dorsi,,Gymnastic Rings,2,,0,Gymnastic Rings,gym,Hanging,Double Arm,Continuous,Pronated,No Load,Continuous,No Elevation,Single Exercise,Horizontal Pull,Sagittal Plane,Upper Body,Pull,Compound,Bilateral,Calisthenics
ring-tuck-front-lever-with-alternating-single-leg-extensions,Ring Tuck Front Lever with Alternating Single Leg Extensions,https://youtu.be/iK78Q6NwH-Q,,Advanced,advanced,Abdominals,Rectus Abdominis,,Gymnastic Rings,2,,0,Gymnastic Rings,gym,Hanging,Double Arm,Continuous,Pronated,No Load,Alternating,No Elevation,Single Exercise,Isometric Hold,Sagittal Plane,Full Body,Other,Compound,Unilateral,Calisthenics
ring-tuck-l-sit,Ring Tuck L Sit,https://youtu.be/Vuc-nodHS0Y?si=S81fiCUEtPrZUe6Z,https://youtu.be/NeJDHqCt-Iw?si=teutU9ZtUh-eMFtg,Intermediate,intermediate,Abdominals,Rectus Abdominis,,Gymnastic Rings,2,,0,Gymnastic Rings,gym,Tuck L Sit,Double Arm,Continuous,Neutral,No Load,Continuous,No Elevation,Single Exercise,Isometric Hold,Sagittal Plane,Core,Other,Compound,Bilateral,Calisthenics
ring-tuck-planche,Ring Tuck Planche,https://youtu.be/ch0kaD--kIA,,Advanced,advanced,Abdominals,Rectus Abdominis,Biceps Brachii,Gymnastic Rings,2,,0,Gymnastic Rings,gym,Other,Double Arm,Continuous,Neutral,No Load,Continuous,No Elevation,Single Exercise,Isometric Hold,Sagittal Plane,Full Body,Other,Compound,Bilateral,Calisthenics
ring-windshield-wiper,Ring Windshield Wiper,https://youtu.be/3pZ6wfIz08Y?si=5fpjOOF_aj7Rqkva,,Advanced,advanced,Abdominals,Obliques,Rectus Abdominis|Transverse Abdominis,Gymnastic Rings,2,,0,Gymnastic Rings,gym,Hanging,Double Arm,Continuous,Pronated,No Load,Continuous,No Elevation,Single Exercise,Rotational,Transverse Plane,Core,Other,Compound,Bilateral,Calisthenics
sandbag-back-rack-alternating-cossack-squat,Sandbag Back Rack Alternating Cossack Squat,https://youtu.be/V-CvLcQhsPk?feature=shared,,Novice,beginner,Quadriceps,Quadriceps Femoris,Adductor Magnus|Gluteus Maximus,Sandbag,1,,0,Sandbag,gym,Standing,Double Arm,Continuous,Pronated,Back Rack,Alternating,No Elevation,Single Exercise,Knee Dominant,Frontal Plane,Lower Body,Push,Compound,Unilateral,Bodybuilding
sandbag-back-rack-alternating-curtsy-lunge,Sandbag Back Rack Alternating Curtsy Lunge,https://youtu.be/L6KZyggcDjE?feature=shared,,Novice,beginner,Quadriceps,Quadriceps Femoris,Gluteus Maximus|Adductor Magnus,Sandbag,1,,0,Sandbag,gym,Standing,Double Arm,Continuous,Neutral,Back Rack,Alternating,No Elevation,Single Exercise,Knee Dominant,Frontal Plane,Lower Body,Push,Compound,Unilateral,Bodybuilding
sandbag-back-rack-bulgarian-split-squat,Sandbag Back Rack Bulgarian Split Squat,https://youtu.be/uuVkmAJd-y0?si=JvCPYFXj-MAzRMAF,,Novice,beginner,Quadriceps,Quadriceps Femoris,Gluteus Maximus|Biceps Femoris,Sandbag,1,Bench (Flat),1,Sandbag|Bench (Flat),gym,Single Leg Supported,Double Arm,Continuous,Neutral,Back Rack,Continuous,Foot Elevated (Rear),Single Exercise,Knee Dominant,Sagittal Plane,Lower Body,Push,Compound,Unilateral,Bodybuilding
sandbag-back-rack-march,Sandbag Back Rack March,https://youtu.be/-s80JT1GZRs?si=qKXPOlVNn8DU_o2f,,Novice,beginner,Hip Flexors,Iliopsoas,Rectus Abdominis|Gluteus Medius,Sandbag,1,,0,Sandbag,gym,March,Double Arm,Continuous,Neutral,Back Rack,Alternating,No Elevation,Single Exercise,Locomotion,Sagittal Plane,Core,Other,Compound,Unilateral,Balance
sandbag-back-rack-split-squat,Sandbag Back Rack Split Squat,https://youtu.be/h1IDfUy9JCg?si=8aLbq-QZwId9tfAE,,Novice,beginner,Quadriceps,Quadriceps Femoris,Gluteus Maximus|Biceps Femoris,Sandbag,1,,0,Sandbag,gym,Split Squat,Double Arm,Continuous,Neutral,Back Rack,Continuous,No Elevation,Single Exercise,Knee Dominant,Sagittal Plane,Lower Body,Push,Compound,Unilateral,Bodybuilding
sandbag-back-rack-squat,Sandbag Back Rack Squat,https://youtu.be/TTZlek-Jeec?si=nJsuOnJws7uylodj,,Novice,beginner,Quadriceps,Quadriceps Femoris,Gluteus Maximus,Sandbag,1,,0,Sandbag,gym,Standing,Double Arm,Continuous,Pronated,Back Rack,Continuous,No Elevation,Single Exercise,Knee Dominant,Sagittal Plane,Lower Body,Push,Compound,Bilateral,Bodybuilding
sandbag-back-rack-walking-lunge,Sandbag Back Rack Walking Lunge,https://youtu.be/LUESjt8b2vY?si=vYksLJ6mIw7_F_DZ,,Novice,beginner,Quadriceps,Quadriceps Femoris,Gluteus Maximus|Biceps Femoris,Sandbag,1,,0,Sandbag,gym,Walking,Double Arm,Continuous,Neutral,Back Rack,Alternating,No Elevation,Single Exercise,Knee Dominant,Sagittal Plane,Lower Body,Push,Compound,Unilateral,Bodybuilding
sandbag-bent-over-row,Sandbag Bent Over Row,https://youtu.be/QWniDREaQVY?si=nOmYsg0t5nXPcb0Q,https://youtu.be/hnt1DO1q4fs?si=Nbw2OkPvZt3CvBtf,Beginner,beginner,Back,Latissimus Dorsi,Rhomboids|Posterior Deltoids,Sandbag,1,,0,Sandbag,gym,Standing,Double Arm,Continuous,Neutral,Other,Continuous,No Elevation,Single Exercise,Horizontal Pull,Sagittal Plane,Upper Body,Pull,Compound,Bilateral,Bodybuilding
sandbag-front-rack-alternating-cossack-squat,Sandbag Front Rack Alternating Cossack Squat,https://youtu.be/XOCZvsIB-ys?si=icJ1C2ots-yLy5_7,,Novice,beginner,Quadriceps,Quadriceps Femoris,Adductor Magnus|Gluteus Maximus,Sandbag,1,,0,Sandbag,gym,Standing,Double Arm,Continuous,Supinated,Front Rack,Alternating,No Elevation,Single Exercise,Knee Dominant,Frontal Plane,Lower Body,Push,Compound,Unilateral,Bodybuilding
sandbag-front-rack-alternating-forward-lunge,Sandbag Front Rack Alternating Forward Lunge,https://youtu.be/1L2HnCKmsRs?si=fIVyc7oXYDkkRzgJ,https://youtu.be/DOg-FzxnFKE?si=cD9DX5H-0kSOHKrL,Novice,beginner,Quadriceps,Quadriceps Femoris,Gluteus Maximus|Biceps Femoris,Sandbag,1,,0,Sandbag,gym,Standing,Double Arm,Continuous,Neutral,Front Rack,Alternating,No Elevation,Single Exercise,Knee Dominant,Sagittal Plane,Lower Body,Push,Compound,Unilateral,Bodybuilding
sandbag-front-rack-alternating-lateral-lunge,Sandbag Front Rack Alternating Lateral Lunge,https://youtu.be/0el8H9fy3g0?si=BdlZ75xoh6Xq1wpJ,https://youtu.be/LnzGMMZkbVQ?si=zqERNyO8tP3t4fpr,Novice,beginner,Quadriceps,Quadriceps Femoris,Gluteus Maximus|Adductor Magnus,Sandbag,1,,0,Sandbag,gym,Standing,Double Arm,Continuous,Neutral,Front Rack,Alternating,No Elevation,Single Exercise,Knee Dominant,Frontal Plane,Lower Body,Push,Compound,Unilateral,Bodybuilding
sandbag-front-rack-alternating-reverse-lunge,Sandbag Front Rack Alternating Reverse Lunge,https://youtu.be/SJe_O4NPU-E?si=OKoj1OGsurlSWTEA,,Novice,beginner,Quadriceps,Quadriceps Femoris,Gluteus Maximus|Biceps Femoris,Sandbag,1,,0,Sandbag,gym,Standing,Double Arm,Continuous,Neutral,Front Rack,Alternating,No Elevation,Single Exercise,Knee Dominant,Sagittal Plane,Lower Body,Push,Compound,Unilateral,Bodybuilding
sandbag-front-rack-bulgarian-split-squat,Sandbag Front Rack Bulgarian Split Squat,https://youtu.be/41RTZolbtPk?si=HjTttPYPllgpQXeT,,Novice,beginner,Quadriceps,Quadriceps Femoris,Gluteus Maximus|Biceps Femoris,Sandbag,1,Bench (Flat),1,Sandbag|Bench (Flat),gym,Single Leg Supported,Double Arm,Continuous,Supinated,Front Rack,Continuous,Foot Elevated (Rear),Single Exercise,Knee Dominant,Sagittal Plane,Lower Body,Push,Compound,Unilateral,Bodybuilding
sandbag-front-rack-curtsy-lunge,Sandbag Front Rack Curtsy Lunge,https://youtu.be/2DiU1YRLDQE?si=klXwkCZb6RsZjZl5,https://youtu.be/Y9lSGKJYFwY?si=aFD5teAXtSt83DvO,Novice,beginner,Quadriceps,Quadriceps Femoris,Gluteus Maximus|Adductor Magnus,Sandbag,1,,0,Sandbag,gym,Standing,Double Arm,Continuous,Neutral,Front Rack,Continuous,No Elevation,Single Exercise,Knee Dominant,Frontal Plane,Lower Body,Push,Compound,Unilateral,Bodybuilding
sandbag-front-rack-forward-lunge,Sandbag Front Rack Forward Lunge,https://youtu.be/DoXtPhcQZ0A?si=-jOVMkwU4yMda8b5,,Novice,beginner,Quadriceps,Quadriceps Femoris,Gluteus Maximus|Biceps Femoris,Sandbag,1,,0,Sandbag,gym,Standing,Double Arm,Continuous,Neutral,Front Rack,Continuous,No Elevation,Single Exercise,Knee Dominant,Sagittal Plane,Lower Body,Push,Compound,Unilateral,Bodybuilding
sandbag-front-rack-lateral-lunge,Sandbag Front Rack Lateral Lunge,https://youtu.be/U-z_jIM8Tew?si=SZspUD2oLZXeO5D2,,Novice,beginner,Quadriceps,Quadriceps Femoris,Gluteus Maximus|Adductor Magnus,Sandbag,1,,0,Sandbag,gym,Standing,Double Arm,Continuous,Neutral,Front Rack,Continuous,No Elevation,Single Exercise,Knee Dominant,Frontal Plane,Lower Body,Push,Compound,Unilateral,Bodybuilding
sandbag-front-rack-march,Sandbag Front Rack March,https://youtu.be/QU0tbSNu0-8?si=KcVtyY0N6KP7lrb_,,Novice,beginner,Hip Flexors,Iliopsoas,Rectus Abdominis|Gluteus Medius,Sandbag,1,,0,Sandbag,gym,March,Double Arm,Continuous,Neutral,Front Rack,Alternating,No Elevation,Single Exercise,Locomotion,Sagittal Plane,Core,Other,Compound,Unilateral,Balance
sandbag-front-rack-reverse-lunge,Sandbag Front Rack Reverse Lunge,https://youtu.be/I9YUnFtd81o?si=yuqTt95kbjtVETJd,https://youtu.be/N2p6CryLOj4?si=q_yo92IuDgBe7ZMy,Novice,beginner,Quadriceps,Quadriceps Femoris,Gluteus Maximus|Biceps Femoris,Sandbag,1,,0,Sandbag,gym,Standing,Double Arm,Continuous,Neutral,Front Rack,Continuous,No Elevation,Single Exercise,Knee Dominant,Sagittal Plane,Lower Body,Push,Compound,Unilateral,Bodybuilding
sandbag-front-rack-split-squat,Sandbag Front Rack Split Squat,https://youtu.be/b0rzm8OUjAc?si=Rz4zXBOgcisU6tEb,,Novice,beginner,Quadriceps,Quadriceps Femoris,Gluteus Maximus|Biceps Femoris,Sandbag,1,,0,Sandbag,gym,Split Squat,Double Arm,Continuous,Neutral,Front Rack,Continuous,No Elevation,Single Exercise,Knee Dominant,Sagittal Plane,Lower Body,Push,Compound,Unilateral,Bodybuilding
sandbag-front-rack-squat,Sandbag Front Rack Squat,https://youtu.be/-TTZd1lASkw?si=T4OTaFzbqRaGAc3m,https://youtu.be/gNapNZqyYEQ?si=7yIu-b9Efjvb3Mvl,Novice,beginner,Quadriceps,Quadriceps Femoris,Gluteus Maximus,Sandbag,1,,0,Sandbag,gym,Standing,Double Arm,Continuous,Pronated,Front Rack,Continuous,No Elevation,Single Exercise,Knee Dominant,Sagittal Plane,Lower Body,Push,Compound,Bilateral,Bodybuilding
sandbag-front-rack-walking-lunge,Sandbag Front Rack Walking Lunge,https://youtu.be/mGwXPP-QKko?si=pUfEZOZPOOYaTV3n,,Novice,beginner,Quadriceps,Quadriceps Femoris,Gluteus Maximus|Biceps Femoris,Sandbag,1,,0,Sandbag,gym,Walking,Double Arm,Continuous,Neutral,Front Rack,Alternating,No Elevation,Single Exercise,Knee Dominant,Sagittal Plane,Lower Body,Push,Compound,Unilateral,Bodybuilding
sandbag-half-kneeling-overhead-press,Sandbag Half Kneeling Overhead Press,https://youtu.be/y6k_0YpUP44?si=QEPu230wf0aPiJsJ,,Novice,beginner,Shoulders,Anterior Deltoids,Triceps Brachii,Sandbag,1,,0,Sandbag,gym,Half Kneeling,Double Arm,Continuous,Pronated,Overhead,Continuous,No Elevation,Single Exercise,Vertical Push,Sagittal Plane,Upper Body,Push,Compound,Unilateral,
sandbag-overhead-march,Sandbag Overhead March,https://youtu.be/pCO1EJ0WL30?si=y4xIpqM8QUMlG_ia,https://youtu.be/RsFycSOPD_E?si=uOChpvQ7-d6cCRVh,Intermediate,intermediate,Hip Flexors,Iliopsoas,Rectus Abdominis|Gluteus Medius,Sandbag,1,,0,Sandbag,gym,March,Double Arm,Continuous,Neutral,Overhead,Alternating,No Elevation,Single Exercise,Locomotion,Sagittal Plane,Core,Other,Compound,Unilateral,Balance
sandbag-overhead-press,Sandbag Overhead Press,https://youtu.be/OZT20vP92ls?si=msixASyZYFzp43En,,Novice,beginner,Shoulders,Anterior Deltoids,Triceps Brachii,Sandbag,1,,0,Sandbag,gym,Standing,Double Arm,Continuous,Pronated,Overhead,Continuous,No Elevation,Single Exercise,Vertical Push,Sagittal Plane,Upper Body,Push,Compound,Bilateral,
sandbag-shoulder-march,Sandbag Shoulder March,https://youtu.be/P_coucNMiK0?si=6WAs2e4x_zEuxZLz,,Novice,beginner,Hip Flexors,Iliopsoas,Rectus Abdominis|Gluteus Medius,Sandbag,1,,0,Sandbag,gym,March,Double Arm,Continuous,Neutral,Shoulder,Alternating,No Elevation,Single Exercise,Locomotion,Sagittal Plane,Core,Other,Compound,Unilateral,Balance
sandbag-thruster,Sandbag Thruster,https://youtu.be/Zw0q4TYy8eI?si=-MWyXSvjBoei8Mmn,,Novice,beginner,Quadriceps,Quadriceps Femoris,Anterior Deltoids,Sandbag,1,,0,Sandbag,gym,Standing,Double Arm,Continuous,Pronated,Overhead,Continuous,No Elevation,Single Exercise,Knee Dominant|Vertical Push,Sagittal Plane,Full Body,Push,Compound,Bilateral,
single-arm-bar-chin-up,Single Arm Bar Chin Up,https://youtu.be/vlASvQCD4lY?si=H4b5rDHWlAXSfLEz,https://youtu.be/TOUl7e8kb-s?si=5MUqjtOQm38h1cFF,Master,advanced,Biceps,Biceps Brachii,Latissimus Dorsi,Pull Up Bar,1,,0,Pull Up Bar,gym,Hanging,Single Arm,Continuous,Supinated,No Load,Continuous,No Elevation,Single Exercise,Vertical Pull,Sagittal Plane,Upper Body,Pull,Compound,Unilateral,Calisthenics
single-arm-bar-dead-hang,Single Arm Bar Dead Hang,https://youtu.be/uyNR71ZCrho?si=blbw-wn6NHBGbR9y,,Novice,beginner,Forearms,Brachioradialis,Latissimus Dorsi|Teres Major,Pull Up Bar,1,,0,Pull Up Bar,gym,Hanging,Single Arm,Continuous,Pronated,No Load,Continuous,No Elevation,Single Exercise,Isometric Hold,Sagittal Plane,Upper Body,Other,Compound,Unilateral,Calisthenics
single-arm-bar-hanging-l-sit,Single Arm Bar Hanging L Sit,https://youtu.be/HvdS2ClV9KU?feature=shared,,Advanced,advanced,Abdominals,Rectus Abdominis,,Pull Up Bar,1,,0,Pull Up Bar,gym,Hanging,Single Arm,Continuous,Pronated,No Load,Continuous,No Elevation,Single Exercise,Isometric Hold,Sagittal Plane,Core,Other,Compound,Unilateral,Calisthenics
single-arm-barbell-bicep-curl,Single Arm Barbell Bicep Curl,https://youtu.be/NQ53MadCtW0,,Advanced,advanced,Biceps,Biceps Brachii,Brachialis|Brachioradialis,Barbell,1,,0,Barbell,gym,Standing,Single Arm,Continuous,Supinated,Other,Continuous,No Elevation,Single Exercise,Elbow Flexion,Sagittal Plane,Upper Body,Pull,Isolation,Unilateral,Bodybuilding
single-arm-barbell-kneeling-rollout,Single Arm Barbell Kneeling Rollout,https://youtu.be/i-JO6pBsKWk,,Advanced,advanced,Abdominals,Rectus Abdominis,Latissimus Dorsi|Serratus Anterior,Barbell,1,,0,Barbell,gym,Kneeling,Single Arm,Continuous,Pronated,Other,Continuous,No Elevation,Single Exercise,Anti-Extension,Sagittal Plane,Core,Other,Compound,Unilateral,
single-arm-barbell-overhead-press,Single Arm Barbell Overhead Press,https://youtu.be/Oz--LasDphM?si=JVdkguhnIxf9Ho8X,,Expert,advanced,Shoulders,Anterior Deltoids,Triceps Brachii,Barbell,1,,0,Barbell,gym,Standing,Single Arm,Continuous,Pronated,Overhead,Continuous,No Elevation,Single Exercise,Vertical Push,Sagittal Plane,Upper Body,Push,Compound,Unilateral,Bodybuilding
single-arm-barbell-suitcase-carry,Single Arm Barbell Suitcase Carry,https://youtu.be/-FZcqOBDphU?si=FQJnUQP2TsxKmhRA,,Intermediate,intermediate,Forearms,Brachioradialis,Obliques,Barbell,1,,0,Barbell,gym,Walking,Single Arm,Continuous,Neutral,Suitcase,Alternating,No Elevation,Single Exercise,Loaded Carry|Anti-Lateral Flexion,Sagittal Plane,Full Body,Other,Compound,Unilateral,
single-arm-barbell-suitcase-deadlift,Single Arm Barbell Suitcase Deadlift,https://youtu.be/E7vYUfMcFhs?si=bti9p5lCqTpD-Y-q,https://youtu.be/n4sWXTMzyLw?si=z5uQAYV_VMWZ9PMm,Novice,beginner,Back,Latissimus Dorsi,Obliques,Barbell,1,,0,Barbell,gym,Standing,Single Arm,Continuous,Neutral,Suitcase,Continuous,No Elevation,Single Exercise,Hip Hinge|Anti-Lateral Flexion,Sagittal Plane,Full Body,Pull,Compound,Unilateral,Bodybuilding
single-arm-barbell-turkish-get-up,Single Arm Barbell Turkish Get Up,https://youtu.be/VAFM8kbz8uA?si=UAPSMjiSnRLN3jl3,,Expert,advanced,Abdominals,Obliques,Rectus Abdominis,Barbell,1,,0,Barbell,gym,Supine,Single Arm,Continuous,Pronated,Overhead,Continuous,No Elevation,Single Exercise,Rotational,Transverse Plane|Sagittal Plane,Full Body,Other,Compound,Unilateral,Grinds
single-arm-cable-bayesian-curl,Single Arm Cable Bayesian Curl,https://youtu.be/TIwtTz5DX30?si=V3tF_pgDukqaKglY,,Novice,beginner,Biceps,Biceps Brachii,Brachialis|Brachioradialis,Cable,1,,0,Cable,gym,Staggered Stance,Single Arm,Continuous,Supinated,Other,Continuous,No Elevation,Single Exercise,Elbow Flexion,Sagittal Plane,Upper Body,Pull,Isolation,Contralateral,Bodybuilding
single-arm-cable-bicep-curl,Single Arm Cable Bicep Curl,https://youtu.be/Pu5p6uZGTZM?si=MoB-YCpKDesQD9Nn,,Novice,beginner,Biceps,Biceps Brachii,Brachialis|Brachioradialis,Cable,1,,0,Cable,gym,Standing,Single Arm,Continuous,Supinated,Other,Continuous,No Elevation,Single Exercise,Elbow Flexion,Sagittal Plane,Upper Body,Pull,Isolation,Unilateral,Bodybuilding
single-arm-cable-front-raise,Single Arm Cable Front Raise,https://youtu.be/acozHQv1JLk,,Novice,beginner,Shoulders,Anterior Deltoids,Pectoralis Major|Biceps Brachii,Cable,1,,0,Cable,gym,Standing,Single Arm,Continuous,Pronated,Other,Continuous,No Elevation,Single Exercise,Shoulder Flexion,Sagittal Plane,Upper Body,Push,Isolation,Unilateral,Bodybuilding
single-arm-cable-half-kneeling-contralateral-shoulder-external-rotation-90-degrees,Single Arm Cable Half Kneeling Contralateral Shoulder External Rotation 90 Degrees,https://youtu.be/Ff4Dg3T4pNQ?si=xU9cm-kpyPdrIwA0,https://youtu.be/eM0V87yceog,Novice,beginner,Shoulders,Posterior Deltoids,Infraspinatus|Teres Minor,Cable,1,,0,Cable,gym,Half Kneeling,Single Arm,Continuous,Pronated,Other,Continuous,No Elevation,Single Exercise,Shoulder External Rotation,Transverse Plane,Upper Body,Pull,Isolation,Unilateral,
single-arm-cable-half-kneeling-lat-pulldown,Single Arm Cable Half Kneeling Lat Pulldown,https://youtu.be/4QDCC2gU5_E,,Novice,beginner,Back,Latissimus Dorsi,,Cable,1,,0,Cable,gym,Half Kneeling,Single Arm,Continuous,Neutral,Overhead,Continuous,No Elevation,Single Exercise,Horizontal Pull,Sagittal Plane,Upper Body,Pull,Compound,Unilateral,Bodybuilding
single-arm-cable-half-kneeling-low-row,Single Arm Cable Half Kneeling Low Row,https://youtu.be/redrpTwkplw,,Novice,beginner,Back,Latissimus Dorsi,,Cable,1,,0,Cable,gym,Half Kneeling,Single Arm,Continuous,Neutral,Other,Continuous,No Elevation,Single Exercise,Horizontal Pull,Sagittal Plane,Upper Body,Pull,Compound,Unilateral,Bodybuilding
single-arm-cable-incline-bench-preacher-curl,Single Arm Cable Incline Bench Preacher Curl,https://youtu.be/Kx03EfVF0pU?si=ga2cI6XNh7JDM4dy,https://youtu.be/OslO2-OvdYo?si=HTucRMrWb9bcAyE3,Beginner,beginner,Biceps,Biceps Brachii,Brachialis|Brachioradialis,Cable,1,Bench (Incline),1,Cable|Bench (Incline),gym,Standing,Single Arm,Continuous,Supinated,Other,Continuous,No Elevation,Single Exercise,Elbow Flexion,Sagittal Plane,Upper Body,Pull,Isolation,Unilateral,Bodybuilding
single-arm-cable-lateral-raise,Single Arm Cable Lateral Raise,https://youtu.be/9s0F9lgTG0E?si=hlzVQJ0I5qgbvM45,https://youtu.be/FGU9j1P5L-w,Beginner,beginner,Shoulders,Lateral Deltoids,Anterior Deltoids|Trapezius,Cable,1,,0,Cable,gym,Standing,Single Arm,Continuous,Pronated,Other,Continuous,No Elevation,Single Exercise,Shoulder Abduction,Frontal Plane,Upper Body,Push,Isolation,Unilateral,Bodybuilding
single-arm-cable-reverse-grip-bicep-curl,Single Arm Cable Reverse Grip Bicep Curl,https://youtu.be/SIuDkLLlL6E?si=_Y_P-I5PU4GP5LRy,,Novice,beginner,Forearms,Brachioradialis,Biceps Brachii|Brachialis,Cable,1,,0,Cable,gym,Standing,Single Arm,Continuous,Pronated,Other,Continuous,No Elevation,Single Exercise,Elbow Flexion,Sagittal Plane,Upper Body,Pull,Isolation,Unilateral,Bodybuilding
single-arm-cable-reverse-grip-tricep-pushdown,Single Arm Cable Reverse Grip Tricep Pushdown,https://youtu.be/pXd8vm-ZSOA?si=8_iZ3618RVjOmu3S,https://youtu.be/ebtopenAnQ4,Novice,beginner,Triceps,Triceps Brachii,,Cable,1,,0,Cable,gym,Standing,Single Arm,Continuous,Pronated,Other,Continuous,No Elevation,Single Exercise,Elbow Extension,Sagittal Plane,Upper Body,Push,Isolation,Unilateral,Bodybuilding
single-arm-cable-seated-floor-lat-pulldown,Single Arm Cable Seated Floor Lat Pulldown,https://youtu.be/N7FcfA7UFZk,,Novice,beginner,Back,Latissimus Dorsi,Biceps Brachii,Cable,1,,0,Cable,gym,Seated Floor,Single Arm,Continuous,Pronated,Overhead,Continuous,No Elevation,Single Exercise,Vertical Pull,Sagittal Plane,Upper Body,Pull,Compound,Unilateral,Bodybuilding
single-arm-cable-shotgun-row,Single Arm Cable Shotgun Row,https://youtu.be/91nVZ7FLPyA?si=_khiKXF3khjyeuSP,https://youtu.be/AuiREVMldIw,Novice,beginner,Back,Latissimus Dorsi,Biceps Brachii,Cable,1,,0,Cable,gym,Staggered Stance,Single Arm,Continuous,Pronated,Other,Continuous,No Elevation,Single Exercise,Horizontal Pull,Sagittal Plane,Upper Body,Pull,Compound,Unilateral,Bodybuilding
single-arm-cable-single-leg-romanian-deadlift,Single Arm Cable Single Leg Romanian Deadlift,https://youtu.be/OC_7QIo0uk4,,Intermediate,intermediate,Hamstrings,Biceps Femoris,Gluteus Maximus|Obliques,Cable,1,,0,Cable,gym,Single Leg Standing,Single Arm,Continuous,Neutral,Other,Continuous,No Elevation,Single Exercise,Hip Hinge,Sagittal Plane,Lower Body,Pull,Compound,Unilateral,Bodybuilding
single-arm-cable-standing-high-bicep-curl,Single Arm Cable Standing High Bicep Curl,https://youtu.be/shIYFhPQVSo,,Novice,beginner,Biceps,Biceps Brachii,Brachialis|Brachioradialis,Cable,1,,0,Cable,gym,Standing,Single Arm,Continuous,Supinated,Other,Continuous,No Elevation,Single Exercise,Elbow Flexion,Sagittal Plane,Upper Body,Pull,Isolation,Unilateral,Bodybuilding
single-arm-cable-tricep-kickback,Single Arm Cable Tricep Kickback,https://youtu.be/DYsQWSbj7UM?si=XUOYSUKOaqGmOCQP,https://youtu.be/ZvF4Oi_6Vtg?si=Pu0EfDBC9h0ygyq-,Beginner,beginner,Triceps,Triceps Brachii,,Cable,1,,0,Cable,gym,Standing,Single Arm,Continuous,Neutral,Other,Continuous,No Elevation,Single Exercise,Elbow Extension,Sagittal Plane,Upper Body,Push,Isolation,Unilateral,Bodybuilding
single-arm-clubbell-inside-circle,Single Arm Clubbell Inside Circle,https://youtu.be/n8S_z0p25jA?si=fak8MwjeEUMtDoZ2,https://youtu.be/0ZzoCasyoAM?si=2Sqz_R6WjuI_UyAD,Intermediate,intermediate,Abdominals,Rectus Abdominis,Gluteus Maximus|Brachioradialis,Clubbell,1,,0,Clubbell,gym,Standing,Single Arm,Continuous,Neutral,Other,Continuous,No Elevation,Single Exercise,Rotational,Transverse Plane,Full Body,Other,Compound,Unilateral,Ballistics
single-arm-clubbell-inside-pendulum,Single Arm Clubbell Inside Pendulum,https://youtu.be/9JrqgpJfxFs?si=ltubZdnwDPFzi-8r,https://youtu.be/4LqqrNosRiI?si=qH109kha9__Hvhfb,Intermediate,intermediate,Abdominals,Obliques,Gluteus Maximus,Clubbell,1,,0,Clubbell,gym,Standing,Single Arm,Continuous,Neutral,Other,Continuous,No Elevation,Single Exercise,Rotational,Transverse Plane,Full Body,Other,Compound,Unilateral,Ballistics
single-arm-clubbell-mill,Single Arm Clubbell Mill,https://youtu.be/JL7-80LGmmU?si=wgcrQiv7L3ETryrv,https://youtu.be/xRF2mbZzSdo?si=rxxBNrIyL2Vhwv7M,Intermediate,intermediate,Shoulders,Posterior Deltoids,Gluteus Maximus|Obliques,Clubbell,1,,0,Clubbell,gym,Standing,Single Arm,Continuous,Neutral,Behind Back,Continuous,No Elevation,Single Exercise,Rotational,Transverse Plane,Upper Body,Pull,Compound,Unilateral,Ballistics
single-arm-clubbell-order-ipsilateral-forward-lunge,Single Arm Clubbell Order Ipsilateral Forward Lunge,https://youtu.be/lBKvPGFLaKg?si=ysrtgn3hQImmLVaF,,Novice,beginner,Quadriceps,Quadriceps Femoris,Gluteus Maximus|Biceps Femoris,Clubbell,1,,0,Clubbell,gym,Standing,Single Arm,Continuous,Neutral,Other,Continuous,No Elevation,Single Exercise,Knee Dominant,Sagittal Plane,Lower Body,Push,Compound,Ipsilateral,Bodybuilding
single-arm-clubbell-outside-pendulum,Single Arm Clubbell Outside Pendulum,https://youtu.be/nDGz-drTS1E?si=phIMAk1VibF9KzwH,https://youtu.be/SchCGLfQbjI?si=4uNXcTAfcXJIg1Zk,Intermediate,intermediate,Abdominals,Obliques,Gluteus Maximus,Clubbell,1,,0,Clubbell,gym,Standing,Single Arm,Continuous,Neutral,Other,Continuous,No Elevation,Single Exercise,Rotational,Transverse Plane,Full Body,Other,Compound,Unilateral,Ballistics
single-arm-clubbell-pullover,Single Arm Clubbell Pullover,https://youtu.be/JJgOmmqZneM?si=v93qv5Poy03NJqj_,,Novice,beginner,Back,Latissimus Dorsi,Posterior Deltoids|Triceps Brachii,Clubbell,1,,0,Clubbell,gym,Standing,Single Arm,Continuous,Neutral,Behind Back,Continuous,No Elevation,Single Exercise,,Sagittal Plane,Upper Body,Pull,Compound,Unilateral,
single-arm-clubbell-reverse-mill,Single Arm Clubbell Reverse Mill,https://youtu.be/sdICKS1Hsl8?si=TQcKHRoyYYB_DXgZ,https://youtu.be/B8YWWwRB8fo?si=le4jfzg8-aRIxeLH,Intermediate,intermediate,Shoulders,Posterior Deltoids,Gluteus Maximus|Obliques,Clubbell,1,,0,Clubbell,gym,Standing,Single Arm,Continuous,Neutral,Behind Back,Continuous,No Elevation,Single Exercise,Rotational,Transverse Plane,Upper Body,Pull,Compound,Unilateral,Ballistics
single-arm-clubbell-shield-cast,Single Arm Clubbell Shield Cast,https://youtu.be/W2slZ8Mmyvs?si=CDhf0Oi-nPW136Jx,https://youtu.be/LKNgPDX2wRk?si=1Rwdpndok-LHSvp4,Intermediate,intermediate,Shoulders,Posterior Deltoids,Rectus Abdominis,Clubbell,1,,0,Clubbell,gym,Standing,Single Arm,Continuous,Neutral,Behind Back,Continuous,No Elevation,Single Exercise,Rotational,Transverse Plane,Upper Body,Pull,Compound,Unilateral,Ballistics
single-arm-clubbell-side-flag-press,Single Arm Clubbell Side Flag Press,https://youtu.be/uuLZZUozsdM?si=IcPMq75KQuzVIQM5,,Intermediate,intermediate,Shoulders,Lateral Deltoids,,Clubbell,1,,0,Clubbell,gym,Standing,Single Arm,Continuous,Neutral,Other,Continuous,No Elevation,Single Exercise,Shoulder Abduction,Frontal Plane,Upper Body,Push,Compound,Unilateral,
single-arm-clubbell-swipe,Single Arm Clubbell Swipe,https://youtu.be/EZNev-kvl6A?si=GsKx6-ERsaOYXjDd,https://youtu.be/4nt-vtNLLo4?si=0zCcsMCYUIoZtp5b,Intermediate,intermediate,Glutes,Gluteus Maximus,Biceps Femoris|Latissimus Dorsi,Clubbell,1,,0,Clubbell,gym,Standing,Single Arm,Continuous,Neutral,Other,Continuous,No Elevation,Single Exercise,Hip Hinge,Sagittal Plane,Full Body,,Compound,Unilateral,Ballistics
single-arm-clubbell-torch-press,Single Arm Clubbell Torch Press,https://youtu.be/UU4WhE25JfI?si=6sinMuju_2nUhgZK,https://youtu.be/KFluTacbjKU?si=8mY0r8-MlBTvBADs,Novice,beginner,Shoulders,Anterior Deltoids,Latissimus Dorsi,Clubbell,1,,0,Clubbell,gym,Standing,Single Arm,Continuous,Neutral,Other,Continuous,No Elevation,Single Exercise,Vertical Push,Sagittal Plane,Upper Body,Push,Compound,Unilateral,
single-arm-dumbbell-bench-press,Single Arm Dumbbell Bench Press,https://youtu.be/q3cXdiyY7-Q?si=8ulm789f1CXgoDiT,https://youtu.be/x5IU1KAVwSo,Beginner,beginner,Chest,Pectoralis Major,Triceps Brachii,Dumbbell,1,Bench (Flat),1,Dumbbell|Bench (Flat),dumbbells|gym,Supine,Single Arm,Continuous,Pronated,Above Chest,Continuous,No Elevation,Single Exercise,Horizontal Push,Sagittal Plane,Upper Body,Push,Compound,Unilateral,Bodybuilding
single-arm-dumbbell-bent-over-row,Single Arm Dumbbell Bent Over Row,https://youtu.be/ma__uqUlYmE?si=Yw6Iw4KOA3T7mJeL,,Beginner,beginner,Back,Latissimus Dorsi,Rhomboids|Posterior Deltoids,Dumbbell,1,,0,Dumbbell,dumbbells|gym,Standing,Single Arm,Continuous,Neutral,Other,Continuous,No Elevation,Single Exercise,Horizontal Pull,Sagittal Plane,Upper Body,Pull,Compound,Unilateral,Bodybuilding
single-arm-dumbbell-bent-press,Single Arm Dumbbell Bent Press,https://youtu.be/4cCItXCsEDo?si=xrvm1LxY3e8jhStd,https://youtu.be/XuCIox7PkwE?si=inxKBdmuWIacD8Yw,Intermediate,intermediate,Shoulders,Anterior Deltoids,Triceps Brachii,Dumbbell,1,,0,Dumbbell,dumbbells|gym,Standing,Single Arm,Continuous,Neutral,Overhead,Continuous,No Elevation,Single Exercise,Knee Dominant|Vertical Push,Transverse Plane,Full Body,Push,Compound,Unilateral,Grinds
single-arm-dumbbell-bicep-curl,Single Arm Dumbbell Bicep Curl,https://youtu.be/DE6BcaMCwJA?si=Q1Lbpg92nykSCfEE,https://youtu.be/74qC_TVP8yo?si=WNrv0C4iHCPcez8-,Beginner,beginner,Biceps,Biceps Brachii,Brachialis|Brachioradialis,Dumbbell,1,,0,Dumbbell,dumbbells|gym,Standing,Single Arm,Continuous,Supinated,Other,Continuous,No Elevation,Single Exercise,Elbow Flexion,Sagittal Plane,Upper Body,Pull,Isolation,Unilateral,Bodybuilding
single-arm-dumbbell-bird-dog-row,Single Arm Dumbbell Bird Dog Row,https://youtu.be/O1mck-Oil5Y,,Intermediate,intermediate,Back,Latissimus Dorsi,Rectus Abdominis|Gluteus Maximus,Dumbbell,1,,0,Dumbbell,dumbbells|gym,Quadruped,Single Arm,Continuous,Neutral,Other,Continuous,No Elevation,Single Exercise,Horizontal Pull,Sagittal Plane,Upper Body,Pull,Compound,Unilateral,Bodybuilding
single-arm-dumbbell-contralateral-single-leg-romanian-deadlift,Single Arm Dumbbell Contralateral Single Leg Romanian Deadlift,https://youtu.be/cqSuTycslLg?si=dnsKBV2QyBbtxyRD,https://youtu.be/lI8-igvsnVQ?si=VlhBXjHbffsekHiF,Intermediate,intermediate,Hamstrings,Biceps Femoris,Gluteus Maximus|Obliques,Dumbbell,1,,0,Dumbbell,dumbbells|gym,Single Leg Standing,Single Arm,Continuous,Neutral,Other,Continuous,No Elevation,Single Exercise,Hip Hinge,Sagittal Plane,Lower Body,Pull,Compound,Contralateral,Bodybuilding
single-arm-dumbbell-cross-body-hammer-curl,Single Arm Dumbbell Cross Body Hammer Curl,https://youtu.be/_aiZoy57VFI?si=skTwggqvw_kxkno5,https://youtu.be/n4J53LpjvUk?si=P8g1wW_RnUgwerf4,Beginner,beginner,Biceps,Biceps Brachii,Brachialis|Brachioradialis,Dumbbell,1,,0,Dumbbell,dumbbells|gym,Standing,Single Arm,Continuous,Neutral,Other,Continuous,No Elevation,Single Exercise,Elbow Flexion,Frontal Plane,Upper Body,Pull,Isolation,Unilateral,Bodybuilding
single-arm-dumbbell-cuban-press,Single Arm Dumbbell Cuban Press,https://youtu.be/XsV_KH5Xrng,,Novice,beginner,Shoulders,Posterior Deltoids,Infraspinatus|Teres Minor,Dumbbell,1,,0,Dumbbell,dumbbells|gym,Standing,Single Arm,Continuous,Pronated,Overhead,Continuous,No Elevation,Single Exercise,Shoulder External Rotation,Transverse Plane,Upper Body,Push & Pull,Compound,Unilateral,
single-arm-dumbbell-cyclist-thruster,Single Arm Dumbbell Cyclist Thruster,https://youtu.be/2Tt0XZ2pZyE,,Novice,beginner,Quadriceps,Quadriceps Femoris,Anterior Deltoids,Dumbbell,1,Slant Board,1,Dumbbell|Slant Board,dumbbells|gym,Standing,Single Arm,Continuous,Neutral,Overhead,Continuous,Heels Elevated,Single Exercise,Knee Dominant|Vertical Push,Sagittal Plane,Full Body,Push,Compound,Unilateral,Bodybuilding
single-arm-dumbbell-decline-bench-press,Single Arm Dumbbell Decline Bench Press,https://youtu.be/SisxAKThq70?si=tJqclsa9iiqndA6R,,Beginner,beginner,Chest,Pectoralis Major,Triceps Brachii,Dumbbell,1,Bench (Decline),1,Dumbbell|Bench (Decline),dumbbells|gym,Supine,Single Arm,Continuous,Pronated,Above Chest,Continuous,No Elevation,Single Exercise,Horizontal Push,Sagittal Plane,Upper Body,Push,Compound,Unilateral,Bodybuilding
single-arm-dumbbell-floor-press,Single Arm Dumbbell Floor Press,https://youtu.be/0S0pPgQXWNk?si=sd5taBTsE1Qux9Er,https://youtu.be/yDoBD0EAd90?si=4PQFvzpTeE2_ofzS,Beginner,beginner,Chest,Pectoralis Major,Triceps Brachii|Anterior Deltoids,Dumbbell,1,,0,Dumbbell,dumbbells|gym,Supine,Single Arm,Continuous,Pronated,Above Chest,Continuous,No Elevation,Single Exercise,Horizontal Push,Sagittal Plane,Upper Body,Push,Compound,Unilateral,Bodybuilding
single-arm-dumbbell-floor-skull-crusher,Single Arm Dumbbell Floor Skull Crusher,https://youtu.be/fRnRcmn7iWk?feature=shared,https://youtu.be/jk9jfNrqAt0?si=lZYziWGgH_U4gaEu,Beginner,beginner,Triceps,Triceps Brachii,Anconeus|Flexor Carpi Radialis,Dumbbell,1,,0,Dumbbell,dumbbells|gym,Supine,Single Arm,Continuous,Neutral,Other,Continuous,No Elevation,Single Exercise,Elbow Extension,Sagittal Plane,Upper Body,Push,Compound,Unilateral,Bodybuilding
single-arm-dumbbell-front-rack-alternating-curtsy-lunge,Single Arm Dumbbell Front Rack Alternating Curtsy Lunge,https://youtu.be/lJyMP5H-_pw?feature=shared,,Novice,beginner,Quadriceps,Quadriceps Femoris,Gluteus Maximus|Adductor Magnus,Dumbbell,1,,0,Dumbbell,dumbbells|gym,Standing,Single Arm,Continuous,Neutral,Front Rack,Alternating,No Elevation,Single Exercise,Knee Dominant,Frontal Plane,Lower Body,Push,Compound,Unilateral,Bodybuilding
single-arm-dumbbell-front-rack-alternating-forward-lunge,Single Arm Dumbbell Front Rack Alternating Forward Lunge,https://youtu.be/b3ewFBSqc9k?si=l6I7tV4HN4z6vcCS,,Novice,beginner,Quadriceps,Quadriceps Femoris,Gluteus Maximus|Biceps Femoris,Dumbbell,1,,0,Dumbbell,dumbbells|gym,Standing,Single Arm,Continuous,Neutral,Front Rack,Alternating,No Elevation,Single Exercise,Knee Dominant,Sagittal Plane,Lower Body,Push,Compound,Unilateral,Bodybuilding
single-arm-dumbbell-front-rack-alternating-reverse-lunge,Single Arm Dumbbell Front Rack Alternating Reverse Lunge,https://youtu.be/1uuCmY9bVao?si=0iam54INq6LqKgrV,,Novice,beginner,Quadriceps,Quadriceps Femoris,Gluteus Maximus|Biceps Femoris,Dumbbell,1,,0,Dumbbell,dumbbells|gym,Standing,Single Arm,Continuous,Neutral,Front Rack,Alternating,No Elevation,Single Exercise,Knee Dominant,Sagittal Plane,Lower Body,Push,Compound,Unilateral,Bodybuilding
single-arm-dumbbell-front-rack-carry,Single Arm Dumbbell Front Rack Carry,https://youtu.be/5rsJK_z8nkY?si=CD5k3-b0r_JJpfHM,,Novice,beginner,Abdominals,Rectus Abdominis,Gluteus Maximus,Dumbbell,1,,0,Dumbbell,dumbbells|gym,Walking,Single Arm,Continuous,Neutral,Front Rack,Alternating,No Elevation,Single Exercise,Loaded Carry,Sagittal Plane,Full Body,Other,Compound,Unilateral,
single-arm-dumbbell-front-rack-contralateral-bulgarian-split-squat,Single Arm Dumbbell Front Rack Contralateral Bulgarian Split Squat,https://youtu.be/-vKdvtdkRRc?si=CPo0dP5KaIc0TJu5,,Intermediate,intermediate,Quadriceps,Quadriceps Femoris,Gluteus Maximus|Biceps Femoris,Dumbbell,1,Bench (Flat),1,Dumbbell|Bench (Flat),dumbbells|gym,Single Leg Supported,Single Arm,Continuous,Neutral,Front Rack,Continuous,Foot Elevated (Rear),Single Exercise,Knee Dominant,Sagittal Plane,Lower Body,Push,Compound,Contralateral,Bodybuilding
single-arm-dumbbell-front-rack-contralateral-cossack-squat,Single Arm Dumbbell Front Rack Contralateral Cossack Squat,https://youtu.be/cmB4dq8MgVk?si=s0qFLxm2MDbbX3dw,,Novice,beginner,Quadriceps,Quadriceps Femoris,Adductor Magnus|Gluteus Maximus,Dumbbell,1,,0,Dumbbell,dumbbells|gym,Standing,Single Arm,Continuous,Neutral,Front Rack,Continuous,No Elevation,Single Exercise,Knee Dominant,Frontal Plane,Lower Body,Push,Compound,Contralateral,Bodybuilding
single-arm-dumbbell-front-rack-contralateral-curtsy-lunge,Single Arm Dumbbell Front Rack Contralateral Curtsy Lunge,https://youtu.be/6-K9hgU8YUI?si=eubdVXn2jNhff_kr,,Novice,beginner,Quadriceps,Quadriceps Femoris,Gluteus Maximus|Adductor Magnus,Dumbbell,1,,0,Dumbbell,dumbbells|gym,Standing,Single Arm,Continuous,Neutral,Front Rack,Continuous,No Elevation,Single Exercise,Knee Dominant,Frontal Plane,Lower Body,Push,Compound,Contralateral,Bodybuilding
single-arm-dumbbell-front-rack-contralateral-forward-lunge,Single Arm Dumbbell Front Rack Contralateral Forward Lunge,https://youtu.be/UbQwG3BPs54?si=OAD_X1vRpwmgJgHl,,Novice,beginner,Quadriceps,Quadriceps Femoris,Gluteus Maximus|Biceps Femoris,Dumbbell,1,,0,Dumbbell,dumbbells|gym,Standing,Single Arm,Continuous,Neutral,Front Rack,Continuous,No Elevation,Single Exercise,Knee Dominant,Sagittal Plane,Lower Body,Push,Compound,Contralateral,Bodybuilding
single-arm-dumbbell-front-rack-contralateral-lateral-lunge,Single Arm Dumbbell Front Rack Contralateral Lateral Lunge,https://youtu.be/OWIhh8vYl-M?si=WNuup7a0fJkVHgbd,,Novice,beginner,Quadriceps,Quadriceps Femoris,Gluteus Maximus|Adductor Magnus,Dumbbell,1,,0,Dumbbell,dumbbells|gym,Standing,Single Arm,Continuous,Neutral,Front Rack,Continuous,No Elevation,Single Exercise,Knee Dominant,Frontal Plane,Lower Body,Push,Compound,Contralateral,Bodybuilding
single-arm-dumbbell-front-rack-contralateral-reverse-lunge,Single Arm Dumbbell Front Rack Contralateral Reverse Lunge,https://youtu.be/d3oKvFQ2KOk?si=DHn68Kf7oX9vBrYU,,Novice,beginner,Quadriceps,Quadriceps Femoris,Gluteus Maximus|Biceps Femoris,Dumbbell,1,,0,Dumbbell,dumbbells|gym,Standing,Single Arm,Continuous,Neutral,Front Rack,Continuous,No Elevation,Single Exercise,Knee Dominant,Sagittal Plane,Lower Body,Push,Compound,Contralateral,Bodybuilding
single-arm-dumbbell-front-rack-contralateral-russian-step-up,Single Arm Dumbbell Front Rack Contralateral Russian Step Up,https://youtu.be/ZrFBGqWoSzw?si=pCq_xiI6MtbnQOMx,,Novice,beginner,Quadriceps,Quadriceps Femoris,Gluteus Maximus|Iliopsoas,Dumbbell,1,Plyo Box,1,Dumbbell|Plyo Box,dumbbells|gym,Single Leg Standing Bent Knee,Single Arm,Continuous,Neutral,Front Rack,Continuous,Foot Elevated (Front),Single Exercise,Knee Dominant,Sagittal Plane,Lower Body,Push,Compound,Contralateral,Balance
single-arm-dumbbell-front-rack-contralateral-split-squat,Single Arm Dumbbell Front Rack Contralateral Split Squat,https://youtu.be/nogkCbiduHI?si=5gA5NaZqt_y4a8ir,,Novice,beginner,Quadriceps,Quadriceps Femoris,Gluteus Maximus|Biceps Femoris,Dumbbell,1,,0,Dumbbell,dumbbells|gym,Split Squat,Single Arm,Continuous,Neutral,Front Rack,Continuous,No Elevation,Single Exercise,Knee Dominant,Sagittal Plane,Lower Body,Push,Compound,Contralateral,Bodybuilding
single-arm-dumbbell-front-rack-contralateral-step-up,Single Arm Dumbbell Front Rack Contralateral Step Up,https://youtu.be/KGBRsXKjWOc?si=RnQ_ABDo5MNzq0-i,,Novice,beginner,Quadriceps,Quadriceps Femoris,Gluteus Maximus|Biceps Femoris,Dumbbell,1,Plyo Box,1,Dumbbell|Plyo Box,dumbbells|gym,Standing,Single Arm,Continuous,Neutral,Front Rack,Continuous,Foot Elevated (Front),Single Exercise,Knee Dominant,Sagittal Plane,Lower Body,Push,Compound,Contralateral,Bodybuilding
single-arm-dumbbell-front-rack-cyclist-squat,Single Arm Dumbbell Front Rack Cyclist Squat,https://youtu.be/eGKpS3AxCVA?si=-uyv4kyU-FY0yBfB,,Novice,beginner,Quadriceps,Quadriceps Femoris,Gluteus Maximus|Soleus,Dumbbell,1,Slant Board,1,Dumbbell|Slant Board,dumbbells|gym,Standing,Single Arm,Continuous,Neutral,Front Rack,Continuous,Heels Elevated,Single Exercise,Knee Dominant,Sagittal Plane,Lower Body,Push,Compound,Unilateral,Bodybuilding
single-arm-dumbbell-front-rack-ipsilateral-bulgarian-split-squat,Single Arm Dumbbell Front Rack Ipsilateral Bulgarian Split Squat,https://youtu.be/pEZWYmpCzu8?si=i70Ip_o4npwew5bY,,Intermediate,intermediate,Quadriceps,Quadriceps Femoris,Gluteus Maximus|Biceps Femoris,Dumbbell,1,Bench (Flat),1,Dumbbell|Bench (Flat),dumbbells|gym,Single Leg Supported,Single Arm,Continuous,Neutral,Front Rack,Continuous,Foot Elevated (Rear),Single Exercise,Knee Dominant,Sagittal Plane,Lower Body,Push,Compound,Ipsilateral,Bodybuilding
single-arm-dumbbell-front-rack-ipsilateral-cossack-squat,Single Arm Dumbbell Front Rack Ipsilateral Cossack Squat,https://youtu.be/S1-SPv3YXG8?si=QCE1ikc3-Mg60u3x,,Novice,beginner,Quadriceps,Quadriceps Femoris,Adductor Magnus|Gluteus Maximus,Dumbbell,1,,0,Dumbbell,dumbbells|gym,Standing,Single Arm,Continuous,Neutral,Front Rack,Continuous,No Elevation,Single Exercise,Knee Dominant,Frontal Plane,Lower Body,Push,Compound,Ipsilateral,Bodybuilding
single-arm-dumbbell-front-rack-ipsilateral-curtsy-lunge,Single Arm Dumbbell Front Rack Ipsilateral Curtsy Lunge,https://youtu.be/yswpCMZ98OI?si=xOcXSLCrJIH3odmK,,Novice,beginner,Quadriceps,Quadriceps Femoris,Gluteus Maximus|Adductor Magnus,Dumbbell,1,,0,Dumbbell,dumbbells|gym,Standing,Single Arm,Continuous,Neutral,Front Rack,Continuous,No Elevation,Single Exercise,Knee Dominant,Frontal Plane,Lower Body,Push,Compound,Ipsilateral,Bodybuilding
single-arm-dumbbell-front-rack-ipsilateral-forward-lunge,Single Arm Dumbbell Front Rack Ipsilateral Forward Lunge,https://youtu.be/hSqr6cDitEg?si=0Q3eJ7Civ09nXoAr,,Novice,beginner,Quadriceps,Quadriceps Femoris,Gluteus Maximus|Biceps Femoris,Dumbbell,1,,0,Dumbbell,dumbbells|gym,Standing,Single Arm,Continuous,Neutral,Front Rack,Continuous,No Elevation,Single Exercise,Knee Dominant,Sagittal Plane,Lower Body,Push,Compound,Ipsilateral,Bodybuilding
single-arm-dumbbell-front-rack-ipsilateral-lateral-lunge,Single Arm Dumbbell Front Rack Ipsilateral Lateral Lunge,https://youtu.be/eKSHQsVMOK4?si=5Lej30jpx3r7UZJB,,Novice,beginner,Quadriceps,Quadriceps Femoris,Gluteus Maximus|Adductor Magnus,Dumbbell,1,,0,Dumbbell,dumbbells|gym,Standing,Single Arm,Continuous,Neutral,Front Rack,Continuous,No Elevation,Single Exercise,Knee Dominant,Frontal Plane,Lower Body,Push,Compound,Ipsilateral,Bodybuilding
single-arm-dumbbell-front-rack-ipsilateral-reverse-lunge,Single Arm Dumbbell Front Rack Ipsilateral Reverse Lunge,https://youtu.be/RxBzGBShf9w?si=yD5EyWT1k3UeODJI,,Novice,beginner,Quadriceps,Quadriceps Femoris,Gluteus Maximus|Biceps Femoris,Dumbbell,1,,0,Dumbbell,dumbbells|gym,Standing,Single Arm,Continuous,Neutral,Front Rack,Continuous,No Elevation,Single Exercise,Knee Dominant,Sagittal Plane,Lower Body,Push,Compound,Ipsilateral,Bodybuilding
single-arm-dumbbell-front-rack-ipsilateral-russian-step-up,Single Arm Dumbbell Front Rack Ipsilateral Russian Step Up,https://youtu.be/-4eThA6jaBY?si=rvYxSeDEierXbTvB,,Novice,beginner,Quadriceps,Quadriceps Femoris,Gluteus Maximus|Iliopsoas,Dumbbell,1,Plyo Box,1,Dumbbell|Plyo Box,dumbbells|gym,Single Leg Standing Bent Knee,Single Arm,Continuous,Neutral,Front Rack,Continuous,Foot Elevated (Front),Single Exercise,Knee Dominant,Sagittal Plane,Lower Body,Push,Compound,Ipsilateral,Balance
single-arm-dumbbell-front-rack-ipsilateral-split-squat,Single Arm Dumbbell Front Rack Ipsilateral Split Squat,https://youtu.be/Fc6I5y692zE?si=WC2rmdrASF2eyb71,,Novice,beginner,Quadriceps,Quadriceps Femoris,Gluteus Maximus|Biceps Femoris,Dumbbell,1,,0,Dumbbell,dumbbells|gym,Split Squat,Single Arm,Continuous,Neutral,Front Rack,Continuous,No Elevation,Single Exercise,Knee Dominant,Sagittal Plane,Lower Body,Push,Compound,Ipsilateral,Bodybuilding
single-arm-dumbbell-front-rack-march,Single Arm Dumbbell Front Rack March,https://youtu.be/x_pMZHT1PJI?si=gXaoVxcFe0j1mtPQ,,Novice,beginner,Hip Flexors,Iliopsoas,Rectus Abdominis|Gluteus Medius,Dumbbell,1,,0,Dumbbell,dumbbells|gym,March,Single Arm,Continuous,Neutral,Front Rack,Alternating,No Elevation,Single Exercise,Locomotion,Sagittal Plane,Core,Other,Compound,Unilateral,Balance
single-arm-dumbbell-front-rack-squat,Single Arm Dumbbell Front Rack Squat,https://youtu.be/1VzKnqCcUJ4,,Novice,beginner,Quadriceps,Quadriceps Femoris,Gluteus Maximus,Dumbbell,1,,0,Dumbbell,dumbbells|gym,Standing,Single Arm,Continuous,Neutral,Front Rack,Continuous,No Elevation,Single Exercise,Knee Dominant,Sagittal Plane,Lower Body,Push,Compound,Unilateral,Bodybuilding
single-arm-dumbbell-front-rack-walking-lunge,Single Arm Dumbbell Front Rack Walking Lunge,https://youtu.be/GGjKBYEkZ-A?si=faI8XOKTHMInvAqG,,Novice,beginner,Quadriceps,Quadriceps Femoris,Gluteus Maximus|Biceps Femoris,Dumbbell,1,,0,Dumbbell,dumbbells|gym,Walking,Single Arm,Continuous,Neutral,Front Rack,Alternating,No Elevation,Single Exercise,Knee Dominant,Sagittal Plane,Lower Body,Push,Compound,Unilateral,Bodybuilding
single-arm-dumbbell-front-raise,Single Arm Dumbbell Front Raise,https://youtu.be/B6e5b8SY64g?si=OFbYwa08fPFsxurs,https://youtu.be/xOksWZVV1_g?si=vYz-4oXhlU7lLENu,Beginner,beginner,Shoulders,Anterior Deltoids,Pectoralis Major|Biceps Brachii,Dumbbell,1,,0,Dumbbell,dumbbells|gym,Standing,Single Arm,Continuous,Pronated,Other,Continuous,No Elevation,Single Exercise,Shoulder Flexion,Sagittal Plane,Upper Body,Push,Isolation,Unilateral,Bodybuilding
single-arm-dumbbell-half-kneeling-concentration-curl,Single Arm Dumbbell Half Kneeling Concentration Curl,https://youtu.be/UtdszXND3fg?feature=shared,,Beginner,beginner,Biceps,Biceps Brachii,Brachialis|Brachioradialis,Dumbbell,1,,0,Dumbbell,dumbbells|gym,Half Kneeling,Single Arm,Continuous,Supinated,Other,Continuous,No Elevation,Single Exercise,Elbow Flexion,Sagittal Plane,Upper Body,Pull,Isolation,Unilateral,Bodybuilding
single-arm-dumbbell-half-kneeling-contralateral-overhead-press,Single Arm Dumbbell Half Kneeling Contralateral Overhead Press,https://youtu.be/4DUIY95jX6Y,,Novice,beginner,Shoulders,Anterior Deltoids,Triceps Brachii|Rectus Abdominis,Dumbbell,1,,0,Dumbbell,dumbbells|gym,Half Kneeling,Single Arm,Continuous,Neutral,Overhead,Continuous,No Elevation,Single Exercise,Vertical Push,Sagittal Plane,Upper Body,Push,Compound,Contralateral,Bodybuilding
single-arm-dumbbell-half-kneeling-windmill,Single Arm Dumbbell Half Kneeling Windmill,https://youtu.be/c0LP3YIO4vY?si=w_DOEV2ERQmctiSb,https://youtu.be/tAmKMKeR2D4?feature=shared,Intermediate,intermediate,Abdominals,Obliques,Rectus Abdominis|Anterior Deltoids,Dumbbell,1,,0,Dumbbell,dumbbells|gym,Half Kneeling,Single Arm,Continuous,Neutral,Overhead,Continuous,No Elevation,Single Exercise,Rotational,Transverse Plane,Core,Other,Compound,Unilateral,Grinds
single-arm-dumbbell-hammer-curl,Single Arm Dumbbell Hammer Curl,https://youtu.be/yCDJmfP1Tr8?si=UDCf5aMfQvMiW-69,,Beginner,beginner,Biceps,Biceps Brachii,Brachialis|Brachioradialis,Dumbbell,1,,0,Dumbbell,dumbbells|gym,Standing,Single Arm,Continuous,Neutral,Other,Continuous,No Elevation,Single Exercise,Elbow Flexion,Sagittal Plane,Upper Body,Pull,Isolation,Unilateral,Bodybuilding
single-arm-dumbbell-hang-power-clean,Single Arm Dumbbell Hang Power Clean,https://youtu.be/jIV6huBUy40?si=LI0qU1gmKWUNaN4X,,Intermediate,intermediate,Glutes,Gluteus Maximus,,Dumbbell,1,,0,Dumbbell,dumbbells|gym,Standing,Single Arm,Continuous,Neutral,Front Rack,Continuous,No Elevation,Single Exercise,Hip Hinge,Sagittal Plane,Full Body,,Compound,Unilateral,Ballistics
single-arm-dumbbell-hang-snatch,Single Arm Dumbbell Hang Snatch,https://youtu.be/VpZwBT07DR4?si=07HCrANRza3gU5O3,,Intermediate,intermediate,Glutes,Gluteus Maximus,Anterior Deltoids,Dumbbell,1,,0,Dumbbell,dumbbells|gym,Standing,Single Arm,Continuous,Neutral,Overhead,Continuous,No Elevation,Single Exercise,Hip Hinge,Sagittal Plane,Full Body,,Compound,Unilateral,Ballistics
single-arm-dumbbell-hollow-body-chest-press,Single Arm Dumbbell Hollow Body Chest Press,https://youtu.be/D82M_YDEGJ8,,Intermediate,intermediate,Chest,Pectoralis Major,Triceps Brachii|Anterior Deltoids,Dumbbell,1,,0,Dumbbell,dumbbells|gym,Supine,Single Arm,Continuous,Pronated,Above Chest,Continuous,No Elevation,Single Exercise,Horizontal Push|Isometric Hold,Sagittal Plane,Upper Body,Push,Compound,Unilateral,Bodybuilding
single-arm-dumbbell-incline-bench-powell-raise,Single Arm Dumbbell Incline Bench Powell Raise,https://youtu.be/dQcKaPnET_U?si=BnxCG8Nw6jQvo43a,https://youtu.be/XSMxwgNpymA?si=RnZkCGORRbB08vow,Novice,beginner,Shoulders,Posterior Deltoids,Rhomboids|Trapezius,Dumbbell,1,Bench (Incline),1,Dumbbell|Bench (Incline),dumbbells|gym,Side Lying,Single Arm,Continuous,Neutral,Other,Continuous,No Elevation,Single Exercise,Shoulder Abduction,Sagittal Plane,Upper Body,Pull,Compound,Unilateral,
single-arm-dumbbell-incline-bench-preacher-curl,Single Arm Dumbbell Incline Bench Preacher Curl,https://youtu.be/DPYrHeVKvQA,,Beginner,beginner,Biceps,Biceps Brachii,Brachialis|Brachioradialis,Dumbbell,1,Bench (Incline),1,Dumbbell|Bench (Incline),dumbbells|gym,Standing,Single Arm,Continuous,Supinated,Other,Continuous,No Elevation,Single Exercise,Elbow Flexion,Sagittal Plane,Upper Body,Pull,Isolation,Unilateral,Bodybuilding
single-arm-dumbbell-incline-bench-press,Single Arm Dumbbell Incline Bench Press,https://youtu.be/1RdiI_ta3CY?si=ELtb0jc2iPVUiqNN,https://youtu.be/QPi2iPxIOMU?si=njIA2IAXw562aiYL,Beginner,beginner,Chest,Pectoralis Major,Triceps Brachii,Dumbbell,1,Bench (Incline),1,Dumbbell|Bench (Incline),dumbbells|gym,Supine,Single Arm,Continuous,Pronated,Above Chest,Continuous,No Elevation,Single Exercise,Horizontal Push,Sagittal Plane,Upper Body,Push,Compound,Unilateral,Bodybuilding
single-arm-dumbbell-incline-bench-prone-row,Single Arm Dumbbell Incline Bench Prone Row,https://youtu.be/4Bv94e_ufjo?si=8V5SPIIuNai7zUm3,,Novice,beginner,Back,Latissimus Dorsi,,Dumbbell,1,Bench (Incline),1,Dumbbell|Bench (Incline),dumbbells|gym,Prone,Single Arm,Continuous,Neutral,Other,Continuous,No Elevation,Single Exercise,Horizontal Pull,Sagittal Plane,Upper Body,Pull,Compound,Unilateral,Bodybuilding
single-arm-dumbbell-incline-bench-skull-crusher,Single Arm Dumbbell Incline Bench Skull Crusher,https://youtu.be/XxVWmNbY6yo?si=7n1rTCkP0feHM1xA,,Beginner,beginner,Triceps,Triceps Brachii,Anconeus|Flexor Carpi Radialis,Dumbbell,1,Bench (Incline),1,Dumbbell|Bench (Incline),dumbbells|gym,Seated,Single Arm,Continuous,Neutral,Other,Continuous,No Elevation,Single Exercise,Elbow Extension,Sagittal Plane,Upper Body,Push,Compound,Unilateral,Bodybuilding
single-arm-dumbbell-knee-supported-row,Single Arm Dumbbell Knee Supported Row,https://youtu.be/ZRSGpBUVcNw?si=x3MRv2xRNjCc6s42,,Beginner,beginner,Back,Latissimus Dorsi,,Dumbbell,1,Bench (Flat),1,Dumbbell|Bench (Flat),dumbbells|gym,Knee Supported,Single Arm,Continuous,Neutral,Other,Continuous,No Elevation,Single Exercise,Horizontal Pull,Sagittal Plane,Upper Body,Pull,Compound,Unilateral,Bodybuilding
single-arm-dumbbell-knee-supported-tricep-kickback,Single Arm Dumbbell Knee Supported Tricep Kickback,https://youtu.be/om2bTuwKGes?si=nJJaeiJglypyQD_G,https://youtu.be/ZO81bExngMI?si=tAjqe65qTyEFxoMh,Beginner,beginner,Triceps,Triceps Brachii,,Dumbbell,1,Bench (Flat),1,Dumbbell|Bench (Flat),dumbbells|gym,Knee Supported,Single Arm,Continuous,Neutral,Other,Continuous,No Elevation,Single Exercise,Elbow Extension,Sagittal Plane,Upper Body,Push,Isolation,Unilateral,Bodybuilding
single-arm-dumbbell-overhead-alternating-forward-lunge,Single Arm Dumbbell Overhead Alternating Forward Lunge,https://youtu.be/RNdGRLDFZ_E?si=ViWm3Cym-_kPAyPr,,Intermediate,intermediate,Quadriceps,Quadriceps Femoris,Gluteus Maximus|Biceps Femoris,Dumbbell,1,,0,Dumbbell,dumbbells|gym,Standing,Single Arm,Continuous,Neutral,Overhead,Alternating,No Elevation,Single Exercise,Knee Dominant,Sagittal Plane,Lower Body,Push,Compound,Unilateral,Bodybuilding
single-arm-dumbbell-overhead-alternating-reverse-lunge,Single Arm Dumbbell Overhead Alternating Reverse Lunge,https://youtu.be/y6Z1csYJqI8?si=VJQkALrooI76ZWQ9,,Intermediate,intermediate,Quadriceps,Quadriceps Femoris,Gluteus Maximus|Biceps Femoris,Dumbbell,1,,0,Dumbbell,dumbbells|gym,Standing,Single Arm,Continuous,Neutral,Overhead,Alternating,No Elevation,Single Exercise,Knee Dominant,Sagittal Plane,Lower Body,Push,Compound,Unilateral,Bodybuilding
single-arm-dumbbell-overhead-carry,Single Arm Dumbbell Overhead Carry,https://youtu.be/Pvs-dT7KPh4,,Intermediate,intermediate,Shoulders,Anterior Deltoids,Obliques,Dumbbell,1,,0,Dumbbell,dumbbells|gym,Walking,Single Arm,Continuous,Neutral,Overhead,Alternating,No Elevation,Single Exercise,Loaded Carry,Sagittal Plane,Full Body,Other,Compound,Unilateral,
single-arm-dumbbell-overhead-contralateral-bulgarian-split-squat,Single Arm Dumbbell Overhead Contralateral Bulgarian Split Squat,https://youtu.be/z7rygloAW30?si=p4kPPZcAKammq1Vv,https://youtu.be/pEOli_ZdcBs?si=qgD2rL4Mv8km66VS,Advanced,advanced,Quadriceps,Quadriceps Femoris,Gluteus Maximus|Biceps Femoris,Dumbbell,1,Bench (Flat),1,Dumbbell|Bench (Flat),dumbbells|gym,Single Leg Supported,Single Arm,Continuous,Neutral,Overhead,Continuous,Foot Elevated (Rear),Single Exercise,Knee Dominant,Sagittal Plane,Lower Body,Push,Compound,Contralateral,Bodybuilding
single-arm-dumbbell-overhead-contralateral-forward-lunge,Single Arm Dumbbell Overhead Contralateral Forward Lunge,https://youtu.be/b5LGhv3B2us?si=6V7uUbW59eAmJ9Lx,https://youtu.be/TFH26fM07iw?si=zzR9FD2ulzDiot6R,Intermediate,intermediate,Quadriceps,Quadriceps Femoris,Gluteus Maximus|Biceps Femoris,Dumbbell,1,,0,Dumbbell,dumbbells|gym,Standing,Single Arm,Continuous,Neutral,Overhead,Continuous,No Elevation,Single Exercise,Knee Dominant,Sagittal Plane,Lower Body,Push,Compound,Contralateral,Bodybuilding
single-arm-dumbbell-overhead-contralateral-lateral-lunge,Single Arm Dumbbell Overhead Contralateral Lateral Lunge,https://youtu.be/Lfk8pR6zSpY?si=OohC0T89kZMsUcm0,,Intermediate,intermediate,Quadriceps,Quadriceps Femoris,Gluteus Maximus|Adductor Magnus,Dumbbell,1,,0,Dumbbell,dumbbells|gym,Standing,Single Arm,Continuous,Neutral,Overhead,Continuous,No Elevation,Single Exercise,Knee Dominant,Frontal Plane,Lower Body,Push,Compound,Contralateral,Bodybuilding
single-arm-dumbbell-overhead-contralateral-reverse-lunge,Single Arm Dumbbell Overhead Contralateral Reverse Lunge,https://youtu.be/U0PGg34Vx8A?si=JVT4ugA6ELAoJP3g,,Intermediate,intermediate,Quadriceps,Quadriceps Femoris,Gluteus Maximus|Biceps Femoris,Dumbbell,1,,0,Dumbbell,dumbbells|gym,Standing,Single Arm,Continuous,Neutral,Overhead,Continuous,No Elevation,Single Exercise,Knee Dominant,Sagittal Plane,Lower Body,Push,Compound,Contralateral,Bodybuilding
single-arm-dumbbell-overhead-contralateral-split-squat,Single Arm Dumbbell Overhead Contralateral Split Squat,https://youtu.be/jmgelOGoxE8?si=dRdbKJvwm7kJy_Fs,,Intermediate,intermediate,Quadriceps,Quadriceps Femoris,Gluteus Maximus|Biceps Femoris,Dumbbell,1,,0,Dumbbell,dumbbells|gym,Split Squat,Single Arm,Continuous,Neutral,Overhead,Continuous,No Elevation,Single Exercise,Knee Dominant,Sagittal Plane,Lower Body,Push,Compound,Contralateral,Bodybuilding
single-arm-dumbbell-overhead-contralateral-step-up,Single Arm Dumbbell Overhead Contralateral Step Up,https://youtu.be/XJmnB32JJVw,,Intermediate,intermediate,Quadriceps,Quadriceps Femoris,Gluteus Maximus|Biceps Femoris,Dumbbell,1,Plyo Box,1,Dumbbell|Plyo Box,dumbbells|gym,Standing,Single Arm,Continuous,Neutral,Overhead,Continuous,Foot Elevated (Front),Single Exercise,Knee Dominant,Sagittal Plane,Lower Body,Push,Compound,Contralateral,Bodybuilding
single-arm-dumbbell-overhead-cyclist-squat,Single Arm Dumbbell Overhead Cyclist Squat,https://youtu.be/Fm-EgA1xP4g?si=TXFdciSwYJ3flVng,,Intermediate,intermediate,Quadriceps,Quadriceps Femoris,Gluteus Maximus|Soleus,Dumbbell,1,Slant Board,1,Dumbbell|Slant Board,dumbbells|gym,Standing,Single Arm,Continuous,Neutral,Overhead,Continuous,Heels Elevated,Single Exercise,Knee Dominant,Sagittal Plane,Lower Body,Push,Compound,Unilateral,Bodybuilding
single-arm-dumbbell-overhead-ipsilateral-forward-lunge,Single Arm Dumbbell Overhead Ipsilateral Forward Lunge,https://youtu.be/qfpKsxIGOu0?si=fKCRBwv_aknD3aFj,,Intermediate,intermediate,Quadriceps,Quadriceps Femoris,Gluteus Maximus|Biceps Femoris,Dumbbell,1,,0,Dumbbell,dumbbells|gym,Standing,Single Arm,Continuous,Neutral,Overhead,Continuous,No Elevation,Single Exercise,Knee Dominant,Sagittal Plane,Lower Body,Push,Compound,Ipsilateral,Bodybuilding
single-arm-dumbbell-overhead-ipsilateral-reverse-lunge,Single Arm Dumbbell Overhead Ipsilateral Reverse Lunge,https://youtu.be/IiijJRQxMKM?si=rak-3KhujfWzeG6V,,Intermediate,intermediate,Quadriceps,Quadriceps Femoris,Gluteus Maximus|Biceps Femoris,Dumbbell,1,,0,Dumbbell,dumbbells|gym,Standing,Single Arm,Continuous,Neutral,Overhead,Continuous,No Elevation,Single Exercise,Knee Dominant,Sagittal Plane,Lower Body,Push,Compound,Ipsilateral,Bodybuilding
single-arm-dumbbell-overhead-ipsilateral-russian-step-up,Single Arm Dumbbell Overhead Ipsilateral Russian Step Up,https://youtu.be/h7uCFbFFEpg?si=rYfRpyQwdrzMUPgo,,Intermediate,intermediate,Quadriceps,Quadriceps Femoris,Gluteus Maximus|Iliopsoas,Dumbbell,1,Plyo Box,1,Dumbbell|Plyo Box,dumbbells|gym,Single Leg Standing Bent Knee,Single Arm,Continuous,Neutral,Overhead,Continuous,Foot Elevated (Front),Single Exercise,Knee Dominant,Sagittal Plane,Lower Body,Push,Compound,Ipsilateral,Balance
single-arm-dumbbell-overhead-ipsilateral-split-squat,Single Arm Dumbbell Overhead Ipsilateral Split Squat,https://youtu.be/XpcDH-_hkD8?si=ZolNMoUBWOAc0Xms,https://youtu.be/zofsIbMpfQ4?si=FtowdyCJ9K6aSW2k,Intermediate,intermediate,Quadriceps,Quadriceps Femoris,Gluteus Maximus|Biceps Femoris,Dumbbell,1,,0,Dumbbell,dumbbells|gym,Split Squat,Single Arm,Continuous,Neutral,Overhead,Continuous,No Elevation,Single Exercise,Knee Dominant,Sagittal Plane,Lower Body,Push,Compound,Ipsilateral,Bodybuilding
single-arm-dumbbell-overhead-ipsilateral-step-up,Single Arm Dumbbell Overhead Ipsilateral Step Up,https://youtu.be/8G0AKIfWSBs?si=A1jj7DSnbvZ7u7t-,,Intermediate,intermediate,Quadriceps,Quadriceps Femoris,Gluteus Maximus|Biceps Femoris,Dumbbell,1,Plyo Box,1,Dumbbell|Plyo Box,dumbbells|gym,Standing,Single Arm,Continuous,Neutral,Overhead,Continuous,Foot Elevated (Front),Single Exercise,Knee Dominant,Sagittal Plane,Lower Body,Push,Compound,Ipsilateral,Bodybuilding
single-arm-dumbbell-overhead-march,Single Arm Dumbbell Overhead March,https://youtu.be/6Yw94hTsI2s?si=oPrzNDtNw4g-Xhy-,https://youtu.be/dN2mr1X82vA?si=Oq7QjiM6QhPUpzw9,Intermediate,intermediate,Hip Flexors,Iliopsoas,Rectus Abdominis|Gluteus Medius,Dumbbell,1,,0,Dumbbell,dumbbells|gym,March,Single Arm,Continuous,Neutral,Overhead,Alternating,No Elevation,Single Exercise,Locomotion,Sagittal Plane,Core,Other,Compound,Unilateral,Balance
single-arm-dumbbell-overhead-press,Single Arm Dumbbell Overhead Press,https://youtu.be/156_Z9969FQ?si=bmP-isrzfk-iAjdj,https://youtu.be/PWQ9xEVNwkQ?si=SHzV3BeE62Ue0pG6,Beginner,beginner,Shoulders,Anterior Deltoids,Triceps Brachii,Dumbbell,1,,0,Dumbbell,dumbbells|gym,Standing,Single Arm,Continuous,Neutral,Overhead,Continuous,No Elevation,Single Exercise,Vertical Push,Sagittal Plane,Upper Body,Push,Compound,Unilateral,Bodybuilding
single-arm-dumbbell-overhead-squat,Single Arm Dumbbell Overhead Squat,https://youtu.be/SokWJEUYgfc?si=OWsmg8u6_2Xz09z9,,Intermediate,intermediate,Quadriceps,Quadriceps Femoris,Gluteus Maximus,Dumbbell,1,,0,Dumbbell,dumbbells|gym,Standing,Single Arm,Continuous,Neutral,Overhead,Continuous,No Elevation,Single Exercise,Knee Dominant,Sagittal Plane,Lower Body,Push,Compound,Unilateral,Bodybuilding
single-arm-dumbbell-overhead-tricep-extension,Single Arm Dumbbell Overhead Tricep Extension,https://youtu.be/2HBq-Tee-14?si=tTQPp2-MoSzG_hJL,,Beginner,beginner,Triceps,Triceps Brachii,Anterior Deltoids|Rectus Abdominis,Dumbbell,1,,0,Dumbbell,dumbbells|gym,Standing,Single Arm,Continuous,Neutral,Overhead,Continuous,No Elevation,Single Exercise,Elbow Extension,Frontal Plane,Upper Body,Push,Isolation,Unilateral,Bodybuilding
single-arm-dumbbell-overhead-walking-lunge,Single Arm Dumbbell Overhead Walking Lunge,https://youtu.be/lcCEvbAGHC8?si=Ri750XsY--4dDnB_,,Intermediate,intermediate,Quadriceps,Quadriceps Femoris,Gluteus Maximus|Biceps Femoris,Dumbbell,1,,0,Dumbbell,dumbbells|gym,Walking,Single Arm,Continuous,Neutral,Overhead,Alternating,No Elevation,Single Exercise,Knee Dominant,Sagittal Plane,Lower Body,Push,Compound,Unilateral,Bodybuilding
single-arm-dumbbell-power-snatch,Single Arm Dumbbell Power Snatch,https://youtu.be/3mlhF3dptAo,https://youtu.be/Dc8XQpyly3g,Intermediate,intermediate,Glutes,Gluteus Maximus,Anterior Deltoids,Dumbbell,1,,0,Dumbbell,dumbbells|gym,Standing,Single Arm,Continuous,Pronated,Overhead,Continuous,No Elevation,Single Exercise,Hip Hinge,Sagittal Plane,Full Body,,Compound,Unilateral,
single-arm-dumbbell-prone-row,Single Arm Dumbbell Prone Row,https://youtu.be/-fuxiCQvMxQ?si=lCRmzsfrTeNaP0Gk,,Novice,beginner,Back,Latissimus Dorsi,,Dumbbell,1,Bench (Flat),1,Dumbbell|Bench (Flat),dumbbells|gym,Prone,Single Arm,Continuous,Neutral,Other,Continuous,No Elevation,Single Exercise,Horizontal Pull,Sagittal Plane,Upper Body,Pull,Compound,Unilateral,Bodybuilding
single-arm-dumbbell-push-jerk,Single Arm Dumbbell Push Jerk,https://youtu.be/r-yDtVg8Yf0?si=XQ5L1OU_VTCHZWRf,,Novice,beginner,Shoulders,Anterior Deltoids,Triceps Brachii|Gluteus Minimus,Dumbbell,1,,0,Dumbbell,dumbbells|gym,Standing,Single Arm,Continuous,Neutral,Overhead,Continuous,No Elevation,Single Exercise,Vertical Push,Sagittal Plane,Upper Body,Push,Compound,Unilateral,
single-arm-dumbbell-push-press,Single Arm Dumbbell Push Press,https://youtu.be/-TVuoR8URxg?si=RsWhCdjyNahveL9y,https://youtu.be/hU9cNWJK9L8?si=qOra3Dd7lOnkYz-j,Novice,beginner,Shoulders,Anterior Deltoids,Triceps Brachii,Dumbbell,1,,0,Dumbbell,dumbbells|gym,Standing,Single Arm,Continuous,Neutral,Overhead,Continuous,No Elevation,Single Exercise,Vertical Push,Sagittal Plane,Upper Body,Push,Compound,Unilateral,
single-arm-dumbbell-seated-concentration-curl,Single Arm Dumbbell Seated Concentration Curl,https://youtu.be/a2OQCwG9bd0?si=d_4n3IRKXeYoxBNs,https://youtu.be/dgvKbfP6lTU,Beginner,beginner,Biceps,Biceps Brachii,Brachialis|Brachioradialis,Dumbbell,1,Bench (Flat),1,Dumbbell|Bench (Flat),dumbbells|gym,Seated,Single Arm,Continuous,Supinated,Other,Continuous,No Elevation,Single Exercise,Elbow Flexion,Sagittal Plane,Upper Body,Pull,Isolation,Unilateral,Bodybuilding
single-arm-dumbbell-seated-cuban-press,Single Arm Dumbbell Seated Cuban Press,https://youtu.be/KxPNCVXkvAg?si=pDMoju9bpHN_T9_7,,Novice,beginner,Shoulders,Posterior Deltoids,Infraspinatus|Teres Minor,Dumbbell,1,Bench (Flat),1,Dumbbell|Bench (Flat),dumbbells|gym,Seated,Single Arm,Continuous,Pronated,Overhead,Continuous,No Elevation,Single Exercise,Shoulder External Rotation,Transverse Plane,Upper Body,Push & Pull,Compound,Unilateral,
single-arm-dumbbell-seated-overhead-press,Single Arm Dumbbell Seated Overhead Press,https://youtu.be/9DB2kibw0os?si=-BYlQ8gHAlszJaDo,,Beginner,beginner,Shoulders,Anterior Deltoids,Triceps Brachii,Dumbbell,1,Bench (Flat),1,Dumbbell|Bench (Flat),dumbbells|gym,Seated,Single Arm,Continuous,Neutral,Overhead,Continuous,No Elevation,Single Exercise,Vertical Push,Sagittal Plane,Upper Body,Push,Compound,Unilateral,Bodybuilding
single-arm-dumbbell-seated-overhead-tricep-extension,Single Arm Dumbbell Seated Overhead Tricep Extension,https://youtu.be/kZ-ReOdn2qk?si=00jzpKZzHCr2EIm3,https://youtu.be/muTfQlepBHI?si=-GAKVa0UVZS-ZchO,Beginner,beginner,Triceps,Triceps Brachii,Anterior Deltoids|Rectus Abdominis,Dumbbell,1,Bench (Flat),1,Dumbbell|Bench (Flat),dumbbells|gym,Seated,Single Arm,Continuous,Neutral,Overhead,Continuous,No Elevation,Single Exercise,Elbow Extension,Frontal Plane,Upper Body,Push,Isolation,Unilateral,Bodybuilding
single-arm-dumbbell-seated-shoulder-external-rotation,Single Arm Dumbbell Seated Shoulder External Rotation,https://youtu.be/HeY0G79zbGA?si=qV6g26pqatUMpDew,https://youtu.be/XKCfeJp4Qo0,Novice,beginner,Shoulders,Posterior Deltoids,Infraspinatus|Teres Minor,Dumbbell,1,Bench (Flat),1,Dumbbell|Bench (Flat),dumbbells|gym,Seated,Single Arm,Continuous,Pronated,Other,Continuous,No Elevation,Single Exercise,Shoulder External Rotation,Transverse Plane,Upper Body,Pull,Isolation,Unilateral,
single-arm-dumbbell-seated-shrug,Single Arm Dumbbell Seated Shrug,https://youtu.be/L15snvTU1qY?si=MYRw1-yq79vC87vm,,Beginner,beginner,Trapezius,Upper Trapezius,Levator Scapulae|Rhomboids,Dumbbell,1,Bench (Flat),1,Dumbbell|Bench (Flat),dumbbells|gym,Seated,Single Arm,Continuous,Neutral,Suitcase,Continuous,No Elevation,Single Exercise,Scapular Elevation,Sagittal Plane,Upper Body,Pull,Isolation,Unilateral,Bodybuilding
single-arm-dumbbell-shrug,Single Arm Dumbbell Shrug,https://youtu.be/neQw53mbivA?si=4di6VUfOBarrAAWQ,https://youtu.be/xyZ5f1q7qw8?si=rw2RIvLLwBGLKy12,Beginner,beginner,Trapezius,Upper Trapezius,Levator Scapulae|Rhomboids,Dumbbell,1,,0,Dumbbell,dumbbells|gym,Standing,Single Arm,Continuous,Neutral,Suitcase,Continuous,No Elevation,Single Exercise,Scapular Elevation,Sagittal Plane,Upper Body,Pull,Isolation,Unilateral,Bodybuilding
single-arm-dumbbell-side-lying-shoulder-external-rotation,Single Arm Dumbbell Side Lying Shoulder External Rotation,https://youtu.be/_qPQKid-LRs,https://youtu.be/UmVD6TKo9CA,Beginner,beginner,Shoulders,Posterior Deltoids,Infraspinatus|Teres Minor,Dumbbell,1,,0,Dumbbell,dumbbells|gym,Side Lying,Single Arm,Continuous,Neutral,Other,Continuous,No Elevation,Single Exercise,Shoulder External Rotation,Transverse Plane,Upper Body,Pull,Isolation,Unilateral,
single-arm-dumbbell-side-plank,Single Arm Dumbbell Side Plank,https://youtu.be/2WxwO9E93wI,,Intermediate,intermediate,Abdominals,Obliques,Rectus Abdominis,Dumbbell,1,,0,Dumbbell,dumbbells|gym,Side Plank,Single Arm,Continuous,Neutral,Other,Continuous,No Elevation,Single Exercise,Anti-Lateral Flexion,Frontal Plane,Core,Other,Compound,Unilateral,
single-arm-dumbbell-side-plank-reach-through,Single Arm Dumbbell Side Plank Reach Through,https://youtu.be/Ec9Ymqhe5i4,,Advanced,advanced,Abdominals,Obliques,Rectus Abdominis,Dumbbell,1,,0,Dumbbell,dumbbells|gym,Side Plank,Single Arm,Continuous,Neutral,Other,Continuous,No Elevation,Single Exercise,Anti-Lateral Flexion|Spinal Rotational,Transverse Plane,Core,Other,Compound,Unilateral,
single-arm-dumbbell-single-leg-contralateral-bent-over-row,Single Arm Dumbbell Single Leg Contralateral Bent Over Row,https://youtu.be/KsEBTYuqemI,,Intermediate,intermediate,Back,Latissimus Dorsi,Rhomboids|Posterior Deltoids,Dumbbell,1,,0,Dumbbell,dumbbells|gym,Single Leg Standing,Single Arm,Continuous,Neutral,Other,Continuous,No Elevation,Single Exercise,Horizontal Pull,Sagittal Plane,Upper Body,Pull,Compound,Contralateral,Bodybuilding
single-arm-dumbbell-skull-crusher,Single Arm Dumbbell Skull Crusher,https://youtu.be/DvgvfUFjb4E?si=Yw6liGivI_UnZu76,,Beginner,beginner,Triceps,Triceps Brachii,Anconeus|Flexor Carpi Radialis,Dumbbell,1,Bench (Flat),1,Dumbbell|Bench (Flat),dumbbells|gym,Supine,Single Arm,Continuous,Neutral,Other,Continuous,No Elevation,Single Exercise,Elbow Extension,Sagittal Plane,Upper Body,Push,Compound,Unilateral,Bodybuilding
single-arm-dumbbell-sots-press,Single Arm Dumbbell Sots Press,https://youtu.be/cc1TZmreJWE?si=aBzThLfX3rm5V3c1,https://youtu.be/iClMsJ8D0Uc?si=EmYuINOia7NzheKH,Intermediate,intermediate,Shoulders,Anterior Deltoids,Triceps Brachii|Quadriceps Femoris,Dumbbell,1,,0,Dumbbell,dumbbells|gym,Standing,Single Arm,Continuous,Neutral,Overhead,Continuous,No Elevation,Single Exercise,Vertical Push,Sagittal Plane,Upper Body,Push,Compound,Unilateral,Bodybuilding
single-arm-dumbbell-spider-curl,Single Arm Dumbbell Spider Curl,https://youtu.be/Ew2ZzKqICfA?si=Irq2jLSDxKiagY3F,,Novice,beginner,Biceps,Biceps Brachii,Brachialis|Brachioradialis,Dumbbell,1,Bench (Incline),1,Dumbbell|Bench (Incline),dumbbells|gym,Prone,Single Arm,Continuous,Supinated,Other,Continuous,No Elevation,Single Exercise,Elbow Flexion,Sagittal Plane,Upper Body,Pull,Isolation,Unilateral,Bodybuilding
single-arm-dumbbell-split-jerk,Single Arm Dumbbell Split Jerk,https://youtu.be/li8Cf-vxDvk?si=xn7C8oJeNgbhkv-d,https://youtu.be/PI-PfjQxr_0?si=vCQbRLiEfsKWR5SP,Intermediate,intermediate,Shoulders,Anterior Deltoids,Triceps Brachii|Gluteus Minimus,Dumbbell,1,,0,Dumbbell,dumbbells|gym,Staggered Stance,Single Arm,Continuous,Neutral,Overhead,Continuous,No Elevation,Single Exercise,Vertical Push|Hip Hinge,Sagittal Plane,Full Body,Push,Compound,Unilateral,
single-arm-dumbbell-squat-snatch,Single Arm Dumbbell Squat Snatch,https://youtu.be/etK3OPjM3S4,https://youtu.be/PlTCUyVcY0E,Intermediate,intermediate,Quadriceps,Quadriceps Femoris,Quadriceps Femoris,Dumbbell,1,,0,Dumbbell,dumbbells|gym,Standing,Single Arm,Continuous,Pronated,Overhead,Continuous,No Elevation,Single Exercise,Knee Dominant|Hip Hinge,Sagittal Plane,Full Body,,Compound,Unilateral,
single-arm-dumbbell-standing-concentration-curl,Single Arm Dumbbell Standing Concentration Curl,https://youtu.be/fOV-z1wARvs?si=pxr3u-XyVhL6BlD3,https://youtu.be/bbFFdxcAYiw,Novice,beginner,Biceps,Biceps Brachii,Brachialis|Brachioradialis,Dumbbell,1,,0,Dumbbell,dumbbells|gym,Standing,Single Arm,Continuous,Supinated,Other,Continuous,No Elevation,Single Exercise,Elbow Flexion,Frontal Plane,Upper Body,Pull,Isolation,Unilateral,Bodybuilding
single-arm-dumbbell-suitcase-alternating-forward-lunge,Single Arm Dumbbell Suitcase Alternating Forward Lunge,https://youtu.be/DbANzYj8EWQ?si=NULTCgfWBvm6vNpX,,Novice,beginner,Quadriceps,Quadriceps Femoris,Gluteus Maximus|Biceps Femoris,Dumbbell,1,,0,Dumbbell,dumbbells|gym,Standing,Single Arm,Continuous,Neutral,Suitcase,Alternating,No Elevation,Single Exercise,Knee Dominant|Anti-Lateral Flexion,Sagittal Plane,Lower Body,Push,Compound,Unilateral,Bodybuilding
single-arm-dumbbell-suitcase-alternating-reverse-lunge,Single Arm Dumbbell Suitcase Alternating Reverse Lunge,https://youtu.be/kTfl5mhcwso?si=iDo9iOmHhKSZIQlN,,Novice,beginner,Quadriceps,Quadriceps Femoris,Gluteus Maximus|Biceps Femoris,Dumbbell,1,,0,Dumbbell,dumbbells|gym,Standing,Single Arm,Continuous,Neutral,Suitcase,Alternating,No Elevation,Single Exercise,Knee Dominant|Anti-Lateral Flexion,Sagittal Plane,Lower Body,Push,Compound,Unilateral,Bodybuilding
single-arm-dumbbell-suitcase-carry,Single Arm Dumbbell Suitcase Carry,https://youtu.be/mKfCI8ADAjQ?si=ZGUBS2ZPrlbJQKmA,,Beginner,beginner,Forearms,Brachioradialis,,Dumbbell,1,,0,Dumbbell,dumbbells|gym,Walking,Single Arm,Continuous,Neutral,Suitcase,Alternating,No Elevation,Single Exercise,Loaded Carry|Anti-Lateral Flexion,Sagittal Plane,Full Body,Other,Compound,Unilateral,
single-arm-dumbbell-suitcase-contralateral-bulgarian-split-squat,Single Arm Dumbbell Suitcase Contralateral Bulgarian Split Squat,https://youtu.be/iylKd9ymBQE?si=D_mNdhDHgU7B8xbD,,Intermediate,intermediate,Quadriceps,Quadriceps Femoris,Gluteus Maximus|Biceps Femoris,Dumbbell,1,Bench (Flat),1,Dumbbell|Bench (Flat),dumbbells|gym,Single Leg Supported,Single Arm,Continuous,Neutral,Suitcase,Continuous,Foot Elevated (Rear),Single Exercise,Knee Dominant|Anti-Lateral Flexion,Sagittal Plane,Lower Body,Push,Compound,Contralateral,Bodybuilding
single-arm-dumbbell-suitcase-contralateral-curtsy-lunge,Single Arm Dumbbell Suitcase Contralateral Curtsy Lunge,https://youtu.be/XSvx131FZ_s?feature=shared,,Novice,beginner,Quadriceps,Quadriceps Femoris,Gluteus Maximus|Adductor Magnus,Dumbbell,1,,0,Dumbbell,dumbbells|gym,Standing,Single Arm,Continuous,Neutral,Suitcase,Continuous,No Elevation,Single Exercise,Knee Dominant|Anti-Lateral Flexion,Frontal Plane,Lower Body,Push,Compound,Contralateral,Bodybuilding
single-arm-dumbbell-suitcase-contralateral-forward-lunge,Single Arm Dumbbell Suitcase Contralateral Forward Lunge,https://youtu.be/nEFul0yIBzU?si=Dt-DKAqMcRsQMRWd,,Novice,beginner,Quadriceps,Quadriceps Femoris,Gluteus Maximus|Biceps Femoris,Dumbbell,1,,0,Dumbbell,dumbbells|gym,Standing,Single Arm,Continuous,Neutral,Suitcase,Continuous,No Elevation,Single Exercise,Knee Dominant|Anti-Lateral Flexion,Sagittal Plane,Lower Body,Push,Compound,Contralateral,Bodybuilding
single-arm-dumbbell-suitcase-contralateral-lateral-lunge,Single Arm Dumbbell Suitcase Contralateral Lateral Lunge,https://youtu.be/-5W0Wi2_vps?feature=shared,,Novice,beginner,Quadriceps,Quadriceps Femoris,Gluteus Maximus|Adductor Magnus,Dumbbell,1,,0,Dumbbell,dumbbells|gym,Standing,Single Arm,Continuous,Neutral,Suitcase,Continuous,No Elevation,Single Exercise,Knee Dominant|Anti-Lateral Flexion,Frontal Plane,Lower Body,Push,Compound,Contralateral,Bodybuilding
single-arm-dumbbell-suitcase-contralateral-reverse-lunge,Single Arm Dumbbell Suitcase Contralateral Reverse Lunge,https://youtu.be/ZsmsBmOMtnw?si=FMtq9k1eAmHq4gEX,,Novice,beginner,Quadriceps,Quadriceps Femoris,Gluteus Maximus|Biceps Femoris,Dumbbell,1,,0,Dumbbell,dumbbells|gym,Standing,Single Arm,Continuous,Neutral,Suitcase,Continuous,No Elevation,Single Exercise,Knee Dominant|Anti-Lateral Flexion,Sagittal Plane,Lower Body,Push,Compound,Contralateral,Bodybuilding
single-arm-dumbbell-suitcase-contralateral-russian-step-up,Single Arm Dumbbell Suitcase Contralateral Russian Step Up,https://youtu.be/cB20h7IpdJQ?si=KBJR-jjHokOwHkYv,,Novice,beginner,Quadriceps,Quadriceps Femoris,Gluteus Maximus|Iliopsoas,Dumbbell,1,Plyo Box,1,Dumbbell|Plyo Box,dumbbells|gym,Single Leg Standing Bent Knee,Single Arm,Continuous,Neutral,Suitcase,Continuous,Foot Elevated (Front),Single Exercise,Knee Dominant|Anti-Lateral Flexion,Sagittal Plane,Lower Body,Push,Compound,Contralateral,Balance
single-arm-dumbbell-suitcase-contralateral-split-squat,Single Arm Dumbbell Suitcase Contralateral Split Squat,https://youtu.be/eT5ol-m5gQU?si=1yRDnXPgi913NC1Q,,Novice,beginner,Quadriceps,Quadriceps Femoris,Gluteus Maximus|Biceps Femoris,Dumbbell,1,,0,Dumbbell,dumbbells|gym,Split Squat,Single Arm,Continuous,Neutral,Suitcase,Continuous,No Elevation,Single Exercise,Knee Dominant|Anti-Lateral Flexion,Sagittal Plane,Lower Body,Push,Compound,Contralateral,Bodybuilding
single-arm-dumbbell-suitcase-contralateral-step-up,Single Arm Dumbbell Suitcase Contralateral Step Up,https://youtu.be/23z9Mb4sMVk?feature=shared,,Novice,beginner,Quadriceps,Quadriceps Femoris,Gluteus Maximus|Biceps Femoris,Dumbbell,1,Plyo Box,1,Dumbbell|Plyo Box,dumbbells|gym,Standing,Single Arm,Continuous,Neutral,Suitcase,Continuous,Foot Elevated (Front),Single Exercise,Knee Dominant|Anti-Lateral Flexion,Sagittal Plane,Lower Body,Push,Compound,Contralateral,Bodybuilding
single-arm-dumbbell-suitcase-deadlift,Single Arm Dumbbell Suitcase Deadlift,https://youtu.be/yMRbcOd51pA?si=7Hc1xBgOqKKuKw3C,https://youtu.be/9ksPiTU64tI?si=UWk89dqzB8OjLE0A,Novice,beginner,Back,Latissimus Dorsi,Latissimus Dorsi,Dumbbell,1,,0,Dumbbell,dumbbells|gym,Standing,Single Arm,Continuous,Neutral,Suitcase,Continuous,No Elevation,Single Exercise,Hip Hinge|Anti-Lateral Flexion,Sagittal Plane,Full Body,Pull,Compound,Unilateral,Bodybuilding
single-arm-dumbbell-suitcase-foot-elevated-contralateral-knee-over-toe-split-squat,Single Arm Dumbbell Suitcase Foot Elevated Contralateral Knee Over Toe Split Squat,https://youtu.be/FpwomyrCcCk?si=JJyauhDa3bMzRSkq,,Novice,beginner,Quadriceps,Quadriceps Femoris,Gluteus Maximus|Soleus,Dumbbell,1,,0,Dumbbell,dumbbells|gym,Knee Over Toe Split Squat,Single Arm,Continuous,Neutral,Suitcase,Continuous,Foot Elevated (Front),Single Exercise,Knee Dominant|Anti-Lateral Flexion,Sagittal Plane,Lower Body,Push,Compound,Contralateral,Bodybuilding
single-arm-dumbbell-suitcase-hand-assisted-ipsilateral-foot-elevated-single-leg-calf-raise,Single Arm Dumbbell Suitcase Hand Assisted Ipsilateral Foot Elevated Single Leg Calf Raise,https://youtu.be/xASrMCHjL4M?si=-Ue1QOKJH5pRPoTH,https://youtu.be/DlcI-MK6jAA?si=HTeklTo4dzB7J-Q8,Novice,beginner,Calves,Gastrocnemius,Soleus|Tibialis Anterior,Dumbbell,1,,0,Dumbbell,dumbbells|gym,Single Leg Standing,Single Arm,Continuous,Hand Assisted,Suitcase,Continuous,Toes Elevated,Single Exercise,Ankle Plantar Flexion|Anti-Lateral Flexion,Sagittal Plane,Lower Body,Push,Isolation,Ipsilateral,Bodybuilding
single-arm-dumbbell-suitcase-ipsilateral-bulgarian-split-squat,Single Arm Dumbbell Suitcase Ipsilateral Bulgarian Split Squat,https://youtu.be/7oQoOglG_cA?si=JLNoB9O2s2KyOAf1,,Intermediate,intermediate,Quadriceps,Quadriceps Femoris,Gluteus Maximus|Biceps Femoris,Dumbbell,1,Bench (Flat),1,Dumbbell|Bench (Flat),dumbbells|gym,Single Leg Supported,Single Arm,Continuous,Neutral,Suitcase,Continuous,Foot Elevated (Rear),Single Exercise,Knee Dominant|Anti-Lateral Flexion,Sagittal Plane,Lower Body,Push,Compound,Ipsilateral,Bodybuilding
single-arm-dumbbell-suitcase-ipsilateral-forward-lunge,Single Arm Dumbbell Suitcase Ipsilateral Forward Lunge,https://youtu.be/6qREgTKXbOM?si=gyM_F4WYjs2hqIS7,,Novice,beginner,Quadriceps,Quadriceps Femoris,Gluteus Maximus|Biceps Femoris,Dumbbell,1,,0,Dumbbell,dumbbells|gym,Standing,Single Arm,Continuous,Neutral,Suitcase,Continuous,No Elevation,Single Exercise,Knee Dominant|Anti-Lateral Flexion,Sagittal Plane,Lower Body,Push,Compound,Ipsilateral,Bodybuilding
single-arm-dumbbell-suitcase-ipsilateral-reverse-lunge,Single Arm Dumbbell Suitcase Ipsilateral Reverse Lunge,https://youtu.be/uzn966rWQ4c?si=XF_kMH6vfBIw4hz4,,Novice,beginner,Quadriceps,Quadriceps Femoris,Gluteus Maximus|Biceps Femoris,Dumbbell,1,,0,Dumbbell,dumbbells|gym,Standing,Single Arm,Continuous,Neutral,Suitcase,Continuous,No Elevation,Single Exercise,Knee Dominant|Anti-Lateral Flexion,Sagittal Plane,Lower Body,Push,Compound,Ipsilateral,Bodybuilding
single-arm-dumbbell-suitcase-ipsilateral-split-squat,Single Arm Dumbbell Suitcase Ipsilateral Split Squat,https://youtu.be/PL3rLZbBgZQ?si=NevvL1vzasNBOgVT,https://youtu.be/cIp4a9Sj_54?si=24y6vu_iqwfImM44,Novice,beginner,Quadriceps,Quadriceps Femoris,Gluteus Maximus|Biceps Femoris,Dumbbell,1,,0,Dumbbell,dumbbells|gym,Split Squat,Single Arm,Continuous,Neutral,Suitcase,Continuous,No Elevation,Single Exercise,Knee Dominant|Anti-Lateral Flexion,Sagittal Plane,Lower Body,Push,Compound,Ipsilateral,Bodybuilding
single-arm-dumbbell-suitcase-ipsilateral-step-up,Single Arm Dumbbell Suitcase Ipsilateral Step Up,https://youtu.be/fWhOG_9eHdE?feature=shared,,Novice,beginner,Quadriceps,Quadriceps Femoris,Gluteus Maximus|Biceps Femoris,Dumbbell,1,Plyo Box,1,Dumbbell|Plyo Box,dumbbells|gym,Standing,Single Arm,Continuous,Neutral,Suitcase,Continuous,Foot Elevated (Front),Single Exercise,Knee Dominant|Anti-Lateral Flexion,Sagittal Plane,Lower Body,Push,Compound,Ipsilateral,Bodybuilding
single-arm-dumbbell-suitcase-march,Single Arm Dumbbell Suitcase March,https://youtu.be/l5n8bNkwXFo?si=N5Nmp5n6RrmLD2uu,,Novice,beginner,Hip Flexors,Iliopsoas,Rectus Abdominis|Gluteus Medius,Dumbbell,1,,0,Dumbbell,dumbbells|gym,March,Single Arm,Continuous,Neutral,Suitcase,Alternating,No Elevation,Single Exercise,Locomotion|Anti-Lateral Flexion,Sagittal Plane,Core,Other,Compound,Unilateral,Balance
single-arm-dumbbell-suitcase-walking-lunge,Single Arm Dumbbell Suitcase Walking Lunge,https://youtu.be/QR1CViFqmmc?si=4Lxq-QIIZ55jvMdx,,Novice,beginner,Quadriceps,Quadriceps Femoris,Gluteus Maximus|Biceps Femoris,Dumbbell,1,,0,Dumbbell,dumbbells|gym,Walking,Single Arm,Continuous,Neutral,Suitcase,Alternating,No Elevation,Single Exercise,Knee Dominant|Anti-Lateral Flexion,Sagittal Plane,Lower Body,Push,Compound,Unilateral,Bodybuilding
single-arm-dumbbell-tall-kneeling-overhead-press,Single Arm Dumbbell Tall Kneeling Overhead Press,https://youtu.be/QVFklRHtJxY?si=D_kiEaZg-5pSrfHL,,Novice,beginner,Shoulders,Anterior Deltoids,Triceps Brachii|Rectus Abdominis,Dumbbell,1,,0,Dumbbell,dumbbells|gym,Tall Kneeling,Single Arm,Continuous,Neutral,Overhead,Continuous,No Elevation,Single Exercise,Vertical Push,Sagittal Plane,Upper Body,Push,Compound,Unilateral,Bodybuilding
single-arm-dumbbell-tall-kneeling-overhead-tricep-extension,Single Arm Dumbbell Tall Kneeling Overhead Tricep Extension,https://youtu.be/cDkzaJaOYMo?feature=shared,,Beginner,beginner,Triceps,Triceps Brachii,Anterior Deltoids|Rectus Abdominis,Dumbbell,1,,0,Dumbbell,dumbbells|gym,Tall Kneeling,Single Arm,Continuous,Neutral,Overhead,Continuous,No Elevation,Single Exercise,Elbow Extension,Frontal Plane,Upper Body,Push,Isolation,Unilateral,Bodybuilding
single-arm-dumbbell-thruster,Single Arm Dumbbell Thruster,https://youtu.be/03aX4h5-EkA,https://youtu.be/o1wfP7nTCqg,Novice,beginner,Quadriceps,Quadriceps Femoris,Anterior Deltoids,Dumbbell,1,,0,Dumbbell,dumbbells|gym,Standing,Single Arm,Continuous,Neutral,Overhead,Continuous,No Elevation,Single Exercise,Knee Dominant|Vertical Push,Sagittal Plane,Full Body,Push,Compound,Unilateral,Bodybuilding
single-arm-dumbbell-tricep-kickback,Single Arm Dumbbell Tricep Kickback,https://youtu.be/MQOnCts9N9c?si=0NLgrLb84fi_4vxZ,,Beginner,beginner,Triceps,Triceps Brachii,,Dumbbell,1,,0,Dumbbell,dumbbells|gym,Standing,Single Arm,Continuous,Neutral,Other,Continuous,No Elevation,Single Exercise,Elbow Extension,Sagittal Plane,Upper Body,Push,Isolation,Unilateral,Bodybuilding
single-arm-dumbbell-turkish-get-up,Single Arm Dumbbell Turkish Get Up,https://youtu.be/saYKvqSscuY,https://youtu.be/MlDLOiN42d4,Intermediate,intermediate,Abdominals,Obliques,Rectus Abdominis,Dumbbell,1,,0,Dumbbell,dumbbells|gym,Supine,Single Arm,Continuous,Neutral,Overhead,Continuous,No Elevation,Single Exercise,Rotational,Transverse Plane|Sagittal Plane,Full Body,Other,Compound,Unilateral,Grinds
single-arm-dumbbell-turkish-sit-up,Single Arm Dumbbell Turkish Sit Up,https://youtu.be/h9OYpweuJEc,,Intermediate,intermediate,Abdominals,Rectus Abdominis,Anterior Deltoids|Iliopsoas,Dumbbell,1,,0,Dumbbell,dumbbells|gym,Supine,Single Arm,Continuous,Pronated,Overhead,Continuous,No Elevation,Single Exercise,Spinal Flexion,Sagittal Plane,Core,Other,Compound,Unilateral,
single-arm-dumbbell-windmill,Single Arm Dumbbell Windmill,https://youtu.be/EVLXzqAzAHI,https://youtu.be/0gMRrtTN5OE?si=UAizRA3GShfFTChg,Intermediate,intermediate,Abdominals,Obliques,Rectus Abdominis|Anterior Deltoids,Dumbbell,1,,0,Dumbbell,dumbbells|gym,Standing,Single Arm,Continuous,Neutral,Overhead,Continuous,No Elevation,Single Exercise,Rotational,Transverse Plane,Core,Other,Compound,Unilateral,
single-arm-dumbbell-z-press,Single Arm Dumbbell Z Press,https://youtu.be/Ib-8BOyAgTQ,,Intermediate,intermediate,Shoulders,Anterior Deltoids,Triceps Brachii|Rectus Abdominis,Dumbbell,1,,0,Dumbbell,dumbbells|gym,Seated Floor,Single Arm,Continuous,Neutral,Overhead,Continuous,No Elevation,Single Exercise,Vertical Push,Sagittal Plane,Upper Body,Push,Compound,Unilateral,Bodybuilding
single-arm-kettlebell-alternating-forward-lunge-snatch,Single Arm Kettlebell Alternating Forward Lunge Snatch,https://youtu.be/yVbXFUpxZDo?si=fGc1RAIfM6JUdZ4B,,Advanced,advanced,Quadriceps,Quadriceps Femoris,Gluteus Maximus|Anterior Deltoids,Kettlebell,1,,0,Kettlebell,gym,Standing,Single Arm,Continuous,Pronated,Overhead,Alternating,No Elevation,Single Exercise,Knee Dominant|Hip Hinge,Sagittal Plane,Full Body,,Compound,Unilateral,Ballistics
single-arm-kettlebell-around-the-world,Single Arm Kettlebell Around the World,https://youtu.be/6AzrdFj3Qfc?si=52vAx7-XXfvkSz_l,https://youtu.be/91citDXgmoE,Novice,beginner,Abdominals,Rectus Abdominis,,Kettlebell,1,,0,Kettlebell,gym,Standing,Single Arm,Continuous,Pronated,Other,Continuous,No Elevation,Single Exercise,Anti-Rotational,Transverse Plane,Core,Other,Compound,Unilateral,
single-arm-kettlebell-bench-press,Single Arm Kettlebell Bench Press,https://youtu.be/jme7uJ99oI4?si=zSBDr4Bv5l6vINmf,https://youtu.be/g5EZwana3R0?si=hdAX7pyAoiCI7kwS,Beginner,beginner,Chest,Pectoralis Major,Triceps Brachii,Kettlebell,1,Bench (Flat),1,Kettlebell|Bench (Flat),gym,Supine,Single Arm,Continuous,Pronated,Above Chest,Continuous,No Elevation,Single Exercise,Horizontal Push,Sagittal Plane,Upper Body,Push,Compound,Unilateral,Bodybuilding
single-arm-kettlebell-bent-over-row,Single Arm Kettlebell Bent Over Row,https://youtu.be/9Q9gwoXHn1o,https://youtu.be/bZ4h1Bqw-to,Novice,beginner,Back,Latissimus Dorsi,Rhomboids|Posterior Deltoids,Kettlebell,1,,0,Kettlebell,gym,Standing,Single Arm,Continuous,Neutral,Other,Continuous,No Elevation,Single Exercise,Horizontal Pull|Anti-Rotational,Sagittal Plane,Upper Body,Pull,Compound,Unilateral,Bodybuilding
single-arm-kettlebell-bent-press,Single Arm Kettlebell Bent Press,https://youtu.be/xO7fmvTpy3M,https://youtu.be/cFmSd61PPTI,Intermediate,intermediate,Shoulders,Anterior Deltoids,Triceps Brachii,Kettlebell,1,,0,Kettlebell,gym,Standing,Single Arm,Continuous,Pronated,Overhead,Continuous,No Elevation,Single Exercise,Rotational|Vertical Push,Transverse Plane,Full Body,Push,Compound,Unilateral,Grinds
single-arm-kettlebell-bicep-curl,Single Arm Kettlebell Bicep Curl,https://youtu.be/f3LvSVbDINk?si=fJJqDtL6UzxX6HF2,,Beginner,beginner,Biceps,Biceps Brachii,Brachialis|Brachioradialis,Kettlebell,1,,0,Kettlebell,gym,Standing,Single Arm,Continuous,Supinated,Other,Continuous,No Elevation,Single Exercise,Elbow Flexion,Sagittal Plane,Upper Body,Pull,Isolation,Unilateral,Bodybuilding
single-arm-kettlebell-bird-dog-row,Single Arm Kettlebell Bird Dog Row,https://youtu.be/TBtjuZR8Dvo,https://youtu.be/IrMVMZoQum4?si=OXQ7A8Yon9a3gESZ,Intermediate,intermediate,Back,Latissimus Dorsi,Rectus Abdominis|Gluteus Maximus,Kettlebell,1,Bench (Flat),1,Kettlebell|Bench (Flat),gym,Quadruped,Single Arm,Continuous,Neutral,Other,Continuous,No Elevation,Single Exercise,Horizontal Pull,Sagittal Plane,Upper Body,Pull,Compound,Unilateral,Bodybuilding
single-arm-kettlebell-bottoms-up-arm-bar-rotation,Single Arm Kettlebell Bottoms Up Arm Bar Rotation,https://youtu.be/dlqDSzgxNwM?si=_l4eia6JX0ovy0ss,,Intermediate,intermediate,Shoulders,Infraspinatus,Subscapularis|Obliques,Kettlebell,1,,0,Kettlebell,gym,Supine,Single Arm,Continuous,Neutral,Overhead,Continuous,No Elevation,Single Exercise,Rotational,Transverse Plane,Upper Body,Other,Compound,Unilateral,Mobility
single-arm-kettlebell-bottoms-up-bench-press,Single Arm Kettlebell Bottoms Up Bench Press,https://youtu.be/NIytPzrQ460?si=hBsVxzSTE6ddOTCD,https://youtu.be/XqVjldCjnXM?si=TrEPboJXiVhVKoXL,Novice,beginner,Chest,Pectoralis Major,Triceps Brachii,Kettlebell,1,Bench (Flat),1,Kettlebell|Bench (Flat),gym,Supine,Single Arm,Continuous,Bottoms Up,Above Chest,Continuous,No Elevation,Single Exercise,Horizontal Push,Sagittal Plane,Upper Body,Push,Compound,Unilateral,Bodybuilding
single-arm-kettlebell-bottoms-up-bent-knee-copenhagen-plank,Single Arm Kettlebell Bottoms Up Bent Knee Copenhagen Plank,https://youtu.be/5mF3RrwkX-M?si=sDX18PL3XzhLlBhu,,Intermediate,intermediate,Adductors,Adductor Magnus,,Kettlebell,1,Bench (Flat),1,Kettlebell|Bench (Flat),gym,Side Plank,Single Arm,Continuous,Bottoms Up,Other,Continuous,Foot Elevated (Side),Single Exercise,Hip Adduction,Frontal Plane,Lower Body,Other,Compound,Unilateral,
single-arm-kettlebell-bottoms-up-clean,Single Arm Kettlebell Bottoms Up Clean,https://youtu.be/kMTZwJnCyjw?si=i72hlbqfO-UgCiPw,https://youtu.be/82R1H0Vt3u4?si=o04-97n1Ozurkwtt,Intermediate,intermediate,Glutes,Gluteus Maximus,,Kettlebell,1,,0,Kettlebell,gym,Standing,Single Arm,Continuous,Bottoms Up,Front Rack,Continuous,No Elevation,Single Exercise,Hip Hinge,Sagittal Plane,Full Body,,Compound,Unilateral,Ballistics
single-arm-kettlebell-bottoms-up-copenhagen-plank,Single Arm Kettlebell Bottoms Up Copenhagen Plank,https://youtu.be/l2Hu2D3z84w?si=H3JslwI5uQK49RTu,https://youtu.be/ggPSnMVIQ08?si=7hv_e4CLgcwRPbWh,Intermediate,intermediate,Adductors,Adductor Magnus,,Kettlebell,1,Bench (Flat),1,Kettlebell|Bench (Flat),gym,Side Plank,Single Arm,Continuous,Bottoms Up,Other,Continuous,Foot Elevated (Side),Single Exercise,Hip Adduction,Frontal Plane,Lower Body,Other,Compound,Unilateral,
single-arm-kettlebell-bottoms-up-dead-clean,Single Arm Kettlebell Bottoms Up Dead Clean,https://youtu.be/QP8ZqZUuvmk?si=UOZV5omhXZ1F-93V,,Intermediate,intermediate,Glutes,Gluteus Maximus,Biceps Femoris|Rectus Abdominis,Kettlebell,1,,0,Kettlebell,gym,Standing,Single Arm,Continuous,Bottoms Up,Front Rack,Continuous,No Elevation,Single Exercise,Hip Hinge,Sagittal Plane,Full Body,,Compound,Unilateral,
single-arm-kettlebell-bottoms-up-dead-clean-to-overhead-press,Single Arm Kettlebell Bottoms Up Dead Clean to Overhead Press,https://youtu.be/EF4ep3h5Olk,,Intermediate,intermediate,Shoulders,Anterior Deltoids,Gluteus Maximus,Kettlebell,1,,0,Kettlebell,gym,Standing,Single Arm,Continuous,Bottoms Up,Overhead,Continuous,No Elevation,Combo Exercise,Hip Hinge|Vertical Push,Sagittal Plane,Full Body,,Compound,Unilateral,Ballistics
single-arm-kettlebell-bottoms-up-floor-press,Single Arm Kettlebell Bottoms Up Floor Press,https://youtu.be/uk39UR9K25Y?si=s6ejJf9GtQ4llbjw,https://youtu.be/nkj1g66OUmU?si=tgMKon5lGlqNBvDB,Novice,beginner,Chest,Pectoralis Major,Triceps Brachii|Anterior Deltoids,Kettlebell,1,,0,Kettlebell,gym,Supine,Single Arm,Continuous,Bottoms Up,Above Chest,Continuous,No Elevation,Single Exercise,Horizontal Push,Sagittal Plane,Upper Body,Push,Compound,Unilateral,Bodybuilding
single-arm-kettlebell-bottoms-up-front-rack-alternating-forward-lunge,Single Arm Kettlebell Bottoms Up Front Rack Alternating Forward Lunge,https://youtu.be/q7sQB0_p7XQ?feature=shared,,Intermediate,intermediate,Quadriceps,Quadriceps Femoris,Gluteus Maximus|Biceps Femoris,Kettlebell,1,,0,Kettlebell,gym,Standing,Single Arm,Continuous,Bottoms Up,Front Rack,Alternating,No Elevation,Single Exercise,Knee Dominant,Sagittal Plane,Lower Body,Push,Compound,Unilateral,Bodybuilding
single-arm-kettlebell-bottoms-up-front-rack-alternating-reverse-lunge,Single Arm Kettlebell Bottoms Up Front Rack Alternating Reverse Lunge,https://youtu.be/xhyigP6lpAM?feature=shared,,Intermediate,intermediate,Quadriceps,Quadriceps Femoris,Gluteus Maximus|Biceps Femoris,Kettlebell,1,,0,Kettlebell,gym,Standing,Single Arm,Continuous,Bottoms Up,Front Rack,Alternating,No Elevation,Single Exercise,Knee Dominant,Sagittal Plane,Lower Body,Push,Compound,Unilateral,Bodybuilding
single-arm-kettlebell-bottoms-up-front-rack-carry,Single Arm Kettlebell Bottoms Up Front Rack Carry,https://youtu.be/0i2Aa8gV-VY?si=Z7AGqRY1Hod9Fwti,https://youtu.be/ruS-NNxgvCU,Intermediate,intermediate,Abdominals,Rectus Abdominis,,Kettlebell,1,,0,Kettlebell,gym,Walking,Single Arm,Continuous,Bottoms Up,Front Rack,Alternating,No Elevation,Single Exercise,Loaded Carry,Sagittal Plane,Full Body,Other,Compound,Unilateral,
single-arm-kettlebell-bottoms-up-front-rack-contralateral-lateral-lunge,Single Arm Kettlebell Bottoms Up Front Rack Contralateral Lateral Lunge,https://youtu.be/MmjIL_vngvw?si=aEO8f0KqC36Pr-Lx,,Intermediate,intermediate,Quadriceps,Quadriceps Femoris,Gluteus Maximus|Adductor Magnus,Kettlebell,1,,0,Kettlebell,gym,Standing,Single Arm,Continuous,Bottoms Up,Front Rack,Continuous,No Elevation,Single Exercise,Knee Dominant,Frontal Plane,Lower Body,Push,Compound,Contralateral,Bodybuilding
single-arm-kettlebell-bottoms-up-front-rack-contralateral-reverse-lunge,Single Arm Kettlebell Bottoms Up Front Rack Contralateral Reverse Lunge,https://youtu.be/Zy3uowra52Q?si=TqlOPzqiZOcb_wkA,https://youtu.be/135S8xKiK4w?feature=shared,Intermediate,intermediate,Quadriceps,Quadriceps Femoris,Gluteus Maximus|Biceps Femoris,Kettlebell,1,,0,Kettlebell,gym,Standing,Single Arm,Continuous,Bottoms Up,Front Rack,Continuous,No Elevation,Single Exercise,Knee Dominant,Sagittal Plane,Lower Body,Push,Compound,Contralateral,Bodybuilding
single-arm-kettlebell-bottoms-up-front-rack-contralateral-split-squat,Single Arm Kettlebell Bottoms Up Front Rack Contralateral Split Squat,https://youtu.be/kTJfy28oNFE?si=SfdE8XDz_tYT0vyI,https://youtu.be/AZXE2GxnLLg?si=klSkY0q0wz02HD1_,Intermediate,intermediate,Quadriceps,Quadriceps Femoris,Gluteus Maximus|Biceps Femoris,Kettlebell,1,,0,Kettlebell,gym,Split Squat,Single Arm,Continuous,Bottoms Up,Front Rack,Continuous,No Elevation,Single Exercise,Knee Dominant,Sagittal Plane,Lower Body,Push,Compound,Contralateral,Bodybuilding
single-arm-kettlebell-bottoms-up-front-rack-cyclist-squat,Single Arm Kettlebell Bottoms Up Front Rack Cyclist Squat,https://youtu.be/x8bLCSXTChA,,Intermediate,intermediate,Quadriceps,Quadriceps Femoris,Gluteus Maximus|Soleus,Kettlebell,1,Slant Board,1,Kettlebell|Slant Board,gym,Standing,Single Arm,Continuous,Bottoms Up,Front Rack,Continuous,Heels Elevated,Single Exercise,Knee Dominant,Sagittal Plane,Lower Body,Push,Compound,Unilateral,Bodybuilding
single-arm-kettlebell-bottoms-up-front-rack-walking-lunge,Single Arm Kettlebell Bottoms Up Front Rack Walking Lunge,https://youtu.be/FvSL8slKKHY,,Intermediate,intermediate,Quadriceps,Quadriceps Femoris,Gluteus Maximus|Biceps Femoris,Kettlebell,1,,0,Kettlebell,gym,Walking,Single Arm,Continuous,Bottoms Up,Front Rack,Alternating,No Elevation,Single Exercise,Knee Dominant,Sagittal Plane,Lower Body,Push,Compound,Unilateral,Bodybuilding
single-arm-kettlebell-bottoms-up-half-kneeling-contralateral-overhead-press,Single Arm Kettlebell Bottoms Up Half Kneeling Contralateral Overhead Press,https://youtu.be/DrpIWrG7rl8,,Intermediate,intermediate,Shoulders,Anterior Deltoids,Triceps Brachii,Kettlebell,1,,0,Kettlebell,gym,Half Kneeling,Single Arm,Continuous,Bottoms Up,Overhead,Continuous,No Elevation,Single Exercise,Vertical Push,Sagittal Plane,Upper Body,Push,Compound,Contralateral,Bodybuilding
single-arm-kettlebell-bottoms-up-half-kneeling-windmill,Single Arm Kettlebell Bottoms Up Half Kneeling Windmill,https://youtu.be/U6kn-AypL7c,,Advanced,advanced,Abdominals,Obliques,Rectus Abdominis|Anterior Deltoids,Kettlebell,1,,0,Kettlebell,gym,Half Kneeling,Single Arm,Continuous,Bottoms Up,Overhead,Continuous,No Elevation,Single Exercise,Rotational,Transverse Plane,Core,Other,Compound,Unilateral,Grinds
single-arm-kettlebell-bottoms-up-incline-bench-press,Single Arm Kettlebell Bottoms Up Incline Bench Press,https://youtu.be/SoVCwno_9z8?si=BCvfBOVPW_aHbvZ_,,Novice,beginner,Chest,Pectoralis Major,Triceps Brachii,Kettlebell,1,Bench (Incline),1,Kettlebell|Bench (Incline),gym,Supine,Single Arm,Continuous,Bottoms Up,Above Chest,Continuous,No Elevation,Single Exercise,Horizontal Push,Sagittal Plane,Upper Body,Push,Compound,Unilateral,Bodybuilding
single-arm-kettlebell-bottoms-up-overhead-alternating-reverse-lunge,Single Arm Kettlebell Bottoms Up Overhead Alternating Reverse Lunge,https://youtu.be/N4GPqbj8Nds?feature=shared,,Advanced,advanced,Quadriceps,Quadriceps Femoris,Gluteus Maximus|Biceps Femoris,Kettlebell,1,,0,Kettlebell,gym,Standing,Single Arm,Continuous,Bottoms Up,Overhead,Alternating,No Elevation,Single Exercise,Knee Dominant,Sagittal Plane,Lower Body,Push,Compound,Unilateral,Bodybuilding
single-arm-kettlebell-bottoms-up-overhead-carry,Single Arm Kettlebell Bottoms Up Overhead Carry,https://youtu.be/m7e4dzCqoGA?si=wc7zBINGvkkas6BV,,Advanced,advanced,Shoulders,Anterior Deltoids,Obliques,Kettlebell,1,,0,Kettlebell,gym,Walking,Single Arm,Continuous,Bottoms Up,Overhead,Alternating,No Elevation,Single Exercise,Loaded Carry,Sagittal Plane,Full Body,Other,Compound,Unilateral,
single-arm-kettlebell-bottoms-up-overhead-contralateral-reverse-lunge,Single Arm Kettlebell Bottoms Up Overhead Contralateral Reverse Lunge,https://youtu.be/FJSjoyq9das?si=zs-BmTlnKVXLf4--,,Advanced,advanced,Quadriceps,Quadriceps Femoris,Gluteus Maximus|Biceps Femoris,Kettlebell,1,,0,Kettlebell,gym,Standing,Single Arm,Continuous,Bottoms Up,Overhead,Continuous,No Elevation,Single Exercise,Knee Dominant,Sagittal Plane,Lower Body,Push,Compound,Contralateral,Bodybuilding
single-arm-kettlebell-bottoms-up-overhead-ipsilateral-reverse-lunge,Single Arm Kettlebell Bottoms Up Overhead Ipsilateral Reverse Lunge,https://youtu.be/8AxBDKQTyR0?si=qTGmTVE5AbG0urg6,,Advanced,advanced,Quadriceps,Quadriceps Femoris,Gluteus Maximus|Biceps Femoris,Kettlebell,1,,0,Kettlebell,gym,Standing,Single Arm,Continuous,Bottoms Up,Overhead,Continuous,No Elevation,Single Exercise,Knee Dominant,Sagittal Plane,Lower Body,Push,Compound,Ipsilateral,Bodybuilding
single-arm-kettlebell-bottoms-up-overhead-press,Single Arm Kettlebell Bottoms Up Overhead Press,https://youtu.be/J5LEpIZSDS0?si=SukDsqWl5cS7XyF-,https://youtu.be/zIiqn5HVq1w?si=VyLaWgCr5pDY5QTj,Intermediate,intermediate,Shoulders,Anterior Deltoids,Triceps Brachii,Kettlebell,1,,0,Kettlebell,gym,Standing,Single Arm,Continuous,Bottoms Up,Overhead,Continuous,No Elevation,Single Exercise,Vertical Push,Sagittal Plane,Upper Body,Push,Compound,Unilateral,
single-arm-kettlebell-bottoms-up-overhead-squat,Single Arm Kettlebell Bottoms Up Overhead Squat,https://youtu.be/j0aAMnMp0yU,,Advanced,advanced,Quadriceps,Quadriceps Femoris,Gluteus Maximus,Kettlebell,1,,0,Kettlebell,gym,Standing,Single Arm,Continuous,Bottoms Up,Overhead,Continuous,No Elevation,Single Exercise,Knee Dominant,Sagittal Plane,Lower Body,Push,Compound,Unilateral,Bodybuilding
single-arm-kettlebell-bottoms-up-overhead-walking-lunge,Single Arm Kettlebell Bottoms Up Overhead Walking Lunge,https://youtu.be/0D5CejWdGE4?feature=shared,,Advanced,advanced,Quadriceps,Quadriceps Femoris,Gluteus Maximus|Biceps Femoris,Kettlebell,1,,0,Kettlebell,gym,Walking,Single Arm,Continuous,Bottoms Up,Overhead,Alternating,No Elevation,Single Exercise,Knee Dominant,Sagittal Plane,Lower Body,Push,Compound,Unilateral,Bodybuilding
single-arm-kettlebell-bottoms-up-seated-overhead-press,Single Arm Kettlebell Bottoms Up Seated Overhead Press,https://youtu.be/f8Mgse4j3uc?si=GV-Q36irrQm7tYhE,,Intermediate,intermediate,Shoulders,Anterior Deltoids,Triceps Brachii,Kettlebell,1,Bench (Flat),1,Kettlebell|Bench (Flat),gym,Seated,Single Arm,Continuous,Bottoms Up,Overhead,Continuous,No Elevation,Single Exercise,Vertical Push,Sagittal Plane,Upper Body,Push,Compound,Unilateral,Bodybuilding
single-arm-kettlebell-bottoms-up-single-leg-standing-bent-knee-contralateral-overhead-press,Single Arm Kettlebell Bottoms Up Single Leg Standing Bent Knee Contralateral Overhead Press,https://youtu.be/8sJtCQgvc4Y?si=DkWjEgV5brDYcPXM,,Advanced,advanced,Shoulders,Anterior Deltoids,Triceps Brachii,Kettlebell,1,,0,Kettlebell,gym,Single Leg Standing Bent Knee,Single Arm,Continuous,Bottoms Up,Overhead,Continuous,No Elevation,Single Exercise,Vertical Push,Sagittal Plane,Upper Body,Push,Compound,Contralateral,Balance
single-arm-kettlebell-bottoms-up-snatch,Single Arm Kettlebell Bottoms Up Snatch,https://youtu.be/FTRy8SXUJXs?si=9fREcoDrSO9GfdAR,https://youtu.be/IyY4ungWeRU?si=s6AwB03kSQ7a01Vr,Advanced,advanced,Glutes,Gluteus Maximus,Anterior Deltoids,Kettlebell,1,,0,Kettlebell,gym,Standing,Single Arm,Continuous,Bottoms Up,Overhead,Continuous,No Elevation,Single Exercise,Hip Hinge,Sagittal Plane,Full Body,,Compound,Unilateral,Ballistics
single-arm-kettlebell-bottoms-up-tall-kneeling-overhead-press,Single Arm Kettlebell Bottoms Up Tall Kneeling Overhead Press,https://youtu.be/fyC2FBk2vho?si=9A4Unc4H-ndiHFMC,,Intermediate,intermediate,Shoulders,Anterior Deltoids,Triceps Brachii,Kettlebell,1,,0,Kettlebell,gym,Tall Kneeling,Single Arm,Continuous,Bottoms Up,Overhead,Continuous,No Elevation,Single Exercise,Vertical Push,Sagittal Plane,Upper Body,Push,Compound,Unilateral,Bodybuilding
single-arm-kettlebell-bottoms-up-thruster,Single Arm Kettlebell Bottoms Up Thruster,https://youtu.be/lbnYFCHrjvk,,Intermediate,intermediate,Quadriceps,Quadriceps Femoris,Anterior Deltoids,Kettlebell,1,,0,Kettlebell,gym,Standing,Single Arm,Continuous,Bottoms Up,Overhead,Continuous,No Elevation,Single Exercise,Knee Dominant|Vertical Push,Sagittal Plane,Full Body,Push,Compound,Unilateral,Bodybuilding
single-arm-kettlebell-bottoms-up-turkish-get-up,Single Arm Kettlebell Bottoms Up Turkish Get Up,https://youtu.be/jpgvV6wdXVw,,Advanced,advanced,Abdominals,Obliques,Rectus Abdominis,Kettlebell,1,,0,Kettlebell,gym,Supine,Single Arm,Continuous,Bottoms Up,Overhead,Continuous,No Elevation,Single Exercise,Rotational|Other,Transverse Plane|Sagittal Plane,Full Body,Other,Compound,Unilateral,Grinds
single-arm-kettlebell-bottoms-up-windmill,Single Arm Kettlebell Bottoms Up Windmill,https://youtu.be/sGgI_gV85Zs?si=0_msxxqLJEv8yQl7,,Advanced,advanced,Abdominals,Obliques,Rectus Abdominis|Anterior Deltoids,Kettlebell,1,,0,Kettlebell,gym,Standing,Single Arm,Continuous,Bottoms Up,Overhead,Continuous,No Elevation,Single Exercise,Rotational,Transverse Plane,Core,Other,Compound,Unilateral,Grinds
single-arm-kettlebell-bottoms-up-z-press,Single Arm Kettlebell Bottoms Up Z Press,https://youtu.be/XFxoHtiGZtw,,Intermediate,intermediate,Shoulders,Anterior Deltoids,Triceps Brachii|Rectus Abdominis,Kettlebell,1,,0,Kettlebell,gym,Seated Floor,Single Arm,Continuous,Bottoms Up,Overhead,Continuous,No Elevation,Single Exercise,Vertical Push,Sagittal Plane,Upper Body,Push,Compound,Unilateral,Bodybuilding
single-arm-kettlebell-clean,Single Arm Kettlebell Clean,https://youtu.be/TQT7hBXVcOo,https://youtu.be/lYh7Kf_lEMY,Intermediate,intermediate,Glutes,Gluteus Maximus,,Kettlebell,1,,0,Kettlebell,gym,Standing,Single Arm,Continuous,Neutral,Front Rack,Continuous,No Elevation,Single Exercise,Hip Hinge,Sagittal Plane,Full Body,,Compound,Unilateral,Ballistics
single-arm-kettlebell-clean-to-front-rack-contralateral-reverse-lunge,Single Arm Kettlebell Clean to Front Rack Contralateral Reverse Lunge,https://youtu.be/oqjLx5Injps,,Intermediate,intermediate,Quadriceps,Quadriceps Femoris,Gluteus Maximus|Biceps Femoris,Kettlebell,1,,0,Kettlebell,gym,Standing,Single Arm,Continuous,Neutral,Front Rack,Continuous,No Elevation,Combo Exercise,Hip Hinge|Knee Dominant,Sagittal Plane,Full Body,,Compound,Contralateral,Ballistics
single-arm-kettlebell-clean-to-overhead-press,Single Arm Kettlebell Clean to Overhead Press,https://youtu.be/JtlYyc5MaAc,https://youtu.be/48qvCvJJr8Y,Intermediate,intermediate,Shoulders,Anterior Deltoids,Gluteus Maximus,Kettlebell,1,,0,Kettlebell,gym,Standing,Single Arm,Continuous,Pronated,Overhead,Continuous,No Elevation,Combo Exercise,Hip Hinge|Vertical Push,Sagittal Plane,Full Body,,Compound,Unilateral,Ballistics
single-arm-kettlebell-clean-to-push-jerk,Single Arm Kettlebell Clean to Push Jerk,https://youtu.be/Shvnso0RADI?si=bnQTaetZPmjwCpd3,,Intermediate,intermediate,Shoulders,Anterior Deltoids,Gluteus Maximus,Kettlebell,1,,0,Kettlebell,gym,Standing,Single Arm,Continuous,Pronated,Overhead,Continuous,No Elevation,Combo Exercise,Hip Hinge|Vertical Push,Sagittal Plane,Full Body,,Compound,Unilateral,Ballistics
single-arm-kettlebell-clean-to-push-press,Single Arm Kettlebell Clean to Push Press,https://youtu.be/s16IX5IJDt0?si=mkoHNGyJw3Pa8PoM,,Intermediate,intermediate,Shoulders,Anterior Deltoids,Gluteus Maximus,Kettlebell,1,,0,Kettlebell,gym,Standing,Single Arm,Continuous,Pronated,Overhead,Continuous,No Elevation,Combo Exercise,Hip Hinge|Vertical Push,Sagittal Plane,Full Body,,Compound,Unilateral,Ballistics
single-arm-kettlebell-clean-to-thruster,Single Arm Kettlebell Clean to Thruster,https://youtu.be/2AwE60IueM0?si=6m0bhquaUgiVawPE,,Intermediate,intermediate,Shoulders,Anterior Deltoids,Gluteus Maximus|Quadriceps Femoris,Kettlebell,1,,0,Kettlebell,gym,Standing,Single Arm,Continuous,Neutral,Overhead,Continuous,No Elevation,Combo Exercise,Hip Hinge|Vertical Push|Knee Dominant,Sagittal Plane,Full Body,,Compound,Unilateral,
single-arm-kettlebell-contralateral-forward-lunge-snatch,Single Arm Kettlebell Contralateral Forward Lunge Snatch,https://youtu.be/T6QWzXtiHVk?si=6Qx4S0Y9YS8kR-E8,https://youtu.be/iAgBpCQUfnc?si=n0yC5vg0Bj6SAWZY,Advanced,advanced,Quadriceps,Quadriceps Femoris,Gluteus Maximus|Anterior Deltoids,Kettlebell,1,,0,Kettlebell,gym,Standing,Single Arm,Continuous,Pronated,Overhead,Continuous,No Elevation,Single Exercise,Knee Dominant|Hip Hinge,Sagittal Plane,Full Body,,Compound,Contralateral,Ballistics
single-arm-kettlebell-contralateral-single-leg-romanian-deadlift,Single Arm Kettlebell Contralateral Single Leg Romanian Deadlift,https://youtu.be/9u_Fccgk9Ys,https://youtu.be/Zfr6wizR8rs,Intermediate,intermediate,Hamstrings,Biceps Femoris,Gluteus Maximus|Obliques,Kettlebell,1,,0,Kettlebell,gym,Single Leg Standing,Single Arm,Continuous,Neutral,Other,Continuous,No Elevation,Single Exercise,Hip Hinge,Sagittal Plane,Lower Body,Pull,Compound,Contralateral,Bodybuilding
single-arm-kettlebell-copenhagen-plank,Single Arm Kettlebell Copenhagen Plank,https://youtu.be/vYpsixm7ETY?si=OnSWh63rxbrpvpV9,,Intermediate,intermediate,Adductors,Adductor Magnus,,Kettlebell,1,Bench (Flat),1,Kettlebell|Bench (Flat),gym,Side Plank,Single Arm,Continuous,Neutral,Other,Continuous,Foot Elevated (Side),Single Exercise,Hip Adduction,Frontal Plane,Lower Body,Other,Compound,Unilateral,
single-arm-kettlebell-dead-clean,Single Arm Kettlebell Dead Clean,https://youtu.be/Lcm7DcXbm-U,https://youtu.be/9OBl-jEPWo4,Intermediate,intermediate,Glutes,Gluteus Maximus,Biceps Femoris|Rectus Abdominis,Kettlebell,1,,0,Kettlebell,gym,Standing,Single Arm,Continuous,Neutral,Front Rack,Continuous,No Elevation,Single Exercise,Hip Hinge,Sagittal Plane,Full Body,,Compound,Unilateral,Ballistics
single-arm-kettlebell-dead-clean-to-push-press,Single Arm Kettlebell Dead Clean to Push Press,https://youtu.be/aWPqX1VXr-g?si=6F2i3SQxg7mvF5tb,,Intermediate,intermediate,Shoulders,Anterior Deltoids,,Kettlebell,1,,0,Kettlebell,gym,Standing,Single Arm,Continuous,Pronated,Overhead,Continuous,No Elevation,Combo Exercise,Hip Hinge|Vertical Push,Sagittal Plane,Full Body,,Compound,Unilateral,Ballistics
single-arm-kettlebell-dead-snatch,Single Arm Kettlebell Dead Snatch,https://youtu.be/VfKFRnS5FDY,,Intermediate,intermediate,Glutes,Gluteus Maximus,Anterior Deltoids,Kettlebell,1,,0,Kettlebell,gym,Standing,Single Arm,Continuous,Pronated,Overhead,Continuous,No Elevation,Single Exercise,Hip Hinge,Sagittal Plane,Full Body,,Compound,Unilateral,Ballistics
single-arm-kettlebell-floor-press,Single Arm Kettlebell Floor Press,https://youtu.be/P_ijh09h23s?si=U9pK9AQYG1xx2yxE,https://youtu.be/B340QckIfJM?si=YLrQG5Gul0_HHm8D,Beginner,beginner,Chest,Pectoralis Major,Triceps Brachii|Anterior Deltoids,Kettlebell,1,,0,Kettlebell,gym,Supine,Single Arm,Continuous,Pronated,Above Chest,Continuous,No Elevation,Single Exercise,Horizontal Push,Sagittal Plane,Upper Body,Push,Compound,Unilateral,Bodybuilding
single-arm-kettlebell-front-rack-alternating-cossack-squat,Single Arm Kettlebell Front Rack Alternating Cossack Squat,https://youtu.be/JqoC2gQ1MRE,,Novice,beginner,Quadriceps,Quadriceps Femoris,Adductor Magnus|Gluteus Maximus,Kettlebell,1,,0,Kettlebell,gym,Standing,Single Arm,Continuous,Neutral,Front Rack,Alternating,No Elevation,Single Exercise,Knee Dominant,Frontal Plane,Lower Body,Push,Compound,Unilateral,Bodybuilding
single-arm-kettlebell-front-rack-alternating-forward-lunge,Single Arm Kettlebell Front Rack Alternating Forward Lunge,https://youtu.be/oOB02xJgzrA?si=IO-ooFFstcNesTGD,,Novice,beginner,Quadriceps,Quadriceps Femoris,Gluteus Maximus|Biceps Femoris,Kettlebell,1,,0,Kettlebell,gym,Standing,Single Arm,Continuous,Neutral,Front Rack,Alternating,No Elevation,Single Exercise,Knee Dominant,Sagittal Plane,Lower Body,Push,Compound,Unilateral,Bodybuilding
single-arm-kettlebell-front-rack-alternating-lateral-lunge,Single Arm Kettlebell Front Rack Alternating Lateral Lunge,https://youtu.be/vVElqek25fI?si=4-FGE3vFSRTkYdG4,,Novice,beginner,Quadriceps,Quadriceps Femoris,Gluteus Maximus|Adductor Magnus,Kettlebell,1,,0,Kettlebell,gym,Standing,Single Arm,Continuous,Neutral,Front Rack,Alternating,No Elevation,Single Exercise,Knee Dominant,Frontal Plane,Lower Body,Push,Compound,Unilateral,Bodybuilding
single-arm-kettlebell-front-rack-alternating-reverse-lunge,Single Arm Kettlebell Front Rack Alternating Reverse Lunge,https://youtu.be/tildBryP8bI?si=mIky-m7uqR4kMvB3,,Novice,beginner,Quadriceps,Quadriceps Femoris,Gluteus Maximus|Biceps Femoris,Kettlebell,1,,0,Kettlebell,gym,Standing,Single Arm,Continuous,Neutral,Front Rack,Alternating,No Elevation,Single Exercise,Knee Dominant,Sagittal Plane,Lower Body,Push,Compound,Unilateral,Bodybuilding
single-arm-kettlebell-front-rack-carry,Single Arm Kettlebell Front Rack Carry,https://youtu.be/M39871Puz6c,https://youtu.be/QFF8xD4BVZw,Novice,beginner,Abdominals,Rectus Abdominis,,Kettlebell,1,,0,Kettlebell,gym,Walking,Single Arm,Continuous,Neutral,Front Rack,Alternating,No Elevation,Single Exercise,Loaded Carry,Sagittal Plane,Full Body,Other,Compound,Unilateral,
single-arm-kettlebell-front-rack-contralateral-cossack-squat,Single Arm Kettlebell Front Rack Contralateral Cossack Squat,https://youtu.be/4NCYLWTv5Mc?si=OT9LNGr9wS3RbezC,,Novice,beginner,Quadriceps,Quadriceps Femoris,Adductor Magnus|Gluteus Maximus,Kettlebell,1,,0,Kettlebell,gym,Standing,Single Arm,Continuous,Neutral,Front Rack,Continuous,No Elevation,Single Exercise,Knee Dominant,Frontal Plane,Lower Body,Push,Compound,Contralateral,Bodybuilding
single-arm-kettlebell-front-rack-contralateral-curtsy-lunge,Single Arm Kettlebell Front Rack Contralateral Curtsy Lunge,https://youtu.be/XVsdDBiLk2I?si=yYz392PvLdjJCOy5,,Novice,beginner,Quadriceps,Quadriceps Femoris,Gluteus Maximus|Adductor Magnus,Kettlebell,1,,0,Kettlebell,gym,Standing,Single Arm,Continuous,Neutral,Front Rack,Continuous,No Elevation,Single Exercise,Knee Dominant,Frontal Plane,Lower Body,Push,Compound,Contralateral,Bodybuilding
single-arm-kettlebell-front-rack-contralateral-forward-lunge,Single Arm Kettlebell Front Rack Contralateral Forward Lunge,https://youtu.be/93jOACk6hCI?si=Wh87FQShHz6PdDPL,,Novice,beginner,Quadriceps,Quadriceps Femoris,Gluteus Maximus|Biceps Femoris,Kettlebell,1,,0,Kettlebell,gym,Standing,Single Arm,Continuous,Neutral,Front Rack,Continuous,No Elevation,Single Exercise,Knee Dominant,Sagittal Plane,Lower Body,Push,Compound,Contralateral,Bodybuilding
single-arm-kettlebell-front-rack-contralateral-lateral-lunge,Single Arm Kettlebell Front Rack Contralateral Lateral Lunge,https://youtu.be/Zsabw1IsO9I?si=b5LVn94BLkSHKB_5,,Novice,beginner,Quadriceps,Quadriceps Femoris,Gluteus Maximus|Adductor Magnus,Kettlebell,1,,0,Kettlebell,gym,Standing,Single Arm,Continuous,Neutral,Front Rack,Continuous,No Elevation,Single Exercise,Knee Dominant,Frontal Plane,Lower Body,Push,Compound,Contralateral,Bodybuilding
single-arm-kettlebell-front-rack-contralateral-reverse-lunge,Single Arm Kettlebell Front Rack Contralateral Reverse Lunge,https://youtu.be/kcVqtqe03WI?si=KuFsD1PlWdph7WCt,,Novice,beginner,Quadriceps,Quadriceps Femoris,Gluteus Maximus|Biceps Femoris,Kettlebell,1,,0,Kettlebell,gym,Standing,Single Arm,Continuous,Neutral,Front Rack,Continuous,No Elevation,Single Exercise,Knee Dominant,Sagittal Plane,Lower Body,Push,Compound,Contralateral,Bodybuilding
single-arm-kettlebell-front-rack-contralateral-russian-step-up,Single Arm Kettlebell Front Rack Contralateral Russian Step Up,https://youtu.be/nijhpzgUUi0?si=OYbqhyHxgBZEG3ZY,,Novice,beginner,Quadriceps,Quadriceps Femoris,Gluteus Maximus|Iliopsoas,Kettlebell,1,Plyo Box,1,Kettlebell|Plyo Box,gym,Single Leg Standing Bent Knee,Single Arm,Continuous,Neutral,Front Rack,Continuous,Foot Elevated (Front),Single Exercise,Knee Dominant,Sagittal Plane,Lower Body,Push,Compound,Contralateral,Balance
single-arm-kettlebell-front-rack-contralateral-split-squat,Single Arm Kettlebell Front Rack Contralateral Split Squat,https://youtu.be/-Z8NXAi59SE,,Novice,beginner,Quadriceps,Quadriceps Femoris,Gluteus Maximus|Biceps Femoris,Kettlebell,1,,0,Kettlebell,gym,Split Squat,Single Arm,Continuous,Neutral,Front Rack,Continuous,No Elevation,Single Exercise,Knee Dominant,Sagittal Plane,Lower Body,Push,Compound,Contralateral,Bodybuilding
single-arm-kettlebell-front-rack-cyclist-squat,Single Arm Kettlebell Front Rack Cyclist Squat,https://youtu.be/_FjMUe0AhTY,,Novice,beginner,Quadriceps,Quadriceps Femoris,Gluteus Maximus|Soleus,Kettlebell,1,Slant Board,1,Kettlebell|Slant Board,gym,Standing,Single Arm,Continuous,Neutral,Front Rack,Continuous,Heels Elevated,Single Exercise,Knee Dominant,Sagittal Plane,Lower Body,Push,Compound,Unilateral,Bodybuilding
single-arm-kettlebell-front-rack-ipsilateral-cossack-squat,Single Arm Kettlebell Front Rack Ipsilateral Cossack Squat,https://youtu.be/AYgBothlkOA?si=hiSrcI8KbslXlQrq,,Novice,beginner,Quadriceps,Quadriceps Femoris,Adductor Magnus|Gluteus Maximus,Kettlebell,1,,0,Kettlebell,gym,Standing,Single Arm,Continuous,Neutral,Front Rack,Continuous,No Elevation,Single Exercise,Knee Dominant,Frontal Plane,Lower Body,Push,Compound,Ipsilateral,Bodybuilding
single-arm-kettlebell-front-rack-ipsilateral-curtsy-lunge,Single Arm Kettlebell Front Rack Ipsilateral Curtsy Lunge,https://youtu.be/dwL1uWmadTI?si=6anEQDI0eEoOuB0Q,,Novice,beginner,Quadriceps,Quadriceps Femoris,Gluteus Maximus|Adductor Magnus,Kettlebell,1,,0,Kettlebell,gym,Standing,Single Arm,Continuous,Neutral,Front Rack,Continuous,No Elevation,Single Exercise,Knee Dominant,Frontal Plane,Lower Body,Push,Compound,Ipsilateral,Bodybuilding
single-arm-kettlebell-front-rack-ipsilateral-forward-lunge,Single Arm Kettlebell Front Rack Ipsilateral Forward Lunge,https://youtu.be/vnwL74DnWK8?si=qsKdUhrsdu46i1An,,Novice,beginner,Quadriceps,Quadriceps Femoris,Gluteus Maximus|Biceps Femoris,Kettlebell,1,,0,Kettlebell,gym,Standing,Single Arm,Continuous,Neutral,Front Rack,Continuous,No Elevation,Single Exercise,Knee Dominant,Sagittal Plane,Lower Body,Push,Compound,Ipsilateral,Bodybuilding
single-arm-kettlebell-front-rack-ipsilateral-pistol-squat,Single Arm Kettlebell Front Rack Ipsilateral Pistol Squat,https://youtu.be/RHj4ErHsJAw?si=ZUMLXqjq5pmMSAf_,,Advanced,advanced,Quadriceps,Quadriceps Femoris,Gluteus Maximus,Kettlebell,1,,0,Kettlebell,gym,Single Leg Standing,Single Arm,Continuous,Neutral,Front Rack,Continuous,No Elevation,Single Exercise,Knee Dominant,Sagittal Plane,Lower Body,Push,Compound,Ipsilateral,Balance
single-arm-kettlebell-front-rack-ipsilateral-reverse-lunge,Single Arm Kettlebell Front Rack Ipsilateral Reverse Lunge,https://youtu.be/r1NS0BNUh3c?si=XwpKqEi6aUMJvPq5,https://youtu.be/_LHiWY2gezc?si=-aG44dKv-qveA-NF,Novice,beginner,Quadriceps,Quadriceps Femoris,Gluteus Maximus|Biceps Femoris,Kettlebell,1,,0,Kettlebell,gym,Standing,Single Arm,Continuous,Neutral,Front Rack,Continuous,No Elevation,Single Exercise,Knee Dominant,Sagittal Plane,Lower Body,Push,Compound,Ipsilateral,Bodybuilding
single-arm-kettlebell-front-rack-ipsilateral-split-squat,Single Arm Kettlebell Front Rack Ipsilateral Split Squat,https://youtu.be/Xy9DrXmYIdw?si=e3qLZQjQ9a0RnC4q,https://youtu.be/VV0ZpKYykgA?si=kIRKUh5Ozq6OIq4n,Novice,beginner,Quadriceps,Quadriceps Femoris,Gluteus Maximus|Biceps Femoris,Kettlebell,1,,0,Kettlebell,gym,Split Squat,Single Arm,Continuous,Neutral,Front Rack,Continuous,No Elevation,Single Exercise,Knee Dominant,Sagittal Plane,Lower Body,Push,Compound,Ipsilateral,Bodybuilding
single-arm-kettlebell-front-rack-march,Single Arm Kettlebell Front Rack March,https://youtu.be/Lfra9QN-CEY?si=8LJ2F_o_hqib0dW7,https://youtu.be/s_T4NtUScEw?si=3V9hwKOvz-evmjc1,Novice,beginner,Hip Flexors,Iliopsoas,Rectus Abdominis|Gluteus Medius,Kettlebell,1,,0,Kettlebell,gym,March,Single Arm,Continuous,Neutral,Front Rack,Alternating,No Elevation,Single Exercise,Locomotion,Sagittal Plane,Core,Other,Compound,Unilateral,Balance
single-arm-kettlebell-front-rack-squat,Single Arm Kettlebell Front Rack Squat,https://youtu.be/Wqg4NY5XAkU,https://youtu.be/qZdY8HtHFsc?si=RiJaG2F9J7CzKtcu,Novice,beginner,Quadriceps,Quadriceps Femoris,Gluteus Maximus,Kettlebell,1,,0,Kettlebell,gym,Standing,Single Arm,Continuous,Neutral,Front Rack,Continuous,No Elevation,Single Exercise,Knee Dominant,Sagittal Plane,Lower Body,Push,Compound,Unilateral,Bodybuilding
single-arm-kettlebell-front-rack-walking-lunge,Single Arm Kettlebell Front Rack Walking Lunge,https://youtu.be/9C-hKwyOaE4?si=SpYmw0aHIO29g-Cj,,Novice,beginner,Quadriceps,Quadriceps Femoris,Gluteus Maximus|Biceps Femoris,Kettlebell,1,,0,Kettlebell,gym,Walking,Single Arm,Continuous,Neutral,Front Rack,Alternating,No Elevation,Single Exercise,Knee Dominant,Sagittal Plane,Lower Body,Push,Compound,Unilateral,Bodybuilding
single-arm-kettlebell-half-kneeling-bent-press,Single Arm Kettlebell Half Kneeling Bent Press,https://youtu.be/AIMfooNNmvw?si=QCorVlRf7tHTepHu,,Intermediate,intermediate,Shoulders,Anterior Deltoids,Triceps Brachii,Kettlebell,1,,0,Kettlebell,gym,Half Kneeling,Single Arm,Continuous,Pronated,Overhead,Continuous,No Elevation,Single Exercise,Rotational|Vertical Push,Transverse Plane,Full Body,Push,Compound,Unilateral,Grinds
single-arm-kettlebell-half-kneeling-clean,Single Arm Kettlebell Half Kneeling Clean,https://youtu.be/2LM9Y67n6Aw,https://youtu.be/e-mFHJIVwYE,Intermediate,intermediate,Glutes,Gluteus Maximus,,Kettlebell,1,,0,Kettlebell,gym,Half Kneeling,Single Arm,Continuous,Neutral,Front Rack,Continuous,No Elevation,Single Exercise,Hip Hinge,Sagittal Plane,Full Body,,Compound,Unilateral,Ballistics
single-arm-kettlebell-half-kneeling-contralateral-overhead-press,Single Arm Kettlebell Half Kneeling Contralateral Overhead Press,https://youtu.be/wlAJN3GzJWA,https://youtu.be/xAwVy089Lgg,Intermediate,intermediate,Shoulders,Anterior Deltoids,Triceps Brachii,Kettlebell,1,,0,Kettlebell,gym,Half Kneeling,Single Arm,Continuous,Pronated,Overhead,Continuous,No Elevation,Single Exercise,Vertical Push,Sagittal Plane,Upper Body,Push,Compound,Contralateral,Bodybuilding
single-arm-kettlebell-half-kneeling-ipsilateral-overhead-press,Single Arm Kettlebell Half Kneeling Ipsilateral Overhead Press,https://youtu.be/6p9PqTZuhcg?si=nxxkNsm2jrR22MT1,,Intermediate,intermediate,Shoulders,Anterior Deltoids,Triceps Brachii,Kettlebell,1,,0,Kettlebell,gym,Half Kneeling,Single Arm,Continuous,Pronated,Overhead,Continuous,No Elevation,Single Exercise,Vertical Push,Sagittal Plane,Upper Body,Push,Compound,Ipsilateral,Bodybuilding
single-arm-kettlebell-half-kneeling-snatch,Single Arm Kettlebell Half Kneeling Snatch,https://youtu.be/Ak5wI3oLbjA?si=ZcxpayHQ4EbHkxWD,https://youtu.be/guwI1RWTiag,Intermediate,intermediate,Glutes,Gluteus Maximus,Anterior Deltoids,Kettlebell,1,,0,Kettlebell,gym,Half Kneeling,Single Arm,Continuous,Pronated,Overhead,Continuous,No Elevation,Single Exercise,Hip Hinge,Sagittal Plane,Full Body,,Compound,Unilateral,Ballistics
single-arm-kettlebell-half-kneeling-swing,Single Arm Kettlebell Half Kneeling Swing,https://youtu.be/QVvrdVbq9qs,,Intermediate,intermediate,Glutes,Gluteus Maximus,,Kettlebell,1,,0,Kettlebell,gym,Half Kneeling,Single Arm,Continuous,Pronated,Other,Continuous,No Elevation,Single Exercise,Hip Hinge,Sagittal Plane,Full Body,,Compound,Unilateral,Ballistics
single-arm-kettlebell-half-kneeling-windmill,Single Arm Kettlebell Half Kneeling Windmill,https://youtu.be/wjYNzITBDqg,https://youtu.be/J-o8tNSX9c0,Intermediate,intermediate,Abdominals,Obliques,Rectus Abdominis|Anterior Deltoids,Kettlebell,1,,0,Kettlebell,gym,Half Kneeling,Single Arm,Continuous,Pronated,Overhead,Continuous,No Elevation,Single Exercise,Rotational,Transverse Plane,Core,Other,Compound,Unilateral,Grinds
single-arm-kettlebell-half-snatch,Single Arm Kettlebell Half Snatch,https://youtu.be/iVaFwCBP1GM?si=9YPJCkbg5ckTydxm,,Intermediate,intermediate,Glutes,Gluteus Maximus,Biceps Femoris|Anterior Deltoids,Kettlebell,1,,0,Kettlebell,gym,Standing,Single Arm,Continuous,Pronated,Overhead,Continuous,No Elevation,Single Exercise,Hip Hinge,Sagittal Plane,Full Body,,Compound,Unilateral,Ballistics
single-arm-kettlebell-high-pull,Single Arm Kettlebell High Pull,https://youtu.be/mP1BHxBeAEM,https://youtu.be/KxWTo2LavJU,Intermediate,intermediate,Shoulders,Posterior Deltoids,,Kettlebell,1,,0,Kettlebell,gym,Standing,Single Arm,Continuous,Pronated,Other,Continuous,No Elevation,Single Exercise,Horizontal Pull|Hip Hinge,Sagittal Plane,Full Body,Pull,Compound,Bilateral,Ballistics
single-arm-kettlebell-hollow-body-flutter-kicks,Single Arm Kettlebell Hollow Body Flutter Kicks,https://youtu.be/JGY8VuvaEHc?si=LVWYZO5Qt-3WONJf,,Intermediate,intermediate,Abdominals,Rectus Abdominis,Iliopsoas,Kettlebell,1,,0,Kettlebell,gym,Supine,Single Arm,Continuous,Pronated,Other,Alternating,No Elevation,Single Exercise,Isometric Hold,Sagittal Plane,Core,Other,Compound,Unilateral,
single-arm-kettlebell-incline-bench-press,Single Arm Kettlebell Incline Bench Press,https://youtu.be/ifEMtPwfvV0?si=_xR4TF-oMs8-LVSH,,Beginner,beginner,Chest,Pectoralis Major,Triceps Brachii,Kettlebell,1,Bench (Incline),1,Kettlebell|Bench (Incline),gym,Supine,Single Arm,Continuous,Pronated,Above Chest,Continuous,No Elevation,Single Exercise,Horizontal Push,Sagittal Plane,Upper Body,Push,Compound,Unilateral,Bodybuilding
single-arm-kettlebell-incline-bench-prone-row,Single Arm Kettlebell Incline Bench Prone Row,https://youtu.be/gPX8OmnYmQY?si=UgQnJkh9n3OobTcZ,,Novice,beginner,Back,Latissimus Dorsi,,Kettlebell,1,Bench (Incline),1,Kettlebell|Bench (Incline),gym,Prone,Single Arm,Continuous,Neutral,Other,Continuous,No Elevation,Single Exercise,Horizontal Pull,Sagittal Plane,Upper Body,Pull,Compound,Unilateral,Bodybuilding
single-arm-kettlebell-ipsilateral-cossack-squat-thruster,Single Arm Kettlebell Ipsilateral Cossack Squat Thruster,https://youtu.be/_D87kNsSdv0,,Intermediate,intermediate,Shoulders,Anterior Deltoids,Quadriceps Femoris|Adductor Magnus,Kettlebell,1,,0,Kettlebell,gym,Standing,Single Arm,Continuous,Pronated,Overhead,Continuous,No Elevation,Combo Exercise,Rotational|Knee Dominant,Frontal Plane,Full Body,Push,Compound,Ipsilateral,Bodybuilding
single-arm-kettlebell-knee-supported-row,Single Arm Kettlebell Knee Supported Row,https://youtu.be/JdXRG8B3N8E?si=uO1aFa0IBUO3nVqz,https://youtu.be/l_cgMGUbFfc?si=-xSrea1LJbWpdbzh,Beginner,beginner,Back,Latissimus Dorsi,,Kettlebell,1,Bench (Flat),1,Kettlebell|Bench (Flat),gym,Knee Supported,Single Arm,Continuous,Neutral,Other,Continuous,No Elevation,Single Exercise,Horizontal Pull,Sagittal Plane,Upper Body,Pull,Compound,Unilateral,Bodybuilding
single-arm-kettlebell-outside-swing,Single Arm Kettlebell Outside Swing,https://youtu.be/sEerteQ9q8Y?si=eO7tUCscpuCkcIez,https://youtu.be/JPKCHFPoAFU?si=BqhPLkb1SjRm5lfM,Novice,beginner,Glutes,Gluteus Maximus,,Kettlebell,1,,0,Kettlebell,gym,Standing,Single Arm,Continuous,Neutral,Other,Continuous,No Elevation,Single Exercise,Hip Hinge,Sagittal Plane,Full Body,,Compound,Unilateral,Ballistics
single-arm-kettlebell-overhead-alternating-forward-lunge,Single Arm Kettlebell Overhead Alternating Forward Lunge,https://youtu.be/LMStE_hD9E4?si=_iskUn08-BQH0mYu,,Intermediate,intermediate,Quadriceps,Quadriceps Femoris,Gluteus Maximus|Biceps Femoris,Kettlebell,1,,0,Kettlebell,gym,Standing,Single Arm,Continuous,Pronated,Overhead,Alternating,No Elevation,Single Exercise,Knee Dominant,Sagittal Plane,Lower Body,Push,Compound,Unilateral,Bodybuilding
single-arm-kettlebell-overhead-alternating-reverse-lunge,Single Arm Kettlebell Overhead Alternating Reverse Lunge,https://youtu.be/neuw_JknIms?si=QPBFpV8bvbtlFLfL,,Intermediate,intermediate,Quadriceps,Quadriceps Femoris,Gluteus Maximus|Biceps Femoris,Kettlebell,1,,0,Kettlebell,gym,Standing,Single Arm,Continuous,Pronated,Overhead,Alternating,No Elevation,Single Exercise,Knee Dominant,Sagittal Plane,Lower Body,Push,Compound,Unilateral,Bodybuilding
single-arm-kettlebell-overhead-carry,Single Arm Kettlebell Overhead Carry,https://youtu.be/UTV5o4Oi2KM?si=RDXt3oFCH3cgDQiw,https://youtu.be/5xtllI7frxI?si=U4ZEObQbJpoBX4nC,Intermediate,intermediate,Shoulders,Anterior Deltoids,Obliques,Kettlebell,1,,0,Kettlebell,gym,Walking,Single Arm,Continuous,Pronated,Overhead,Alternating,No Elevation,Single Exercise,Loaded Carry,Sagittal Plane,Full Body,Other,Compound,Unilateral,
single-arm-kettlebell-overhead-contralateral-bulgarian-split-squat,Single Arm Kettlebell Overhead Contralateral Bulgarian Split Squat,https://youtu.be/TyxhJBfOh58?si=ExY9V0DPBrWkWCel,,Advanced,advanced,Quadriceps,Quadriceps Femoris,Gluteus Maximus|Biceps Femoris,Kettlebell,1,Bench (Flat),1,Kettlebell|Bench (Flat),gym,Single Leg Supported,Single Arm,Continuous,Neutral,Overhead,Continuous,Foot Elevated (Rear),Single Exercise,Knee Dominant,Sagittal Plane,Lower Body,Push,Compound,Contralateral,Bodybuilding
single-arm-kettlebell-overhead-contralateral-cossack-squat,Single Arm Kettlebell Overhead Contralateral Cossack Squat,https://youtu.be/I4lYPJdwnDg?si=8AgvVHOfdxgX_-zE,,Intermediate,intermediate,Quadriceps,Quadriceps Femoris,Adductor Magnus|Gluteus Maximus,Kettlebell,1,,0,Kettlebell,gym,Standing,Single Arm,Continuous,Pronated,Overhead,Continuous,No Elevation,Single Exercise,Knee Dominant,Frontal Plane,Lower Body,Push,Compound,Contralateral,Bodybuilding
single-arm-kettlebell-overhead-contralateral-forward-lunge,Single Arm Kettlebell Overhead Contralateral Forward Lunge,https://youtu.be/tCdyjT6r7IQ?si=rxUYwp8Jt_iRYs1A,https://youtu.be/4wVgb2LPW-I?feature=shared,Intermediate,intermediate,Quadriceps,Quadriceps Femoris,Gluteus Maximus|Biceps Femoris,Kettlebell,1,,0,Kettlebell,gym,Standing,Single Arm,Continuous,Pronated,Overhead,Continuous,No Elevation,Single Exercise,Knee Dominant,Sagittal Plane,Lower Body,Push,Compound,Contralateral,Bodybuilding
single-arm-kettlebell-overhead-contralateral-reverse-lunge,Single Arm Kettlebell Overhead Contralateral Reverse Lunge,https://youtu.be/bjxICX4wQMQ?si=s83QPA-v5pPzg1fM,,Intermediate,intermediate,Quadriceps,Quadriceps Femoris,Gluteus Maximus|Biceps Femoris,Kettlebell,1,,0,Kettlebell,gym,Standing,Single Arm,Continuous,Pronated,Overhead,Continuous,No Elevation,Single Exercise,Knee Dominant,Sagittal Plane,Lower Body,Push,Compound,Contralateral,Bodybuilding
single-arm-kettlebell-overhead-contralateral-split-squat,Single Arm Kettlebell Overhead Contralateral Split Squat,https://youtu.be/3HxbM0lO3a8?si=7zxP4xa8ZMIRdBAW,,Intermediate,intermediate,Quadriceps,Quadriceps Femoris,Gluteus Maximus|Biceps Femoris,Kettlebell,1,,0,Kettlebell,gym,Split Squat,Single Arm,Continuous,Pronated,Overhead,Continuous,No Elevation,Single Exercise,Knee Dominant,Sagittal Plane,Lower Body,Push,Compound,Contralateral,Bodybuilding
single-arm-kettlebell-overhead-cyclist-squat,Single Arm Kettlebell Overhead Cyclist Squat,https://youtu.be/PSRoSLw3GME,,Intermediate,intermediate,Quadriceps,Quadriceps Femoris,Gluteus Maximus|Soleus,Kettlebell,1,Slant Board,1,Kettlebell|Slant Board,gym,Standing,Single Arm,Continuous,Pronated,Overhead,Continuous,Heels Elevated,Single Exercise,Knee Dominant,Sagittal Plane,Lower Body,Push,Compound,Unilateral,Bodybuilding
single-arm-kettlebell-overhead-ipsilateral-bulgarian-split-squat,Single Arm Kettlebell Overhead Ipsilateral Bulgarian Split Squat,https://youtu.be/gOht2c4hMzg?si=yTn2j_m1x58wZj-l,,Advanced,advanced,Quadriceps,Quadriceps Femoris,Gluteus Maximus|Biceps Femoris,Kettlebell,1,Bench (Flat),1,Kettlebell|Bench (Flat),gym,Single Leg Supported,Single Arm,Continuous,Neutral,Overhead,Continuous,Foot Elevated (Rear),Single Exercise,Knee Dominant,Sagittal Plane,Lower Body,Push,Compound,Ipsilateral,Bodybuilding
single-arm-kettlebell-overhead-ipsilateral-reverse-lunge,Single Arm Kettlebell Overhead Ipsilateral Reverse Lunge,https://youtu.be/jDMv9KiKXco?si=j2SlwzpOX14P9zth,,Intermediate,intermediate,Quadriceps,Quadriceps Femoris,Gluteus Maximus|Biceps Femoris,Kettlebell,1,,0,Kettlebell,gym,Standing,Single Arm,Continuous,Pronated,Overhead,Continuous,No Elevation,Single Exercise,Knee Dominant,Sagittal Plane,Lower Body,Push,Compound,Ipsilateral,Bodybuilding
single-arm-kettlebell-overhead-ipsilateral-split-squat,Single Arm Kettlebell Overhead Ipsilateral Split Squat,https://youtu.be/7TXfixD6LwA?si=ZgzyV23h1nt4RVQQ,,Intermediate,intermediate,Quadriceps,Quadriceps Femoris,Gluteus Maximus|Biceps Femoris,Kettlebell,1,,0,Kettlebell,gym,Split Squat,Single Arm,Continuous,Pronated,Overhead,Continuous,No Elevation,Single Exercise,Knee Dominant,Sagittal Plane,Lower Body,Push,Compound,Ipsilateral,Bodybuilding
single-arm-kettlebell-overhead-march,Single Arm Kettlebell Overhead March,https://youtu.be/GL4yx2rQpIs?si=lvmUx2j0LaKZx4RZ,,Intermediate,intermediate,Hip Flexors,Iliopsoas,Rectus Abdominis|Gluteus Medius,Kettlebell,1,,0,Kettlebell,gym,March,Single Arm,Continuous,Pronated,Overhead,Alternating,No Elevation,Single Exercise,Locomotion,Sagittal Plane,Core,Other,Compound,Unilateral,Balance
single-arm-kettlebell-overhead-press,Single Arm Kettlebell Overhead Press,https://youtu.be/CwhbuoGqyug?si=Q9nkDUY4NvpGPqak,https://youtu.be/IlMFcqpg1T8,Novice,beginner,Shoulders,Anterior Deltoids,Triceps Brachii,Kettlebell,1,,0,Kettlebell,gym,Standing,Single Arm,Continuous,Pronated,Overhead,Continuous,No Elevation,Single Exercise,Vertical Push,Sagittal Plane,Upper Body,Push,Compound,Unilateral,Bodybuilding
single-arm-kettlebell-overhead-squat,Single Arm Kettlebell Overhead Squat,https://youtu.be/nrfDq0DUhrE,https://youtu.be/pUo1r5kCkhU,Intermediate,intermediate,Quadriceps,Quadriceps Femoris,Gluteus Maximus,Kettlebell,2,,0,Kettlebell,gym,Standing,Single Arm,Continuous,Pronated,Overhead,Continuous,No Elevation,Single Exercise,Knee Dominant,Sagittal Plane,Lower Body,Push,Compound,Unilateral,
single-arm-kettlebell-overhead-walking-lunge,Single Arm Kettlebell Overhead Walking Lunge,https://youtu.be/ApTlAc-7lGY?si=SjnB0ffZ9Ws6qo9D,,Intermediate,intermediate,Quadriceps,Quadriceps Femoris,Gluteus Maximus|Biceps Femoris,Kettlebell,1,,0,Kettlebell,gym,Walking,Single Arm,Continuous,Neutral,Overhead,Alternating,No Elevation,Single Exercise,Knee Dominant,Sagittal Plane,Lower Body,Push,Compound,Unilateral,Bodybuilding
single-arm-kettlebell-pendlay-row,Single Arm Kettlebell Pendlay Row,https://youtu.be/VOmnhGvccZ0?feature=shared,https://youtu.be/4s4dmYTwOok?si=hW7jE6WANr2Iv0QN,Novice,beginner,Back,Latissimus Dorsi,Biceps Brachii,Kettlebell,1,,0,Kettlebell,gym,Standing,Single Arm,Continuous,Neutral,Other,Continuous,No Elevation,Single Exercise,Horizontal Pull,Sagittal Plane,Upper Body,Pull,Compound,Unilateral,Bodybuilding
single-arm-kettlebell-prone-row,Single Arm Kettlebell Prone Row,https://youtu.be/QSbH7gNkBtc?si=ngxTS90XoTuvQDxs,,Novice,beginner,Back,Latissimus Dorsi,,Kettlebell,1,Bench (Flat),1,Kettlebell|Bench (Flat),gym,Prone,Single Arm,Continuous,Neutral,Other,Continuous,No Elevation,Single Exercise,Horizontal Pull,Sagittal Plane,Upper Body,Pull,Compound,Unilateral,Bodybuilding
single-arm-kettlebell-push-jerk,Single Arm Kettlebell Push Jerk,https://youtu.be/pRfJwVHLp6c,,Novice,beginner,Shoulders,Anterior Deltoids,Triceps Brachii|Gluteus Minimus,Kettlebell,1,,0,Kettlebell,gym,Standing,Single Arm,Continuous,Pronated,Overhead,Continuous,No Elevation,Single Exercise,Vertical Push,Sagittal Plane,Upper Body,Push,Compound,Unilateral,
single-arm-kettlebell-push-press,Single Arm Kettlebell Push Press,https://youtu.be/KUsZAGWd0VQ,,Novice,beginner,Shoulders,Anterior Deltoids,Triceps Brachii,Kettlebell,1,,0,Kettlebell,gym,Standing,Single Arm,Continuous,Pronated,Overhead,Continuous,No Elevation,Single Exercise,Vertical Push,Sagittal Plane,Upper Body,Push,Compound,Unilateral,
single-arm-kettlebell-rotational-half-snatch,Single Arm Kettlebell Rotational Half Snatch,https://youtu.be/KpDxyxOCjCE,https://youtu.be/PgAfycuKJyg?si=KlE9vGi_ZyvTd543,Advanced,advanced,Shoulders,Anterior Deltoids,Obliques|Gluteus Maximus,Kettlebell,1,,0,Kettlebell,gym,Standing,Single Arm,Continuous,Pronated,Overhead,Continuous,No Elevation,Single Exercise,Rotational,Transverse Plane,Full Body,,Compound,Unilateral,Ballistics
single-arm-kettlebell-rotational-overhead-press,Single Arm Kettlebell Rotational Overhead Press,https://youtu.be/jtOoPLn8OEQ,,Intermediate,intermediate,Shoulders,Anterior Deltoids,,Kettlebell,1,,0,Kettlebell,gym,Standing,Single Arm,Continuous,Neutral,Overhead,Continuous,No Elevation,Single Exercise,Vertical Push|Spinal Rotational,Transverse Plane,Upper Body,Push,Compound,Unilateral,Bodybuilding
single-arm-kettlebell-rotational-thruster,Single Arm Kettlebell Rotational Thruster,https://youtu.be/jkbJFWzllH4,,Novice,beginner,Quadriceps,Quadriceps Femoris,Anterior Deltoids,Kettlebell,1,,0,Kettlebell,gym,Standing,Single Arm,Continuous,Neutral,Overhead,Continuous,No Elevation,Single Exercise,Rotational|Knee Dominant|Vertical Push,Transverse Plane,Full Body,Push,Compound,Unilateral,Bodybuilding
single-arm-kettlebell-seated-overhead-press,Single Arm Kettlebell Seated Overhead Press,https://youtu.be/LcVh7l7WyJo,,Beginner,beginner,Shoulders,Anterior Deltoids,Triceps Brachii,Kettlebell,1,Bench (Flat),1,Kettlebell|Bench (Flat),gym,Seated,Single Arm,Continuous,Pronated,Overhead,Continuous,No Elevation,Single Exercise,Vertical Push,Sagittal Plane,Upper Body,Push,Compound,Unilateral,Bodybuilding
single-arm-kettlebell-seated-shrug,Single Arm Kettlebell Seated Shrug,https://youtu.be/LaywjdRLK3c?si=nTMNGy0BPyxW6WR3,,Beginner,beginner,Trapezius,Upper Trapezius,Levator Scapulae|Rhomboids,Kettlebell,1,Bench (Flat),1,Kettlebell|Bench (Flat),gym,Seated,Single Arm,Continuous,Neutral,Suitcase,Continuous,No Elevation,Single Exercise,Scapular Elevation,Sagittal Plane,Upper Body,Pull,Isolation,Unilateral,Bodybuilding
single-arm-kettlebell-shrug,Single Arm Kettlebell Shrug,https://youtu.be/iJmHIt3pq5U?si=O6Skib3fQIO2I526,,Beginner,beginner,Trapezius,Upper Trapezius,Levator Scapulae|Rhomboids,Kettlebell,1,,0,Kettlebell,gym,Standing,Single Arm,Continuous,Neutral,Suitcase,Continuous,No Elevation,Single Exercise,Scapular Elevation,Sagittal Plane,Upper Body,Pull,Isolation,Unilateral,Bodybuilding
single-arm-kettlebell-side-swing,Single Arm Kettlebell Side Swing,https://youtu.be/YBJnavxcbUA,,Intermediate,intermediate,Abdominals,Obliques,,Kettlebell,1,,0,Kettlebell,gym,Standing,Single Arm,Continuous,Pronated,Other,Continuous,No Elevation,Single Exercise,Rotational,Transverse Plane,Full Body,Other,Compound,Unilateral,Ballistics
single-arm-kettlebell-single-leg-balance-transfer,Single Arm Kettlebell Single Leg Balance Transfer,https://youtu.be/_uJQvQG57Y8,,Intermediate,intermediate,Abdominals,Rectus Abdominis,Gluteus Medius,Kettlebell,1,,0,Kettlebell,gym,Single Leg Standing,Single Arm,Alternating,Neutral,Suitcase,Continuous,No Elevation,Single Exercise,Knee Dominant,Frontal Plane,Full Body,Other,Compound,Unilateral,Balance
single-arm-kettlebell-snatch,Single Arm Kettlebell Snatch,https://youtu.be/VdNC_xicfyg,https://youtu.be/OO7y9cIz0lU,Intermediate,intermediate,Shoulders,Anterior Deltoids,Gluteus Maximus,Kettlebell,1,,0,Kettlebell,gym,Standing,Single Arm,Continuous,Pronated,Overhead,Continuous,No Elevation,Single Exercise,Hip Hinge,Sagittal Plane,Full Body,,Compound,Unilateral,Ballistics
single-arm-kettlebell-snatch-to-overhead-contralateral-reverse-lunge,Single Arm Kettlebell Snatch to Overhead Contralateral Reverse Lunge,https://youtu.be/oReUJtUlMGU,,Advanced,advanced,Quadriceps,Quadriceps Femoris,Gluteus Maximus|Biceps Femoris,Kettlebell,1,,0,Kettlebell,gym,Standing,Single Arm,Continuous,Pronated,Overhead,Continuous,No Elevation,Combo Exercise,Hip Hinge|Knee Dominant,Sagittal Plane,Full Body,,Compound,Contralateral,Ballistics
single-arm-kettlebell-sots-press,Single Arm Kettlebell Sots Press,https://youtu.be/1znq_EvBvCg,,Intermediate,intermediate,Shoulders,Anterior Deltoids,Triceps Brachii|Quadriceps Femoris,Kettlebell,1,,0,Kettlebell,gym,Standing,Single Arm,Continuous,Pronated,Overhead,Continuous,No Elevation,Single Exercise,Vertical Push,Sagittal Plane,Upper Body,Push,Compound,Unilateral,Bodybuilding
single-arm-kettlebell-split-jerk,Single Arm Kettlebell Split Jerk,https://youtu.be/DeoexkyNuns?si=WrruI69jETw4SBe-,https://youtu.be/boJdXRtiEAQ,Intermediate,intermediate,Shoulders,Anterior Deltoids,Triceps Brachii|Gluteus Minimus,Kettlebell,1,,0,Kettlebell,gym,Staggered Stance,Single Arm,Continuous,Pronated,Overhead,Continuous,No Elevation,Single Exercise,Vertical Push|Hip Hinge,Sagittal Plane,Full Body,Push,Compound,Unilateral,
single-arm-kettlebell-squat-clean,Single Arm Kettlebell Squat Clean,https://youtu.be/FZ8mMUwnCQs,,Intermediate,intermediate,Quadriceps,Quadriceps Femoris,Gluteus Maximus,Kettlebell,1,,0,Kettlebell,gym,Standing,Single Arm,Continuous,Neutral,Front Rack,Continuous,No Elevation,Single Exercise,Knee Dominant|Hip Hinge,Sagittal Plane,Full Body,,Compound,Unilateral,Ballistics
single-arm-kettlebell-staggered-stance-swing,Single Arm Kettlebell Staggered Stance Swing,https://youtu.be/L2WY5gYUb1U,,Intermediate,intermediate,Glutes,Gluteus Maximus,,Kettlebell,1,,0,Kettlebell,gym,Staggered Stance,Single Arm,Continuous,Pronated,Other,Continuous,No Elevation,Single Exercise,Hip Hinge,Sagittal Plane,Full Body,,Compound,Unilateral,Ballistics
single-arm-kettlebell-start-stop-clean,Single Arm Kettlebell Start Stop Clean,https://youtu.be/SLm1ou6-SLM?feature=shared,https://youtu.be/r1b8btVfk6w?si=mdFerl1Ftrhe1hjd,Intermediate,intermediate,Glutes,Gluteus Maximus,,Kettlebell,1,,0,Kettlebell,gym,Standing,Single Arm,Continuous,Neutral,Front Rack,Continuous,No Elevation,Single Exercise,Hip Hinge,Sagittal Plane,Full Body,,Compound,Unilateral,Ballistics
single-arm-kettlebell-start-stop-snatch,Single Arm Kettlebell Start Stop Snatch,https://youtu.be/BpwgvVjQXiw?si=SPwizx5lirRdfFmX,,Intermediate,intermediate,Glutes,Gluteus Maximus,Anterior Deltoids,Kettlebell,1,,0,Kettlebell,gym,Standing,Single Arm,Continuous,Pronated,Overhead,Continuous,No Elevation,Single Exercise,Hip Hinge,Sagittal Plane,Full Body,,Compound,Unilateral,Ballistics
single-arm-kettlebell-start-stop-swing,Single Arm Kettlebell Start Stop Swing,https://youtu.be/djCYBs70KLE?si=JiYJei8Eqv-UiCG7,https://youtu.be/fvwlIUW04hg?si=A2DjFOuq2Sw-6TW_,Novice,beginner,Glutes,Gluteus Maximus,,Kettlebell,1,,0,Kettlebell,gym,Standing,Single Arm,Continuous,Pronated,Other,Continuous,No Elevation,Single Exercise,Hip Hinge,Sagittal Plane,Full Body,,Compound,Unilateral,Ballistics
single-arm-kettlebell-suitcase-alternating-forward-lunge,Single Arm Kettlebell Suitcase Alternating Forward Lunge,https://youtu.be/aopAoW1cmUk?si=EyVEsJC9bLaQC6ND,,Novice,beginner,Quadriceps,Quadriceps Femoris,Gluteus Maximus|Biceps Femoris,Kettlebell,1,,0,Kettlebell,gym,Standing,Single Arm,Continuous,Neutral,Suitcase,Alternating,No Elevation,Single Exercise,Knee Dominant|Anti-Lateral Flexion,Sagittal Plane,Lower Body,Push,Compound,Unilateral,Bodybuilding
single-arm-kettlebell-suitcase-alternating-forward-lunge-pass-through,Single Arm Kettlebell Suitcase Alternating Forward Lunge Pass Through,https://youtu.be/61BWrwBMUlk?si=zXjflLRvn7EaFnuR,,Intermediate,intermediate,Quadriceps,Quadriceps Femoris,Gluteus Maximus|Biceps Femoris,Kettlebell,1,,0,Kettlebell,gym,Standing,Single Arm,Alternating,Neutral,Suitcase,Alternating,No Elevation,Single Exercise,Knee Dominant|Anti-Lateral Flexion,Sagittal Plane|Frontal Plane,Lower Body,Push,Compound,Unilateral,Bodybuilding
single-arm-kettlebell-suitcase-alternating-reverse-lunge,Single Arm Kettlebell Suitcase Alternating Reverse Lunge,https://youtu.be/CQR7UUijw38?si=ncO4L8hVq2h4htQQ,,Novice,beginner,Quadriceps,Quadriceps Femoris,Gluteus Maximus|Biceps Femoris,Kettlebell,1,,0,Kettlebell,gym,Standing,Single Arm,Continuous,Neutral,Suitcase,Alternating,No Elevation,Single Exercise,Knee Dominant|Anti-Lateral Flexion,Sagittal Plane,Lower Body,Push,Compound,Unilateral,Bodybuilding
single-arm-kettlebell-suitcase-alternating-reverse-lunge-pass-through,Single Arm Kettlebell Suitcase Alternating Reverse Lunge Pass Through,https://youtu.be/6flBwO_bKB8?si=_cijIvoTOn2fDR7y,,Intermediate,intermediate,Quadriceps,Quadriceps Femoris,Gluteus Maximus|Biceps Femoris,Kettlebell,1,,0,Kettlebell,gym,Standing,Single Arm,Alternating,Neutral,Suitcase,Alternating,No Elevation,Single Exercise,Knee Dominant|Anti-Lateral Flexion,Sagittal Plane|Frontal Plane,Lower Body,Push,Compound,Unilateral,Bodybuilding
single-arm-kettlebell-suitcase-carry,Single Arm Kettlebell Suitcase Carry,https://youtu.be/HNgMpdUEpgw,https://youtu.be/T9A607GaR2w,Beginner,beginner,Forearms,Brachioradialis,Obliques,Kettlebell,1,,0,Kettlebell,gym,Walking,Single Arm,Continuous,Neutral,Suitcase,Alternating,No Elevation,Single Exercise,Loaded Carry|Anti-Lateral Flexion,Sagittal Plane,Full Body,Other,Compound,Unilateral,
single-arm-kettlebell-suitcase-contralateral-bulgarian-split-squat,Single Arm Kettlebell Suitcase Contralateral Bulgarian Split Squat,https://youtu.be/DGzBcpLm8T4?si=VFc6IG7H7vAlBgxV,,Intermediate,intermediate,Quadriceps,Quadriceps Femoris,Gluteus Maximus|Biceps Femoris,Kettlebell,1,Bench (Flat),1,Kettlebell|Bench (Flat),gym,Single Leg Supported,Single Arm,Continuous,Neutral,Suitcase,Continuous,Foot Elevated (Rear),Single Exercise,Knee Dominant|Anti-Lateral Flexion,Sagittal Plane,Lower Body,Push,Compound,Contralateral,Bodybuilding
single-arm-kettlebell-suitcase-contralateral-curtsy-lunge,Single Arm Kettlebell Suitcase Contralateral Curtsy Lunge,https://youtu.be/IlABYRygo3w?si=LYId2yiYvpqxybEC,,Novice,beginner,Quadriceps,Quadriceps Femoris,Gluteus Maximus|Adductor Magnus,Kettlebell,1,,0,Kettlebell,gym,Standing,Single Arm,Continuous,Neutral,Suitcase,Continuous,No Elevation,Single Exercise,Knee Dominant|Anti-Lateral Flexion,Frontal Plane,Lower Body,Push,Compound,Contralateral,Bodybuilding
single-arm-kettlebell-suitcase-contralateral-knee-over-toe-split-squat,Single Arm Kettlebell Suitcase Contralateral Knee Over Toe Split Squat,https://youtu.be/eGYP6B7LKtY?si=OkQLiBCrooH2qA67,,Novice,beginner,Quadriceps,Quadriceps Femoris,Gluteus Maximus|Soleus,Kettlebell,1,,0,Kettlebell,gym,Knee Over Toe Split Squat,Single Arm,Continuous,Neutral,Suitcase,Continuous,No Elevation,Single Exercise,Knee Dominant|Anti-Lateral Flexion,Sagittal Plane,Lower Body,Push,Compound,Contralateral,Bodybuilding
single-arm-kettlebell-suitcase-contralateral-lateral-lunge,Single Arm Kettlebell Suitcase Contralateral Lateral Lunge,https://youtu.be/NlkYG2ZJ0OE?si=oa1-NGoydk-xKSsq,,Novice,beginner,Quadriceps,Quadriceps Femoris,Gluteus Maximus|Adductor Magnus,Kettlebell,1,,0,Kettlebell,gym,Standing,Single Arm,Continuous,Neutral,Suitcase,Continuous,No Elevation,Single Exercise,Knee Dominant|Anti-Lateral Flexion,Frontal Plane,Lower Body,Push,Compound,Contralateral,Bodybuilding
single-arm-kettlebell-suitcase-contralateral-reverse-lunge,Single Arm Kettlebell Suitcase Contralateral Reverse Lunge,https://youtu.be/rwlsbVNSqDQ?si=6ELRzgo6Ek1bVGBe,,Novice,beginner,Quadriceps,Quadriceps Femoris,Gluteus Maximus|Biceps Femoris,Kettlebell,1,,0,Kettlebell,gym,Standing,Single Arm,Continuous,Neutral,Suitcase,Continuous,No Elevation,Single Exercise,Knee Dominant|Anti-Lateral Flexion,Sagittal Plane,Lower Body,Push,Compound,Contralateral,Bodybuilding
single-arm-kettlebell-suitcase-contralateral-split-squat,Single Arm Kettlebell Suitcase Contralateral Split Squat,https://youtu.be/JLyFg72CCrk?si=dyii9fe_jm4Th1O8,https://youtu.be/WWh6IyHUouU?si=Mw843r1ICzI9GlHa,Novice,beginner,Quadriceps,Quadriceps Femoris,Gluteus Maximus|Biceps Femoris,Kettlebell,1,,0,Kettlebell,gym,Split Squat,Single Arm,Continuous,Neutral,Suitcase,Continuous,No Elevation,Single Exercise,Knee Dominant|Anti-Lateral Flexion,Sagittal Plane,Lower Body,Push,Compound,Contralateral,Bodybuilding
single-arm-kettlebell-suitcase-contralateral-step-up,Single Arm Kettlebell Suitcase Contralateral Step Up,https://youtu.be/lMADALbx1eM?si=wJjWrYeLHPKqVgHh,,Novice,beginner,Quadriceps,Quadriceps Femoris,Gluteus Maximus|Biceps Femoris,Kettlebell,1,Plyo Box,1,Kettlebell|Plyo Box,gym,Standing,Single Arm,Continuous,Neutral,Suitcase,Continuous,Foot Elevated (Front),Single Exercise,Knee Dominant|Anti-Lateral Flexion,Sagittal Plane,Lower Body,Push,Compound,Contralateral,Bodybuilding
single-arm-kettlebell-suitcase-cyclist-squat,Single Arm Kettlebell Suitcase Cyclist Squat,https://youtu.be/AlxuA22ymwg?si=-tgz7djxN0QKxXfA,,Novice,beginner,Quadriceps,Quadriceps Femoris,Gluteus Maximus|Soleus,Kettlebell,1,Slant Board,1,Kettlebell|Slant Board,gym,Standing,Single Arm,Continuous,Neutral,Suitcase,Continuous,Heels Elevated,Single Exercise,Knee Dominant|Anti-Lateral Flexion,Sagittal Plane,Lower Body,Push,Compound,Unilateral,Bodybuilding
single-arm-kettlebell-suitcase-deadlift,Single Arm Kettlebell Suitcase Deadlift,https://youtu.be/1hcAoywwuRI,https://youtu.be/d6i6MwVOmk0?si=ecPMnAcU-eh4ENBj,Novice,beginner,Back,Latissimus Dorsi,Obliques,Kettlebell,1,,0,Kettlebell,gym,Standing,Single Arm,Continuous,Neutral,Suitcase,Continuous,No Elevation,Single Exercise,Hip Hinge|Anti-Lateral Flexion,Sagittal Plane,Full Body,Pull,Compound,Unilateral,Bodybuilding
single-arm-kettlebell-suitcase-hand-assisted-ipsilateral-foot-elevated-single-leg-calf-raise,Single Arm Kettlebell Suitcase Hand Assisted Ipsilateral Foot Elevated Single Leg Calf Raise,https://youtu.be/o4VnNZJ_ifM?si=mpuDr1i-66ZFR_7I,,Novice,beginner,Calves,Gastrocnemius,Soleus|Tibialis Anterior,Kettlebell,1,,0,Kettlebell,gym,Single Leg Standing,Single Arm,Continuous,Hand Assisted,Suitcase,Continuous,Toes Elevated,Single Exercise,Ankle Plantar Flexion|Anti-Lateral Flexion,Sagittal Plane,Lower Body,Push,Isolation,Ipsilateral,Bodybuilding
single-arm-kettlebell-suitcase-ipsilateral-forward-lunge,Single Arm Kettlebell Suitcase Ipsilateral Forward Lunge,https://youtu.be/TPCs1UFpADo?si=m8DKfTmxHGcavJDM,,Novice,beginner,Quadriceps,Quadriceps Femoris,Gluteus Maximus|Biceps Femoris,Kettlebell,1,,0,Kettlebell,gym,Standing,Single Arm,Continuous,Neutral,Suitcase,Continuous,No Elevation,Single Exercise,Knee Dominant|Anti-Lateral Flexion,Sagittal Plane,Lower Body,Push,Compound,Ipsilateral,Bodybuilding
single-arm-kettlebell-suitcase-ipsilateral-reverse-lunge,Single Arm Kettlebell Suitcase Ipsilateral Reverse Lunge,https://youtu.be/Ae33oITfYwM?si=BTB-LZkHb2SHl8HM,,Novice,beginner,Quadriceps,Quadriceps Femoris,Gluteus Maximus|Biceps Femoris,Kettlebell,1,,0,Kettlebell,gym,Standing,Single Arm,Continuous,Neutral,Suitcase,Continuous,No Elevation,Single Exercise,Knee Dominant|Anti-Lateral Flexion,Sagittal Plane,Lower Body,Push,Compound,Ipsilateral,Bodybuilding
single-arm-kettlebell-suitcase-ipsilateral-split-squat,Single Arm Kettlebell Suitcase Ipsilateral Split Squat,https://youtu.be/ZqPQvlALHlw?si=B7EklAroPtpJvXvc,https://youtu.be/vc55ELVmtns?si=QbvA9EZhpX-bVelg,Novice,beginner,Quadriceps,Quadriceps Femoris,Gluteus Maximus|Biceps Femoris,Kettlebell,1,,0,Kettlebell,gym,Split Squat,Single Arm,Continuous,Neutral,Suitcase,Continuous,No Elevation,Single Exercise,Knee Dominant|Anti-Lateral Flexion,Sagittal Plane,Lower Body,Push,Compound,Ipsilateral,Bodybuilding
single-arm-kettlebell-suitcase-march,Single Arm Kettlebell Suitcase March,https://youtu.be/Pjxd7M8bNU0?si=OeEny9WikOBA8B3P,https://youtu.be/hWHC_1BHAB8?si=tO3p7iVwPL7skcDZ,Novice,beginner,Hip Flexors,Iliopsoas,Rectus Abdominis|Gluteus Medius,Kettlebell,1,,0,Kettlebell,gym,March,Single Arm,Continuous,Neutral,Suitcase,Alternating,No Elevation,Single Exercise,Locomotion|Anti-Lateral Flexion,Sagittal Plane,Core,Other,Compound,Unilateral,Balance
single-arm-kettlebell-suitcase-walking-lunge,Single Arm Kettlebell Suitcase Walking Lunge,https://youtu.be/ojCvehn5SjY?si=tdD_tXPCt_VXy9h3,,Novice,beginner,Quadriceps,Quadriceps Femoris,Triceps Brachii|Biceps Femoris,Kettlebell,1,,0,Kettlebell,gym,Walking,Single Arm,Continuous,Neutral,Suitcase,Alternating,No Elevation,Single Exercise,Knee Dominant|Anti-Lateral Flexion,Sagittal Plane,Lower Body,Push,Compound,Unilateral,Bodybuilding
single-arm-kettlebell-suitcase-walking-lunge-pass-through,Single Arm Kettlebell Suitcase Walking Lunge Pass Through,https://youtu.be/yXwmVzRHPPw?si=K_LXsBOKmt9dza3B,https://youtu.be/tpJ09mGWZos?si=5J4AlnDrNYluauyX,Intermediate,intermediate,Quadriceps,Quadriceps Femoris,Gluteus Maximus|Biceps Femoris,Kettlebell,1,,0,Kettlebell,gym,Walking,Single Arm,Alternating,Neutral,Suitcase,Alternating,No Elevation,Single Exercise,Knee Dominant|Anti-Lateral Flexion,Sagittal Plane|Frontal Plane,Lower Body,Push,Compound,Unilateral,Bodybuilding
single-arm-kettlebell-sumo-deadlift,Single Arm Kettlebell Sumo Deadlift,https://youtu.be/1XyV5eNL1z0,,Novice,beginner,Back,Latissimus Dorsi,Gluteus Maximus|Biceps Femoris,Kettlebell,1,,0,Kettlebell,gym,Standing,Single Arm,Continuous,Pronated,Other,Continuous,No Elevation,Single Exercise,Hip Hinge,Sagittal Plane,Full Body,Pull,Compound,Unilateral,Bodybuilding
single-arm-kettlebell-swing,Single Arm Kettlebell Swing,https://youtu.be/kneGICiz30g,https://youtu.be/BXrXhyudA80,Novice,beginner,Glutes,Gluteus Maximus,Biceps Femoris,Kettlebell,1,,0,Kettlebell,gym,Standing,Single Arm,Continuous,Pronated,Other,Continuous,No Elevation,Single Exercise,Hip Hinge,Sagittal Plane,Full Body,,Compound,Unilateral,Ballistics
single-arm-kettlebell-tactical-clean,Single Arm Kettlebell Tactical Clean,https://youtu.be/dLyfCN_7JHw,,Advanced,advanced,Glutes,Gluteus Maximus,,Kettlebell,1,,0,Kettlebell,gym,Standing,Single Arm,Alternating,Neutral,Front Rack,Continuous,No Elevation,Single Exercise,Hip Hinge,Sagittal Plane,Full Body,,Compound,Unilateral,Ballistics
single-arm-kettlebell-tactical-clean-to-push-press,Single Arm Kettlebell Tactical Clean to Push Press,https://youtu.be/VqGvsMrYawU?si=Ori5Rji8qPy2ADXI,,Advanced,advanced,Shoulders,Anterior Deltoids,Gluteus Maximus,Kettlebell,1,,0,Kettlebell,gym,Standing,Single Arm,Alternating,Pronated,Overhead,Continuous,No Elevation,Combo Exercise,Hip Hinge|Vertical Push,Sagittal Plane,Full Body,,Compound,Unilateral,Ballistics
single-arm-kettlebell-tactical-snatch,Single Arm Kettlebell Tactical Snatch,https://youtu.be/lWVxdK_AT2s?si=lgWC5CSMGVpQHo9t,https://youtu.be/naeEChhh35k?si=gh_bPVUaHXDIi46R,Advanced,advanced,Glutes,Gluteus Maximus,Anterior Deltoids,Kettlebell,1,,0,Kettlebell,gym,Standing,Single Arm,Alternating,Pronated,Overhead,Continuous,No Elevation,Single Exercise,Hip Hinge,Sagittal Plane,Full Body,,Compound,Unilateral,Ballistics
single-arm-kettlebell-tall-kneeling-around-the-world,Single Arm Kettlebell Tall Kneeling Around the World,https://youtu.be/9vZ0CU0dHcE,,Novice,beginner,Abdominals,Rectus Abdominis,,Kettlebell,1,,0,Kettlebell,gym,Tall Kneeling,Single Arm,Continuous,Pronated,Other,Continuous,No Elevation,Single Exercise,Anti-Rotational,Transverse Plane,Core,Other,Compound,Unilateral,
single-arm-kettlebell-tall-kneeling-bicep-curl,Single Arm Kettlebell Tall Kneeling Bicep Curl,https://youtu.be/hGE3lxAF2Ew?si=MwJzQO_RzHV8FcbT,,Beginner,beginner,Biceps,Biceps Brachii,Brachialis|Brachioradialis,Kettlebell,1,,0,Kettlebell,gym,Tall Kneeling,Single Arm,Continuous,Supinated,Other,Continuous,No Elevation,Single Exercise,Elbow Flexion,Sagittal Plane,Upper Body,Pull,Isolation,Unilateral,Bodybuilding
single-arm-kettlebell-tall-kneeling-overhead-press,Single Arm Kettlebell Tall Kneeling Overhead Press,https://youtu.be/UF_oINIojVQ?si=nyrZ0y91pz4IIfOs,,Novice,beginner,Shoulders,Anterior Deltoids,Triceps Brachii,Kettlebell,1,,0,Kettlebell,gym,Tall Kneeling,Single Arm,Continuous,Pronated,Overhead,Continuous,No Elevation,Single Exercise,Vertical Push,Sagittal Plane,Upper Body,Push,Compound,Unilateral,Bodybuilding
single-arm-kettlebell-thruster,Single Arm Kettlebell Thruster,https://youtu.be/vBkzGpZSEF4,https://youtu.be/Ze3wxz5T640,Intermediate,intermediate,Quadriceps,Quadriceps Femoris,Anterior Deltoids,Kettlebell,1,,0,Kettlebell,gym,Standing,Single Arm,Continuous,Pronated,Overhead,Continuous,No Elevation,Single Exercise,Knee Dominant|Vertical Push,Sagittal Plane,Full Body,Push,Compound,Unilateral,Bodybuilding
single-arm-kettlebell-turkish-get-up,Single Arm Kettlebell Turkish Get Up,https://youtu.be/sgd8n917Zv0,https://youtu.be/Gvc3_o9R6hc,Intermediate,intermediate,Abdominals,Obliques,Rectus Abdominis,Kettlebell,1,,0,Kettlebell,gym,Supine,Single Arm,Continuous,Pronated,Overhead,Continuous,No Elevation,Single Exercise,Rotational,Transverse Plane|Sagittal Plane,Full Body,Other,Compound,Unilateral,Grinds
single-arm-kettlebell-turkish-sit-up,Single Arm Kettlebell Turkish Sit Up,https://youtu.be/KpufjJRtyPc,,Intermediate,intermediate,Abdominals,Rectus Abdominis,Anterior Deltoids|Iliopsoas,Kettlebell,1,,0,Kettlebell,gym,Supine,Single Arm,Continuous,Pronated,Overhead,Continuous,No Elevation,Single Exercise,Spinal Flexion,Sagittal Plane,Core,Other,Compound,Unilateral,
single-arm-kettlebell-turkish-sit-up-to-z-press,Single Arm Kettlebell Turkish Sit Up to Z Press,https://youtu.be/FOdI5tm_JZs?si=-JnXwtZzA1jDzCcB,,Intermediate,intermediate,Abdominals,Rectus Abdominis,,Kettlebell,1,,0,Kettlebell,gym,Seated Floor,Single Arm,Continuous,Pronated,Overhead,Continuous,No Elevation,Combo Exercise,Spinal Flexion|Vertical Push,Sagittal Plane,Full Body,Push,Compound,Unilateral,Bodybuilding
single-arm-kettlebell-waiter-clean,Single Arm Kettlebell Waiter Clean,https://youtu.be/fLXYRpxW4FI?si=AjNKRKLLVjzA8Uow,https://youtu.be/F86s3FSXoPA,Advanced,advanced,Glutes,Gluteus Maximus,,Kettlebell,1,,0,Kettlebell,gym,Standing,Single Arm,Continuous,Waiter Hold,Front Rack,Continuous,No Elevation,Single Exercise,Hip Hinge,Sagittal Plane,Full Body,,Compound,Unilateral,Ballistics
single-arm-kettlebell-windmill,Single Arm Kettlebell Windmill,https://youtu.be/3rtUK_jUv4s,https://youtu.be/VFHj4FehsfM,Intermediate,intermediate,Abdominals,Obliques,Rectus Abdominis|Anterior Deltoids,Kettlebell,1,,0,Kettlebell,gym,Standing,Single Arm,Continuous,Pronated,Overhead,Continuous,No Elevation,Single Exercise,Rotational,Transverse Plane,Core,Other,Compound,Unilateral,Grinds
single-arm-kettlebell-z-press,Single Arm Kettlebell Z Press,https://youtu.be/ygiRarZWXHw,https://youtu.be/iDLwdQJreYQ,Intermediate,intermediate,Shoulders,Anterior Deltoids,Triceps Brachii|Rectus Abdominis,Kettlebell,1,,0,Kettlebell,gym,Seated Floor,Single Arm,Continuous,Pronated,Overhead,Continuous,No Elevation,Single Exercise,Vertical Push,Sagittal Plane,Upper Body,Push,Compound,Unilateral,Bodybuilding
single-arm-landmine-front-rack-contralateral-reverse-lunge-to-shoulder-press,Single Arm Landmine Front Rack Contralateral Reverse Lunge to Shoulder Press,https://youtu.be/h2bPSv9ka_o,,Intermediate,intermediate,Quadriceps,Quadriceps Femoris,Anterior Deltoids|Gluteus Maximus,Landmine,1,,0,Landmine,gym,Standing,Single Arm,Continuous,Neutral,Overhead,Continuous,No Elevation,Combo Exercise,Knee Dominant|Vertical Push,Sagittal Plane,Full Body,Push,Compound,Contralateral,
single-arm-landmine-front-rack-contralateral-split-squat,Single Arm Landmine Front Rack Contralateral Split Squat,https://youtu.be/kZKDLL-1IXw?si=wnx7XbsDFO37wHb3,,Novice,beginner,Quadriceps,Quadriceps Femoris,Gluteus Maximus|Biceps Femoris,Landmine,1,,0,Landmine,gym,Split Squat,Single Arm,Continuous,Neutral,Front Rack,Continuous,No Elevation,Single Exercise,Knee Dominant,Sagittal Plane,Lower Body,Push,Compound,Contralateral,Bodybuilding
single-arm-landmine-hack-squat,Single Arm Landmine Hack Squat,https://youtu.be/hwd_6Y9YKvI,https://youtu.be/4pC9DKPGklo,Intermediate,intermediate,Quadriceps,Quadriceps Femoris,Gluteus Maximus,Landmine,1,,0,Landmine,gym,Standing,Single Arm,Continuous,Neutral,Shoulder,Continuous,No Elevation,Single Exercise,Knee Dominant,Sagittal Plane,Lower Body,Push,Compound,Unilateral,Bodybuilding
single-arm-landmine-half-kneeling-contralateral-shoulder-press,Single Arm Landmine Half Kneeling Contralateral Shoulder Press,https://youtu.be/ORoOn93dnh4,https://youtu.be/PY9HorHANhc,Intermediate,intermediate,Shoulders,Anterior Deltoids,,Landmine,1,,0,Landmine,gym,Half Kneeling,Single Arm,Continuous,Neutral,Overhead,Continuous,No Elevation,Single Exercise,Vertical Push,Sagittal Plane,Upper Body,Push,Compound,Contralateral,
single-arm-landmine-half-kneeling-ipsilateral-shoulder-press,Single Arm Landmine Half Kneeling Ipsilateral Shoulder Press,https://youtu.be/JFAHbtg7yGo?si=D0wQ8DZcL7yrM3kB,,Intermediate,intermediate,Shoulders,Anterior Deltoids,,Landmine,1,,0,Landmine,gym,Half Kneeling,Single Arm,Continuous,Neutral,Overhead,Continuous,No Elevation,Single Exercise,Vertical Push,Sagittal Plane,Upper Body,Push,Compound,Ipsilateral,
single-arm-landmine-kneeling-rollout,Single Arm Landmine Kneeling Rollout,https://youtu.be/wzeTk8XAGt4?si=5TCEG3ZxGjOGYntF,,Advanced,advanced,Abdominals,Rectus Abdominis,Obliques|Latissimus Dorsi,Landmine,1,,0,Landmine,gym,Kneeling,Single Arm,Continuous,Pronated,Other,Continuous,No Elevation,Single Exercise,Anti-Extension,Sagittal Plane,Core,Other,Compound,Unilateral,
single-arm-landmine-meadows-row,Single Arm Landmine Meadows Row,https://youtu.be/e-c4gMcqdyw,https://youtu.be/EsmIWi_0lio,Novice,beginner,Back,Latissimus Dorsi,,Landmine,1,,0,Landmine,gym,Standing,Single Arm,Continuous,Pronated,Other,Continuous,No Elevation,Single Exercise,Horizontal Pull,Sagittal Plane,Upper Body,Pull,Compound,Unilateral,Bodybuilding
single-arm-landmine-row,Single Arm Landmine Row,https://youtu.be/tiETx7VNDf0,,Novice,beginner,Back,Latissimus Dorsi,,Landmine,1,,0,Landmine,gym,Standing,Single Arm,Continuous,Neutral,Other,Continuous,No Elevation,Single Exercise,Horizontal Pull,Sagittal Plane,Upper Body,Pull,Compound,Unilateral,Bodybuilding
single-arm-landmine-row-to-rotational-shoulder-press,Single Arm Landmine Row to Rotational Shoulder Press,https://youtu.be/f-sh_ImlQUo,https://youtu.be/8g61ghscJ1E,Intermediate,intermediate,Shoulders,Anterior Deltoids,Triceps Brachii,Landmine,1,,0,Landmine,gym,Standing,Single Arm,Continuous,Pronated,Overhead,Continuous,No Elevation,Combo Exercise,Rotational,Transverse Plane,Full Body,Push & Pull,Compound,Unilateral,Bodybuilding
single-arm-landmine-shoulder-press,Single Arm Landmine Shoulder Press,https://youtu.be/5Cs27w8WVz4,https://youtu.be/x071zV-Bo2E,Intermediate,intermediate,Shoulders,Anterior Deltoids,,Landmine,1,,0,Landmine,gym,Standing,Single Arm,Continuous,Neutral,Overhead,Continuous,No Elevation,Single Exercise,Vertical Push,Sagittal Plane,Upper Body,Push,Compound,Unilateral,
single-arm-landmine-shrug,Single Arm Landmine Shrug,https://youtu.be/I_qhTOdNkHo?si=7wY3icLNd-TkFk5i,,Novice,beginner,Trapezius,Upper Trapezius,Levator Scapulae|Rhomboids,Landmine,1,,0,Landmine,gym,Standing,Single Arm,Continuous,Neutral,Suitcase,Continuous,No Elevation,Single Exercise,Scapular Elevation,Sagittal Plane,Upper Body,Pull,Isolation,Unilateral,Bodybuilding
single-arm-landmine-single-leg-romanian-deadlift,Single Arm Landmine Single Leg Romanian Deadlift,https://youtu.be/rzJse5Ds98k,https://youtu.be/DikpefBtnUU,Intermediate,intermediate,Hamstrings,Biceps Femoris,Gluteus Maximus|Obliques,Landmine,1,,0,Landmine,gym,Single Leg Standing,Single Arm,Continuous,Pronated,Other,Continuous,No Elevation,Single Exercise,Hip Hinge,Sagittal Plane,Lower Body,,Compound,Unilateral,Bodybuilding
single-arm-landmine-split-clean,Single Arm Landmine Split Clean,https://youtu.be/tDKju5qmxOM?si=j82cBg7j8A8GUsiV,https://youtu.be/X3Pe8IHTavA?si=xbfG5Os4grSyPxVe,Advanced,advanced,Quadriceps,Quadriceps Femoris,Gluteus Maximus|Obliques,Landmine,1,,0,Landmine,gym,Staggered Stance,Single Arm,Continuous,Neutral,Other,Alternating,No Elevation,Single Exercise,Knee Dominant,Sagittal Plane,Full Body,,Compound,Unilateral,
single-arm-landmine-split-jerk,Single Arm Landmine Split Jerk,https://youtu.be/J4MJUcilrmo?si=4cbvgzB0vHx2Gb3e,,Advanced,advanced,Shoulders,Anterior Deltoids,,Landmine,1,,0,Landmine,gym,Staggered Stance,Single Arm,Continuous,Neutral,Other,Alternating,No Elevation,Single Exercise,Vertical Push,Sagittal Plane,Full Body,,Compound,Unilateral,
single-arm-landmine-split-snatch,Single Arm Landmine Split Snatch,https://youtu.be/RzeAb6wnMsk?si=aedjaQmoWjF7IB75,https://youtu.be/6My_MnlhTGU?si=Dxln5c_mwBhxUokl,Advanced,advanced,Shoulders,Anterior Deltoids,Gluteus Maximus,Landmine,1,,0,Landmine,gym,Staggered Stance,Single Arm,Continuous,Neutral,Overhead,Alternating,No Elevation,Single Exercise,Vertical Push,Sagittal Plane,Full Body,,Compound,Unilateral,
single-arm-landmine-suitcase-contralateral-split-squat,Single Arm Landmine Suitcase Contralateral Split Squat,https://youtu.be/rD7QCqe4g0k?si=13maugTiL5P1XI6m,,Novice,beginner,Quadriceps,Quadriceps Femoris,Gluteus Maximus|Biceps Femoris,Landmine,1,,0,Landmine,gym,Split Squat,Single Arm,Continuous,Neutral,Front Rack,Continuous,No Elevation,Single Exercise,Knee Dominant|Anti-Lateral Flexion,Sagittal Plane,Lower Body,Push,Compound,Contralateral,Bodybuilding
single-arm-landmine-suitcase-march,Single Arm Landmine Suitcase March,https://youtu.be/l1Z6ltvHwcM?si=g47yzABqexq3NE7E,,Novice,beginner,Hip Flexors,Iliopsoas,Rectus Abdominis|Gluteus Medius,Landmine,1,,0,Landmine,gym,March,Single Arm,Continuous,Neutral,Suitcase,Alternating,No Elevation,Single Exercise,Locomotion|Anti-Lateral Flexion,Sagittal Plane,Core,Other,Compound,Unilateral,Balance
single-arm-landmine-tall-kneeling-shoulder-press,Single Arm Landmine Tall Kneeling Shoulder Press,https://youtu.be/TVTHezj2ZLg,,Intermediate,intermediate,Shoulders,Anterior Deltoids,,Landmine,1,,0,Landmine,gym,Tall Kneeling,Single Arm,Continuous,Neutral,Overhead,Continuous,No Elevation,Single Exercise,Vertical Push,Sagittal Plane,Upper Body,Push,Compound,Unilateral,
single-arm-landmine-thruster,Single Arm Landmine Thruster,https://youtu.be/EcUficjayCY,https://youtu.be/uEdt5g1Slfg,Intermediate,intermediate,Quadriceps,Quadriceps Femoris,Anterior Deltoids,Landmine,1,,0,Landmine,gym,Standing,Single Arm,Continuous,Neutral,Overhead,Continuous,No Elevation,Single Exercise,Knee Dominant|Vertical Push,Sagittal Plane,Full Body,Push,Compound,Unilateral,Bodybuilding
single-arm-landmine-turkish-sit-up,Single Arm Landmine Turkish Sit Up,https://youtu.be/EhYVfy1KUUA,https://youtu.be/zxul-J_H0WE,Intermediate,intermediate,Abdominals,Rectus Abdominis,Anterior Deltoids|Iliopsoas,Landmine,1,,0,Landmine,gym,Supine,Single Arm,Continuous,Neutral,Overhead,Continuous,No Elevation,Single Exercise,Spinal Flexion,Sagittal Plane,Core,Other,Compound,Unilateral,
single-arm-landmine-z-press,Single Arm Landmine Z Press,https://youtu.be/app94pzXOuU,,Intermediate,intermediate,Shoulders,Anterior Deltoids,Triceps Brachii|Rectus Abdominis,Landmine,1,,0,Landmine,gym,Seated Floor,Single Arm,Continuous,Neutral,Overhead,Continuous,No Elevation,Single Exercise,Vertical Push,Sagittal Plane,Upper Body,Push,Compound,Unilateral,Bodybuilding
single-arm-macebell-360,Single Arm Macebell 360,https://youtu.be/ITUpuwk3odY?si=KGOrc3k9Flt-oF1v,,Intermediate,intermediate,Shoulders,Posterior Deltoids,Rectus Abdominis,Macebell,1,,0,Macebell,gym,Standing,Single Arm,Continuous,Neutral,Behind Back,Continuous,No Elevation,Single Exercise,Rotational,Transverse Plane,Upper Body,Pull,Compound,Unilateral,Ballistics
single-arm-macebell-bull-whip-to-mill,Single Arm Macebell Bull Whip to Mill,https://youtu.be/NUhpNbRmNMg?si=vqY017BanR5_s992,https://youtu.be/9AFgVsSXOCA?si=J-Zh0GlYFLOJWoaP,Advanced,advanced,Shoulders,Posterior Deltoids,Rectus Abdominis,Macebell,1,,0,Macebell,gym,Staggered Stance,Single Arm,Continuous,Neutral,Behind Back,Continuous,No Elevation,Combo Exercise,Rotational,Transverse Plane,Upper Body,Pull,Compound,Unilateral,Ballistics
single-arm-parallette-plank,Single Arm Parallette Plank,https://youtu.be/NrkFLTzLuSM,,Intermediate,intermediate,Abdominals,Rectus Abdominis,,Parallette Bars,1,,0,Parallette Bars,gym,Prone,Single Arm,Continuous,Neutral,No Load,Continuous,No Elevation,Single Exercise,Anti-Rotational,Sagittal Plane,Core,Other,Compound,Unilateral,Calisthenics
single-arm-plate-turkish-get-up,Single Arm Plate Turkish Get Up,https://youtu.be/4_RrnWT847k,,Advanced,advanced,Abdominals,Obliques,Rectus Abdominis,Weight Plate,1,,0,Weight Plate,gym,Supine,Single Arm,Continuous,Flat Palm,Overhead,Continuous,No Elevation,Single Exercise,Rotational,Transverse Plane|Sagittal Plane,Full Body,Other,Compound,Unilateral,Grinds
single-arm-plate-windmill,Single Arm Plate Windmill,https://youtu.be/P-dqLz-r5po,,Advanced,advanced,Abdominals,Obliques,Rectus Abdominis|Anterior Deltoids,Weight Plate,1,,0,Weight Plate,gym,Standing,Single Arm,Continuous,Flat Palm,Overhead,Continuous,No Elevation,Single Exercise,Rotational,Transverse Plane,Core,Other,Compound,Unilateral,Grinds
single-arm-resistance-band-chest-press,Single Arm Resistance Band Chest Press,https://youtu.be/8gcpEaHDgsY?si=5iKOYsOZ_3phaShu,,Beginner,beginner,Chest,Pectoralis Major,Triceps Brachii|Anterior Deltoids,Resistance Band,1,,0,Resistance Band,bands|gym,Standing,Single Arm,Continuous,Pronated,No Load,Continuous,No Elevation,Single Exercise,Horizontal Push,Sagittal Plane,Upper Body,Push,Compound,Unilateral,Bodybuilding
single-arm-resistance-band-low-row,Single Arm Resistance Band Low Row,https://youtu.be/apYOwiF9moM?si=bOCR3Ldpx6nSTzj0,,Beginner,beginner,Back,Latissimus Dorsi,,Resistance Band,1,,0,Resistance Band,bands|gym,Standing,Single Arm,Continuous,Neutral,No Load,Continuous,No Elevation,Single Exercise,Horizontal Pull,Sagittal Plane,Upper Body,Pull,Compound,Unilateral,Bodybuilding
single-arm-ring-chin-up,Single Arm Ring Chin Up,https://youtu.be/S22n8oqcDSY?si=GFs-J_IAwjttVe0y,https://youtu.be/_iZhxgcwSNA,Master,advanced,Biceps,Biceps Brachii,Latissimus Dorsi,Gymnastic Rings,1,,0,Gymnastic Rings,gym,Hanging,Single Arm,Continuous,Supinated,No Load,Continuous,No Elevation,Single Exercise,Vertical Pull,Sagittal Plane,Upper Body,Pull,Compound,Unilateral,Calisthenics
single-arm-ring-dead-hang,Single Arm Ring Dead Hang,https://youtu.be/7J_x9uMtr-o?si=2tga8qG4urWcSCMT,,Novice,beginner,Forearms,Brachioradialis,Latissimus Dorsi|Teres Major,Gymnastic Rings,1,,0,Gymnastic Rings,gym,Hanging,Single Arm,Continuous,Pronated,No Load,Continuous,No Elevation,Single Exercise,Isometric Hold,Sagittal Plane,Upper Body,Other,Compound,Unilateral,Calisthenics
single-arm-ring-eccentric-chin-up,Single Arm Ring Eccentric Chin Up,https://youtu.be/Vg0K1uuNQLI,,Expert,advanced,Biceps,Biceps Brachii,Latissimus Dorsi,Gymnastic Rings,1,,0,Gymnastic Rings,gym,Hanging,Single Arm,Continuous,Supinated,No Load,Continuous,No Elevation,Single Exercise,Vertical Pull,Sagittal Plane,Upper Body,Pull,Compound,Unilateral,Calisthenics
single-arm-ring-grip-push-up,Single Arm Ring Grip Push Up,https://youtu.be/CXVqHGLmb3Q,,Master,advanced,Chest,Pectoralis Major,Triceps Brachii|Anterior Deltoids,Gymnastic Rings,1,,0,Gymnastic Rings,gym,Prone,Single Arm,Continuous,Neutral,No Load,Continuous,No Elevation,Single Exercise,Horizontal Push,Sagittal Plane,Upper Body,Push,Compound,Unilateral,Calisthenics
single-arm-ring-hanging-l-sit,Single Arm Ring Hanging L Sit,https://youtu.be/_o_4N2yJwAw?si=Hum3bBKngYoqfDUc,,Advanced,advanced,Abdominals,Rectus Abdominis,,Gymnastic Rings,1,,0,Gymnastic Rings,gym,Hanging,Single Arm,Continuous,Pronated,No Load,Continuous,No Elevation,Single Exercise,Isometric Hold,Sagittal Plane,Core,Other,Compound,Unilateral,Calisthenics
single-arm-ring-plank,Single Arm Ring Plank,https://youtu.be/_Iev7PLP6QY,,Intermediate,intermediate,Abdominals,Rectus Abdominis,,Gymnastic Rings,1,,0,Gymnastic Rings,gym,Prone,Single Arm,Continuous,Neutral,No Load,Continuous,No Elevation,Single Exercise,Anti-Rotational|Anti-Extension,Sagittal Plane,Core,Other,Compound,Unilateral,Calisthenics
single-arm-ring-push-up,Single Arm Ring Push Up,https://youtu.be/9sjQEtGoScA,,Expert,advanced,Chest,Pectoralis Major,Triceps Brachii,Gymnastic Rings,1,,0,Gymnastic Rings,gym,Prone,Single Arm,Continuous,Neutral,No Load,Continuous,No Elevation,Single Exercise,Horizontal Push|Anti-Rotational,Sagittal Plane,Upper Body,Push,Compound,Unilateral,Calisthenics
single-arm-suspension-bicep-curl,Single Arm Suspension Bicep Curl,https://youtu.be/gn5Uy0z5DyY?si=cNwcH7q0lucOSGDX,https://youtu.be/fGPVOUKW0-M,Intermediate,intermediate,Biceps,Biceps Brachii,Brachialis|Brachioradialis,Suspension Trainer,1,,0,Suspension Trainer,gym,Standing,Single Arm,Continuous,Supinated,No Load,Continuous,No Elevation,Single Exercise,Elbow Flexion,Sagittal Plane,Upper Body,Pull,Isolation,Unilateral,
single-arm-suspension-contralateral-skater-squat,Single Arm Suspension Contralateral Skater Squat,https://youtu.be/8pe73RwDAzY?si=ASSfIEGoxhWjeAi_,,Intermediate,intermediate,Quadriceps,Quadriceps Femoris,Gluteus Maximus,Suspension Trainer,1,,0,Suspension Trainer,gym,Single Leg Standing,Single Arm,Continuous,Neutral,No Load,Continuous,No Elevation,Single Exercise,Knee Dominant,Sagittal Plane,Lower Body,Push,Compound,Contralateral,Balance
single-arm-suspension-ipsilateral-cossack-squat,Single Arm Suspension Ipsilateral Cossack Squat,https://youtu.be/8xX1a7o6bKU?si=rLYvcvZkeDzk1KV5,,Beginner,beginner,Quadriceps,Quadriceps Femoris,Adductor Magnus|Gluteus Maximus,Suspension Trainer,1,,0,Suspension Trainer,gym,Standing,Single Arm,Continuous,Neutral,No Load,Continuous,No Elevation,Single Exercise,Knee Dominant,Frontal Plane,Lower Body,Push,Compound,Ipsilateral,Bodybuilding
single-arm-suspension-ipsilateral-pistol-squat,Single Arm Suspension Ipsilateral Pistol Squat,https://youtu.be/5G-vWzfeTy4?si=J9YetG0ZnmrQ6H76,,Advanced,advanced,Quadriceps,Quadriceps Femoris,Gluteus Maximus,Suspension Trainer,1,,0,Suspension Trainer,gym,Single Leg Standing,Single Arm,Continuous,Neutral,No Load,Continuous,No Elevation,Single Exercise,Knee Dominant,Sagittal Plane,Lower Body,Push,Compound,Ipsilateral,Balance
single-arm-suspension-kneeling-rollout,Single Arm Suspension Kneeling Rollout,https://youtu.be/yFt5UltkFCA?si=o0SXv0YEikxLTThg,,Advanced,advanced,Abdominals,Rectus Abdominis,Latissimus Dorsi|Serratus Anterior,Suspension Trainer,1,,0,Suspension Trainer,gym,Kneeling,Single Arm,Continuous,Pronated,No Load,Continuous,No Elevation,Single Exercise,Anti-Extension,Sagittal Plane,Core,Other,Compound,Unilateral,
single-arm-suspension-low-row,Single Arm Suspension Low Row,https://youtu.be/wH4TXGV8UyA?si=N8Y8Uk0A9glEeeuQ,https://youtu.be/aN2TnxS_ekQ,Novice,beginner,Back,Latissimus Dorsi,Biceps Brachii,Suspension Trainer,1,,0,Suspension Trainer,gym,Standing,Single Arm,Continuous,Neutral,No Load,Continuous,No Elevation,Single Exercise,Horizontal Pull|Anti-Rotational,Sagittal Plane,Upper Body,Pull,Compound,Unilateral,
single-arm-suspension-plank,Single Arm Suspension Plank,https://youtu.be/hetklTC7y4M?si=gHU6ufU8oAcg21Jv,,Intermediate,intermediate,Abdominals,Rectus Abdominis,,Suspension Trainer,1,,0,Suspension Trainer,gym,Prone,Single Arm,Continuous,Pronated,No Load,Continuous,No Elevation,Single Exercise,Anti-Rotational,Sagittal Plane,Core,Other,Compound,Unilateral,
single-arm-suspension-push-up,Single Arm Suspension Push Up,https://youtu.be/PenQnEuayM4,,Intermediate,intermediate,Chest,Pectoralis Major,Triceps Brachii|Rectus Abdominis,Suspension Trainer,1,,0,Suspension Trainer,gym,Standing,Single Arm,Continuous,Pronated,No Load,Continuous,No Elevation,Single Exercise,Anti-Rotational,Sagittal Plane,Upper Body,Push,Compound,Unilateral,
single-arm-suspension-rotational-row,Single Arm Suspension Rotational Row,https://youtu.be/EOjx-EK_91I?si=RWxX91ZewMkt9AFa,https://youtu.be/YqhHuFNJ-Pw?si=4tSOi6oLRJPrlnaZ,Intermediate,intermediate,Back,Latissimus Dorsi,Biceps Brachii,Suspension Trainer,1,,0,Suspension Trainer,gym,Standing,Single Arm,Continuous,Neutral,No Load,Continuous,No Elevation,Single Exercise,Rotational|Horizontal Pull,Sagittal Plane,Upper Body,Pull,Compound,Unilateral,
single-ring-chin-up,Single Ring Chin Up,https://youtu.be/cBuy7xDJZN0,,Advanced,advanced,Biceps,Biceps Brachii,Latissimus Dorsi,Gymnastic Rings,1,,0,Gymnastic Rings,gym,Hanging,Double Arm,Continuous,Supinated,No Load,Continuous,No Elevation,Single Exercise,Vertical Pull,Sagittal Plane,Upper Body,Pull,Compound,Bilateral,Calisthenics
single-ring-l-sit-chin-up,Single Ring L Sit Chin Up,https://youtu.be/Ha9sM7H6Prk,,Advanced,advanced,Biceps,Biceps Brachii,Latissimus Dorsi|Rectus Abdominis,Gymnastic Rings,1,,0,Gymnastic Rings,gym,Hanging,Double Arm,Continuous,Supinated,No Load,Continuous,No Elevation,Single Exercise,Vertical Pull|Isometric Hold,Sagittal Plane,Upper Body,Pull,Compound,Bilateral,Calisthenics
single-ring-pallof-press,Single Ring Pallof Press,https://youtu.be/zJTqReYQQGo?si=YEkchANMatD1FCxY,https://youtu.be/YSN3rqhYlKU?si=fRe28k3eokgn33qg,Intermediate,intermediate,Abdominals,Obliques,Rectus Abdominis,Gymnastic Rings,1,,0,Gymnastic Rings,gym,Staggered Stance,Double Arm,Continuous,Neutral,Other,Continuous,No Elevation,Single Exercise,Anti-Rotational,Transverse Plane,Core,Other,Compound,Bilateral,
single-ring-rotational-row,Single Ring Rotational Row,https://youtu.be/1PiO_woAgDc?si=-nYhvQs3zKrAR7im,https://youtu.be/J7-YqP2qYlk?si=HtXHfMfWEaD67VdL,Intermediate,intermediate,Back,Latissimus Dorsi,Biceps Brachii|Obliques,Gymnastic Rings,1,,0,Gymnastic Rings,gym,Standing,Double Arm,Continuous,Neutral,No Load,Continuous,No Elevation,Single Exercise,Rotational|Horizontal Pull,Transverse Plane,Upper Body,Pull,Compound,Bilateral,Calisthenics
slam-ball-feet-elevated-russian-twist,Slam Ball Feet Elevated Russian Twist,https://youtu.be/W1FXse115qs,,Intermediate,intermediate,Abdominals,Obliques,Rectus Abdominis|Iliopsoas,Slam Ball,1,,0,Slam Ball,gym,Seated Floor,Double Arm,Continuous,Neutral,Other,Continuous,No Elevation,Single Exercise,Rotational,Transverse Plane,Core,Other,Compound,Bilateral,
slam-ball-half-kneeling-low-to-high-chop,Slam Ball Half Kneeling Low to High Chop,https://youtu.be/18B_3fISG48?si=Tj8Ufhup9wvyOjvB,,Intermediate,intermediate,Abdominals,Obliques,Rectus Abdominis,Slam Ball,1,,0,Slam Ball,gym,Half Kneeling,Double Arm,Continuous,Neutral,Other,Continuous,No Elevation,Single Exercise,Rotational,Transverse Plane,Core,Other,Compound,Unilateral,
slam-ball-overhead-slam,Slam Ball Overhead Slam,https://youtu.be/k9W6g9LvXDI?si=r2ny_BUMtle93fEw,https://youtu.be/QxYhFwMd1Ks?si=hh_8HQ94iiDCrWVj,Novice,beginner,Abdominals,Rectus Abdominis,Latissimus Dorsi|Gluteus Maximus,Slam Ball,1,,0,Slam Ball,gym,Standing,Double Arm,Continuous,Neutral,Overhead,Continuous,No Elevation,Single Exercise,Spinal Flexion,Sagittal Plane,Full Body,Other,Compound,Bilateral,Ballistics
slam-ball-russian-twist,Slam Ball Russian Twist,https://youtu.be/qyZ0pAtgo_Y,,Novice,beginner,Abdominals,Obliques,Rectus Abdominis|Iliopsoas,Slam Ball,1,,0,Slam Ball,gym,Seated Floor,Double Arm,Continuous,Neutral,Other,Continuous,No Elevation,Single Exercise,Rotational,Transverse Plane,Core,Other,Compound,Bilateral,
slam-ball-squat-jump-overhead-slam,Slam Ball Squat Jump Overhead Slam,https://youtu.be/LcgWDIYgnhg?si=OWBjxnU5ZUG1gCzK,,Intermediate,intermediate,Abdominals,Rectus Abdominis,Latissimus Dorsi|Gluteus Maximus,Slam Ball,1,,0,Slam Ball,gym,Standing,Double Arm,Continuous,Neutral,Overhead,Continuous,No Elevation,Single Exercise,Spinal Flexion,Sagittal Plane,Full Body,Other,Compound,Bilateral,Plyometric
slam-ball-tall-kneeling-alternating-rotational-overhead-slam,Slam Ball Tall Kneeling Alternating Rotational Overhead Slam,https://youtu.be/UwWVqgePy2w?si=r4YTnAupde84IgyA,,Intermediate,intermediate,Abdominals,Obliques,Rectus Abdominis|Latissimus Dorsi,Slam Ball,1,,0,Slam Ball,gym,Tall Kneeling,Double Arm,Continuous,Neutral,Overhead,Continuous,No Elevation,Single Exercise,Rotational|Spinal Flexion,Transverse Plane,Full Body,Other,Compound,Bilateral,Ballistics
slam-ball-tall-kneeling-overhead-slam,Slam Ball Tall Kneeling Overhead Slam,https://youtu.be/LhCS360FBvA?si=NOWK4R-Br_tSVldj,https://youtu.be/yeE8VZhUPSE?si=ddsQXYx4p6ETZpMI,Novice,beginner,Abdominals,Rectus Abdominis,Latissimus Dorsi|Gluteus Maximus,Slam Ball,1,,0,Slam Ball,gym,Tall Kneeling,Double Arm,Continuous,Neutral,Overhead,Continuous,No Elevation,Single Exercise,Spinal Flexion,Sagittal Plane,Full Body,Other,Compound,Bilateral,Ballistics
sled-forward-drag,Sled Forward Drag,https://youtu.be/r5cW_epFjIw?si=VKB6obgn3EIvcAkZ,https://youtu.be/eOakNqRwNms?si=eWVVX_EecvbRl0Ib,Intermediate,intermediate,Quadriceps,Quadriceps Femoris,Gluteus Maximus|Gastrocnemius,Sled,1,Suspension Trainer,1,Sled|Suspension Trainer,gym,Walking,Double Arm,Continuous,Neutral,Other,Alternating,No Elevation,Single Exercise,Knee Dominant,Sagittal Plane,Lower Body,Pull,Compound,Unilateral,
sled-lateral-drag,Sled Lateral Drag,https://youtu.be/rGtYmX2aeAA?si=vGnxKaVzGlUTMmmQ,https://youtu.be/29zEijB8GRg?si=rZFz2AbXxO328WFR,Intermediate,intermediate,Abductors,Gluteus Medius,Adductor Magnus|Obliques,Sled,1,Suspension Trainer,1,Sled|Suspension Trainer,gym,Walking,Single Arm,Continuous,Pronated,Other,Alternating,No Elevation,Single Exercise,Lateral Locomotion|Hip Abduction|Anti-Lateral Flexion,Frontal Plane,Lower Body,Push,Compound,Unilateral,
sled-low-row,Sled Low Row,https://youtu.be/PvvNgvRwqXI?si=UMeSCbCrmSwbFJre,https://youtu.be/5qozf6XzqDg?si=i2E16OKVU9VjBZJ5,Intermediate,intermediate,Back,Latissimus Dorsi,Biceps Brachii,Sled,1,Suspension Trainer,1,Sled|Suspension Trainer,gym,Standing,Double Arm,Continuous,Neutral,Other,Continuous,No Elevation,Single Exercise,Horizontal Pull,Sagittal Plane,Upper Body,Pull,Compound,Bilateral,
sled-push,Sled Push,https://youtu.be/MbQWu3GdWfc?si=KbIZoybRZD3g6-FW,https://youtu.be/9XRRXaUpnLk?si=2IFvs6fVDMa6H8H-,Intermediate,intermediate,Quadriceps,Quadriceps Femoris,Gluteus Maximus|Gastrocnemius,Sled,1,,0,Sled,gym,Walking,Double Arm,Continuous,Neutral,Other,Alternating,No Elevation,Single Exercise,Knee Dominant,Sagittal Plane,Lower Body,Push,Compound,Unilateral,
sled-reverse-drag,Sled Reverse Drag,https://youtu.be/-L-M4f3qHZA?si=9IPQGch1yER949WQ,,Intermediate,intermediate,Quadriceps,Vastus Medialis,Gluteus Maximus|Biceps Femoris,Sled,1,Suspension Trainer,1,Sled|Suspension Trainer,gym,Walking,Double Arm,Continuous,Neutral,Other,Alternating,No Elevation,Single Exercise,Knee Dominant,Sagittal Plane,Lower Body,Pull,Compound,Unilateral,
sled-rope-pull,Sled Rope Pull,https://youtu.be/gdtO9qeaiCE?si=S9DCMUsrnQHGFG6p,,Intermediate,intermediate,Back,Latissimus Dorsi,Biceps Brachii|Brachioradialis,Sled,1,Battle Ropes,1,Sled|Battle Ropes,gym,Standing,Double Arm,Alternating,Neutral,Other,Continuous,No Elevation,Single Exercise,Horizontal Pull,Sagittal Plane,Upper Body,Pull,Compound,Unilateral,
sled-rope-seated-pull,Sled Rope Seated Pull,https://youtu.be/2E_kPuk5hvE?si=S5YhKa1bP3YcStRr,,Intermediate,intermediate,Back,Latissimus Dorsi,Biceps Brachii|Brachioradialis,Sled,1,Battle Ropes,1,Sled|Battle Ropes,gym,Seated,Double Arm,Alternating,Neutral,Other,Continuous,No Elevation,Single Exercise,Horizontal Pull,Sagittal Plane,Upper Body,Pull,Compound,Unilateral,
sled-sprint,Sled Sprint,https://youtu.be/LyN1Mt53HI4?si=D2E6-rpfLFoTHTc8&utm_source=MTQxZ,https://youtu.be/EIa4gGQEr1E?feature=shared&utm_source=MTQxZ,Intermediate,intermediate,Quadriceps,Quadriceps Femoris,Gluteus Maximus|Gastrocnemius,Sled,1,,0,Sled,gym,Running,Double Arm,Continuous,Neutral,Other,Alternating,No Elevation,Single Exercise,Knee Dominant,Sagittal Plane,Lower Body,Push,Compound,Unilateral,
slider-alternating-reach-push-up,Slider Alternating Reach Push Up,https://youtu.be/Rz_FBXCafls?si=wfY5MWfyEHQ-ZbZR,,Intermediate,intermediate,Chest,Pectoralis Major,Triceps Brachii,Sliders,1,,0,Sliders,gym,Prone,Double Arm,Alternating,Flat Palm,No Load,Continuous,No Elevation,Single Exercise,Horizontal Push,Sagittal Plane,Upper Body,Push,Compound,Unilateral,
slider-archer-push-up,Slider Archer Push Up,https://youtu.be/Pca41QxE7l4?si=HXkK4AvIOETo2UkI,,Advanced,advanced,Chest,Pectoralis Major,,Sliders,1,,0,Sliders,gym,Prone,Single Arm,Continuous,Flat Palm,No Load,Continuous,No Elevation,Single Exercise,Horizontal Push,Frontal Plane,Upper Body,Push,Compound,Unilateral,
slider-atomic-push-up,Slider Atomic Push Up,https://youtu.be/XsU1dAVQ04M?si=xZbKraABgDpY1zUM,https://youtu.be/xt3zs3eQuVM?si=I5aW-mu5DT50GUqg,Intermediate,intermediate,Chest,Pectoralis Major,Rectus Abdominis,Sliders,2,,0,Sliders,gym,Prone,Double Arm,Continuous,Flat Palm,No Load,Continuous,No Elevation,Single Exercise,Horizontal Push,Sagittal Plane,Upper Body,Push,Compound,Bilateral,
slider-barbell-back-rack-reverse-lunge,Slider Barbell Back Rack Reverse Lunge,https://youtu.be/svmnL4VOmdQ?si=LsXy5ZYYQ72FtD7F,,Intermediate,intermediate,Quadriceps,Quadriceps Femoris,Gluteus Maximus|Biceps Femoris,Sliders,1,Barbell,1,Sliders|Barbell,gym,Standing,Double Arm,Continuous,Pronated,Back Rack,Continuous,No Elevation,Single Exercise,Knee Dominant,Sagittal Plane,Lower Body,Push,Compound,Unilateral,Bodybuilding
slider-body-saw,Slider Body Saw,https://youtu.be/cC3nItw-szY?si=-UBQr2PgbT6bRuKh&utm_source=MTQxZ,https://youtu.be/7mRhqSp1MIA?si=h4a13nU0b6Gy2bZF,Novice,beginner,Abdominals,Rectus Abdominis,,Sliders,2,,0,Sliders,gym,Prone,Double Arm,Continuous,Forearm,No Load,Continuous,No Elevation,Single Exercise,Anti-Extension,Sagittal Plane,Core,Other,Compound,Bilateral,
slider-chest-fly,Slider Chest Fly,https://youtu.be/zjBV2T7K0Rg?si=_bwLTITNdt5K9Gvl,https://youtu.be/ipTU3nnZbcw?feature=shared,Intermediate,intermediate,Chest,Pectoralis Major,Anterior Deltoids|Biceps Brachii,Sliders,2,,0,Sliders,gym,Prone,Double Arm,Continuous,Flat Palm,No Load,Continuous,No Elevation,Single Exercise,Horizontal Adduction,Transverse Plane,Upper Body,Push,Isolation,Bilateral,
slider-curtsy-lunge,Slider Curtsy Lunge,https://youtu.be/3psxN3YA0wg?si=BW-ePbc5Pg6OJ8z6,,Novice,beginner,Quadriceps,Quadriceps Femoris,Gluteus Maximus|Adductor Magnus,Sliders,1,,0,Sliders,gym,Standing,No Arms,Continuous,No Grip,No Load,Continuous,No Elevation,Single Exercise,Knee Dominant,Frontal Plane,Lower Body,Push,Compound,Unilateral,Calisthenics
slider-double-dumbbell-front-rack-lateral-lunge,Slider Double Dumbbell Front Rack Lateral Lunge,https://youtu.be/EgG51yB1uZU?si=2CM1EcrBstAp5uOM,,Novice,beginner,Quadriceps,Quadriceps Femoris,Gluteus Maximus|Adductor Magnus,Sliders,1,Dumbbell,2,Sliders|Dumbbell,gym|dumbbells,Standing,Double Arm,Continuous,Neutral,Front Rack,Continuous,No Elevation,Single Exercise,Knee Dominant,Frontal Plane,Lower Body,Other,Compound,Unilateral,Bodybuilding
slider-double-dumbbell-front-rack-reverse-lunge,Slider Double Dumbbell Front Rack Reverse Lunge,https://youtu.be/RoS53TjR2QY?si=6bemyT1DeK6D_ziA,,Novice,beginner,Quadriceps,Quadriceps Femoris,Gluteus Maximus|Biceps Femoris,Sliders,1,Dumbbell,2,Sliders|Dumbbell,gym|dumbbells,Standing,Double Arm,Continuous,Neutral,Front Rack,Continuous,No Elevation,Single Exercise,Knee Dominant,Sagittal Plane,Lower Body,Push,Compound,Unilateral,Bodybuilding
slider-double-dumbbell-overhead-reverse-lunge,Slider Double Dumbbell Overhead Reverse Lunge,https://youtu.be/t27p0HCStHg?si=P5VidxzYpMaxRdyY,,Intermediate,intermediate,Quadriceps,Quadriceps Femoris,Gluteus Maximus|Biceps Femoris,Sliders,1,Dumbbell,2,Sliders|Dumbbell,gym|dumbbells,Standing,Double Arm,Continuous,Neutral,Overhead,Continuous,No Elevation,Single Exercise,Knee Dominant,Sagittal Plane,Lower Body,Push,Compound,Unilateral,Bodybuilding
slider-double-dumbbell-suitcase-lateral-lunge,Slider Double Dumbbell Suitcase Lateral Lunge,https://youtu.be/90Smo-K6RbY?si=kkqWO4ejlGrcq6rR,,Novice,beginner,Quadriceps,Quadriceps Femoris,Gluteus Maximus|Adductor Magnus,Sliders,1,Dumbbell,2,Sliders|Dumbbell,gym|dumbbells,Standing,Double Arm,Continuous,Neutral,Suitcase,Continuous,No Elevation,Single Exercise,Knee Dominant,Frontal Plane,Lower Body,Other,Compound,Unilateral,Bodybuilding
slider-double-dumbbell-suitcase-reverse-lunge,Slider Double Dumbbell Suitcase Reverse Lunge,https://youtu.be/jo1G9aygVIY?si=rDCyU7nAR0DQrhQr,,Novice,beginner,Quadriceps,Quadriceps Femoris,Gluteus Maximus|Biceps Femoris,Sliders,1,Dumbbell,2,Sliders|Dumbbell,gym|dumbbells,Standing,Double Arm,Continuous,Neutral,Suitcase,Continuous,No Elevation,Single Exercise,Knee Dominant,Sagittal Plane,Lower Body,Push,Compound,Unilateral,Bodybuilding
slider-double-kettlebell-front-rack-reverse-lunge,Slider Double Kettlebell Front Rack Reverse Lunge,https://youtu.be/-p1l0vXTtAU?si=ebEJZJZkoWYTDFbC,,Novice,beginner,Quadriceps,Quadriceps Femoris,Gluteus Maximus|Biceps Femoris,Sliders,1,Kettlebell,2,Sliders|Kettlebell,gym,Standing,Double Arm,Continuous,Neutral,Front Rack,Continuous,No Elevation,Single Exercise,Knee Dominant,Sagittal Plane,Lower Body,Push,Compound,Unilateral,Bodybuilding
slider-double-kettlebell-suitcase-lateral-lunge,Slider Double Kettlebell Suitcase Lateral Lunge,https://youtu.be/bAaaXP2xb8E?si=AOaxE4RzaGKjiq0h,,Novice,beginner,Quadriceps,Quadriceps Femoris,Gluteus Maximus|Adductor Magnus,Sliders,1,Kettlebell,2,Sliders|Kettlebell,gym,Standing,Double Arm,Continuous,Neutral,Suitcase,Continuous,No Elevation,Single Exercise,Knee Dominant,Frontal Plane,Lower Body,Other,Compound,Unilateral,Bodybuilding
slider-double-kettlebell-suitcase-reverse-lunge,Slider Double Kettlebell Suitcase Reverse Lunge,https://youtu.be/1SlpUMsiiiw?si=WnEVv0WTROHdU4eR,,Novice,beginner,Quadriceps,Quadriceps Femoris,Gluteus Maximus|Biceps Femoris,Sliders,1,Kettlebell,2,Sliders|Kettlebell,gym,Standing,Double Arm,Continuous,Neutral,Suitcase,Continuous,No Elevation,Single Exercise,Knee Dominant,Sagittal Plane,Lower Body,Push,Compound,Unilateral,Bodybuilding
slider-dumbbell-goblet-curtsy-lunge,Slider Dumbbell Goblet Curtsy Lunge,https://youtu.be/lyYXfpCV5ys?si=iACRC6Vlz_wbm5zc,,Novice,beginner,Quadriceps,Quadriceps Femoris,Gluteus Maximus|Adductor Magnus,Sliders,1,Dumbbell,1,Sliders|Dumbbell,gym|dumbbells,Standing,Double Arm,Continuous,Goblet,Front Rack,Continuous,No Elevation,Single Exercise,Knee Dominant,Frontal Plane,Lower Body,Push,Compound,Unilateral,Bodybuilding
slider-dumbbell-goblet-lateral-lunge,Slider Dumbbell Goblet Lateral Lunge,https://youtu.be/bN9sXaI7tdg?si=W3RoLGE6wUeZ8kQg,,Novice,beginner,Quadriceps,Quadriceps Femoris,Gluteus Maximus|Adductor Magnus,Sliders,1,Dumbbell,1,Sliders|Dumbbell,gym|dumbbells,Standing,Double Arm,Continuous,Goblet,Front Rack,Continuous,No Elevation,Single Exercise,Knee Dominant,Frontal Plane,Lower Body,Other,Compound,Unilateral,Bodybuilding
slider-dumbbell-goblet-reverse-lunge,Slider Dumbbell Goblet Reverse Lunge,https://youtu.be/tWmzgpoOUls?si=Fmrp6-y_e5qk2SNJ,,Novice,beginner,Quadriceps,Quadriceps Femoris,Gluteus Maximus|Biceps Femoris,Sliders,1,Dumbbell,1,Sliders|Dumbbell,gym|dumbbells,Standing,Double Arm,Continuous,Goblet,Front Rack,Continuous,No Elevation,Single Exercise,Knee Dominant,Sagittal Plane,Lower Body,Push,Compound,Unilateral,Bodybuilding
slider-eccentric-hamstring-curl,Slider Eccentric Hamstring Curl,https://youtu.be/vcCVej7p_vc,,Beginner,beginner,Hamstrings,Biceps Femoris,Gluteus Maximus,Sliders,2,,0,Sliders,gym,Supine,No Arms,Continuous,No Grip,No Load,Continuous,No Elevation,Single Exercise,Knee Dominant,Sagittal Plane,Lower Body,Pull,Isolation,Bilateral,
slider-hamstring-curl,Slider Hamstring Curl,https://youtu.be/UaecXxAgsKA,https://youtu.be/TKSOQvvYW00,Novice,beginner,Hamstrings,Biceps Femoris,Gluteus Maximus,Sliders,2,,0,Sliders,gym,Supine,No Arms,Continuous,No Grip,No Load,Continuous,No Elevation,Single Exercise,Knee Dominant,Sagittal Plane,Lower Body,Pull,Isolation,Bilateral,
slider-kettlebell-goblet-reverse-lunge,Slider Kettlebell Goblet Reverse Lunge,https://youtu.be/8k08cvYq-n8?si=bbPqV1XKB99kPfpP,,Novice,beginner,Quadriceps,Quadriceps Femoris,Gluteus Maximus|Biceps Femoris,Sliders,1,Kettlebell,1,Sliders|Kettlebell,gym,Standing,Double Arm,Continuous,Goblet,Front Rack,Continuous,No Elevation,Single Exercise,Knee Dominant,Sagittal Plane,Lower Body,Push,Compound,Unilateral,Bodybuilding
slider-kettlebell-horn-grip-lateral-lunge,Slider Kettlebell Horn Grip Lateral Lunge,https://youtu.be/OsP6_mqxBDI?si=Kdp1ECOmqjUFcNM9,,Novice,beginner,Quadriceps,Quadriceps Femoris,Gluteus Maximus|Adductor Magnus,Sliders,1,Kettlebell,1,Sliders|Kettlebell,gym,Standing,Double Arm,Continuous,Horn Grip,Front Rack,Continuous,No Elevation,Single Exercise,Knee Dominant,Frontal Plane,Lower Body,Other,Compound,Unilateral,Bodybuilding
slider-kettlebell-horn-grip-reverse-lunge,Slider Kettlebell Horn Grip Reverse Lunge,https://youtu.be/wRgS5ObhBdQ?si=jFFxWIOs9ZRlGwqN,,Novice,beginner,Quadriceps,Quadriceps Femoris,Gluteus Maximus|Biceps Femoris,Sliders,1,Kettlebell,1,Sliders|Kettlebell,gym,Standing,Double Arm,Continuous,Horn Grip,Front Rack,Continuous,No Elevation,Single Exercise,Knee Dominant,Sagittal Plane,Lower Body,Push,Compound,Unilateral,Bodybuilding
slider-knee-tuck,Slider Knee Tuck,https://youtu.be/vx9j9l18pyE?si=U7boXKing8U74cQZ,https://youtu.be/ViOihbu9BAA,Novice,beginner,Abdominals,Rectus Abdominis,,Sliders,2,,0,Sliders,gym,Prone,Double Arm,Continuous,Flat Palm,No Load,Continuous,No Elevation,Single Exercise,Spinal Flexion,Sagittal Plane,Core,Other,Compound,Bilateral,
slider-kneeling-alternating-reach-push-up,Slider Kneeling Alternating Reach Push Up,https://youtu.be/1UD0dTGE04w?si=q2odI18mbdJTtPDF,https://youtu.be/oYUVkU3sTlU?si=BucGpPP9NcSfH6Sn,Novice,beginner,Chest,Pectoralis Major,Triceps Brachii,Sliders,2,,0,Sliders,gym,Kneeling,Double Arm,Alternating,Flat Palm,No Load,Continuous,No Elevation,Single Exercise,Horizontal Push,Sagittal Plane,Upper Body,Push,Compound,Unilateral,
slider-kneeling-chest-fly,Slider Kneeling Chest Fly,https://youtu.be/zVYCZvgemlg?si=-a8bJrHDZxw6HPUH,https://youtu.be/_ufp56PW80A?feature=shared,Novice,beginner,Chest,Pectoralis Major,Anterior Deltoids|Biceps Brachii,Sliders,2,,0,Sliders,gym,Kneeling,Double Arm,Continuous,Flat Palm,No Load,Continuous,No Elevation,Single Exercise,Horizontal Adduction,Transverse Plane,Upper Body,Push,Isolation,Bilateral,
slider-kneeling-reach-push-up,Slider Kneeling Reach Push Up,https://youtu.be/-RTSF7qbrhs?si=hznPEKw9aLONjGpz,,Novice,beginner,Chest,Pectoralis Major,Triceps Brachii,Sliders,1,,0,Sliders,gym,Kneeling,Single Arm,Continuous,Flat Palm,No Load,Continuous,No Elevation,Single Exercise,Horizontal Push,Sagittal Plane,Upper Body,Push,Compound,Unilateral,
slider-kneeling-rollout,Slider Kneeling Rollout,https://youtu.be/1ZFeqxlx-po?si=JUko8jYOJ3fI_TxM,https://youtu.be/VEEuMSWlli4?feature=shared,Intermediate,intermediate,Abdominals,Rectus Abdominis,Latissimus Dorsi|Serratus Anterior,Sliders,2,,0,Sliders,gym,Kneeling,Double Arm,Continuous,Flat Palm,No Load,Continuous,No Elevation,Single Exercise,Anti-Extension,Sagittal Plane,Core,Other,Compound,Bilateral,
slider-landmine-shoulder-contralateral-reverse-lunge,Slider Landmine Shoulder Contralateral Reverse Lunge,https://youtu.be/EKtY3UJFmTg?si=_1L9MCgCQ4f1c_fB,,Intermediate,intermediate,Quadriceps,Quadriceps Femoris,Gluteus Maximus|Biceps Femoris,Sliders,1,Landmine,1,Sliders|Landmine,gym,Standing,Single Arm,Continuous,Neutral,Shoulder,Continuous,No Elevation,Single Exercise,Knee Dominant,Sagittal Plane,Lower Body,Push,Compound,Contralateral,Bodybuilding
slider-lateral-lunge,Slider Lateral Lunge,https://youtu.be/Gj12f62lLeM?si=VhTsZJu7DxtPvx73,,Beginner,beginner,Quadriceps,Quadriceps Femoris,Gluteus Maximus|Adductor Magnus,Sliders,1,,0,Sliders,gym,Standing,No Arms,Continuous,No Grip,No Load,Continuous,No Elevation,Single Exercise,Knee Dominant,Frontal Plane,Lower Body,Other,Compound,Unilateral,Bodybuilding
slider-mountain-climber,Slider Mountain Climber,https://youtu.be/fjHQIVIPLHY,https://youtu.be/jNoFTnT6QEg?si=Ifucn1FF5b_Hxnq5&utm_source=MTQxZ,Novice,beginner,Abdominals,Rectus Abdominis,Iliopsoas|Anterior Deltoids,Sliders,2,,0,Sliders,gym,Prone,Double Arm,Continuous,Flat Palm,No Load,Alternating,No Elevation,Single Exercise,Anti-Extension|Spinal Flexion,Sagittal Plane,Core,Other,Compound,Unilateral,
slider-parallette-knee-tuck,Slider Parallette Knee Tuck,https://youtu.be/Kj89v76f-l8?si=_B0Uc1Xs1x1S0G_M,,Novice,beginner,Abdominals,Rectus Abdominis,,Sliders,2,Parallette Bars,2,Sliders|Parallette Bars,gym,Prone,Double Arm,Continuous,Neutral,No Load,Continuous,No Elevation,Single Exercise,Spinal Flexion,Sagittal Plane,Core,Other,Compound,Bilateral,
slider-parallette-mountain-climber,Slider Parallette Mountain Climber,https://youtu.be/lmtz6T204No?si=jbae97NKFny9b463,,Novice,beginner,Abdominals,Rectus Abdominis,Iliopsoas|Anterior Deltoids,Sliders,2,Parallette Bars,2,Sliders|Parallette Bars,gym,Prone,Double Arm,Continuous,Neutral,No Load,Alternating,No Elevation,Single Exercise,Anti-Extension|Spinal Flexion,Sagittal Plane,Core,Other,Compound,Unilateral,
slider-pike,Slider Pike,https://youtu.be/vB803WCcQDk?si=hXUn4t23jP7Bn6R8,https://youtu.be/dIhjNYsITbc,Advanced,advanced,Abdominals,Rectus Abdominis,,Sliders,2,,0,Sliders,gym,Prone,Double Arm,Continuous,Flat Palm,No Load,Continuous,No Elevation,Single Exercise,Spinal Flexion,Sagittal Plane,Core,Other,Compound,Bilateral,
slider-plank-jack,Slider Plank Jack,https://youtu.be/lM33VtF6SCg?si=JG_kyBmQ8H-MspnB&utm_source=MTQxZ,https://youtu.be/_qA7Y5THdy4?si=N7XpQwI0fEXBPukL&utm_source=MTQxZ,Novice,beginner,Abdominals,Rectus Abdominis,,Sliders,2,,0,Sliders,gym,Prone,Double Arm,Continuous,Forearm,No Load,Continuous,No Elevation,Single Exercise,Spinal Flexion,Sagittal Plane,Core,Other,Compound,Bilateral,
slider-reach-push-up,Slider Reach Push Up,https://youtu.be/7OwOfbA13Nw?feature=shared,,Intermediate,intermediate,Chest,Pectoralis Major,Triceps Brachii,Sliders,1,,0,Sliders,gym,Prone,Single Arm,Continuous,Flat Palm,No Load,Continuous,No Elevation,Single Exercise,Horizontal Push,Sagittal Plane,Upper Body,Push,Compound,Unilateral,
slider-reverse-lunge,Slider Reverse Lunge,https://youtu.be/X9swqObTGJw?si=Qpxrkq0cR0xf5eiU,,Beginner,beginner,Quadriceps,Quadriceps Femoris,Gluteus Maximus|Biceps Femoris,Sliders,1,,0,Sliders,gym,Standing,No Arms,Continuous,No Grip,No Load,Continuous,No Elevation,Single Exercise,Knee Dominant,Sagittal Plane,Lower Body,Push,Compound,Unilateral,Bodybuilding
slider-sandbag-back-rack-lateral-lunge,Slider Sandbag Back Rack Lateral Lunge,https://youtu.be/GkANtw3THOg?si=LWzQCihOFKfrRvJz,,Novice,beginner,Quadriceps,Quadriceps Femoris,Gluteus Maximus|Adductor Magnus,Sliders,1,Sandbag,1,Sliders|Sandbag,gym,Standing,Double Arm,Continuous,Neutral,Back Rack,Continuous,No Elevation,Single Exercise,Knee Dominant,Frontal Plane,Lower Body,Other,Compound,Unilateral,Bodybuilding
slider-single-arm-dumbbell-front-rack-contralateral-reverse-lunge,Slider Single Arm Dumbbell Front Rack Contralateral Reverse Lunge,https://youtu.be/t8OkcdLjRFQ,,Novice,beginner,Quadriceps,Quadriceps Femoris,Gluteus Maximus|Biceps Femoris,Sliders,1,Dumbbell,1,Sliders|Dumbbell,gym|dumbbells,Standing,Single Arm,Continuous,Neutral,Front Rack,Continuous,No Elevation,Single Exercise,Knee Dominant,Sagittal Plane,Lower Body,Push,Compound,Contralateral,Bodybuilding
slider-single-arm-dumbbell-low-hold-contralateral-lateral-lunge,Slider Single Arm Dumbbell Low Hold Contralateral Lateral Lunge,https://youtu.be/QJ_WNRYaM-s?feature=shared,,Novice,beginner,Quadriceps,Quadriceps Femoris,Gluteus Maximus|Adductor Magnus,Sliders,1,Dumbbell,1,Sliders|Dumbbell,gym|dumbbells,Standing,Single Arm,Continuous,Neutral,Low Hold,Continuous,No Elevation,Single Exercise,Knee Dominant,Frontal Plane,Lower Body,Other,Compound,Contralateral,Bodybuilding
slider-single-arm-dumbbell-suitcase-contralateral-reverse-lunge,Slider Single Arm Dumbbell Suitcase Contralateral Reverse Lunge,https://youtu.be/MAiTY-4x82Q?si=zKIXO7qWRH9Fp9yh,https://youtu.be/v9gwDwAgT-w?feature=shared,Novice,beginner,Quadriceps,Quadriceps Femoris,Gluteus Maximus|Biceps Femoris,Sliders,1,Dumbbell,1,Sliders|Dumbbell,gym|dumbbells,Standing,Single Arm,Continuous,Neutral,Suitcase,Continuous,No Elevation,Single Exercise,Knee Dominant|Anti-Lateral Flexion,Sagittal Plane,Lower Body,Push,Compound,Contralateral,Bodybuilding
slider-single-arm-kettlebell-front-rack-contralateral-reverse-lunge,Slider Single Arm Kettlebell Front Rack Contralateral Reverse Lunge,https://youtu.be/iRHrBseKm0k?si=X-TqbB38SGkCSqnE,,Novice,beginner,Quadriceps,Quadriceps Femoris,Gluteus Maximus|Biceps Femoris,Sliders,1,Kettlebell,1,Sliders|Kettlebell,gym,Standing,Single Arm,Continuous,Neutral,Front Rack,Continuous,No Elevation,Single Exercise,Knee Dominant,Sagittal Plane,Lower Body,Push,Compound,Contralateral,Bodybuilding
slider-single-arm-kettlebell-front-rack-ipsilateral-lateral-lunge,Slider Single Arm Kettlebell Front Rack Ipsilateral Lateral Lunge,https://youtu.be/q56KJzFPbz4?si=QBb7bgZdSeYK7Q0i,https://youtu.be/OCKL8G3UCKE?si=2LEwtBHn0aShvwJZ,Novice,beginner,Quadriceps,Quadriceps Femoris,Gluteus Maximus|Adductor Magnus,Sliders,1,Kettlebell,1,Sliders|Kettlebell,gym,Standing,Single Arm,Continuous,Neutral,Front Rack,Continuous,No Elevation,Single Exercise,Knee Dominant,Frontal Plane,Lower Body,Other,Compound,Ipsilateral,Bodybuilding
slider-single-arm-kettlebell-front-rack-ipsilateral-reverse-lunge,Slider Single Arm Kettlebell Front Rack Ipsilateral Reverse Lunge,https://youtu.be/7wCLqLLyHh0?si=hFc7L_yPlG-KnZVg,,Novice,beginner,Quadriceps,Quadriceps Femoris,Latissimus Dorsi|Biceps Femoris,Sliders,1,Kettlebell,1,Sliders|Kettlebell,gym,Standing,Single Arm,Continuous,Neutral,Front Rack,Continuous,No Elevation,Single Exercise,Knee Dominant,Sagittal Plane,Lower Body,Push,Compound,Ipsilateral,Bodybuilding
slider-single-arm-kettlebell-low-hold-contralateral-lateral-lunge,Slider Single Arm Kettlebell Low Hold Contralateral Lateral Lunge,https://youtu.be/W22ESpzYHdY?si=Vh4542ktziwY39x1,https://youtu.be/3OIpp5SYWYA?si=8fkHeY1Tefkk63MJ,Novice,beginner,Quadriceps,Quadriceps Femoris,Gluteus Maximus|Adductor Magnus,Sliders,1,Kettlebell,1,Sliders|Kettlebell,gym,Standing,Single Arm,Continuous,Neutral,Low Hold,Continuous,No Elevation,Single Exercise,Knee Dominant,Frontal Plane,Lower Body,Other,Compound,Contralateral,Bodybuilding
slider-single-arm-kettlebell-suitcase-contralateral-curtsy-lunge,Slider Single Arm Kettlebell Suitcase Contralateral Curtsy Lunge,https://youtu.be/Bu50PXycHv8?si=SlReQTpVRUbKnVsC,,Novice,beginner,Quadriceps,Quadriceps Femoris,Gluteus Maximus|Adductor Magnus,Sliders,1,Kettlebell,1,Sliders|Kettlebell,gym,Standing,Single Arm,Continuous,Neutral,Suitcase,Continuous,No Elevation,Single Exercise,Knee Dominant|Anti-Lateral Flexion,Frontal Plane,Lower Body,Push,Compound,Contralateral,Bodybuilding
slider-single-arm-kettlebell-suitcase-contralateral-reverse-lunge,Slider Single Arm Kettlebell Suitcase Contralateral Reverse Lunge,https://youtu.be/5D-hSAvpFls?si=2EfexeMUADw51Wu2,,Novice,beginner,Quadriceps,Quadriceps Femoris,Gluteus Maximus|Biceps Femoris,Sliders,1,Kettlebell,1,Sliders|Kettlebell,gym,Standing,Single Arm,Continuous,Neutral,Suitcase,Continuous,No Elevation,Single Exercise,Knee Dominant|Anti-Lateral Flexion,Sagittal Plane,Lower Body,Push,Compound,Contralateral,Bodybuilding
slider-single-arm-kettlebell-suitcase-ipsilateral-reverse-lunge,Slider Single Arm Kettlebell Suitcase Ipsilateral Reverse Lunge,https://youtu.be/DS-pvuh8VEo?si=KEDC31EUxCubFjGj,,Novice,beginner,Quadriceps,Quadriceps Femoris,Gluteus Maximus|Biceps Femoris,Sliders,1,Kettlebell,1,Sliders|Kettlebell,gym,Standing,Single Arm,Continuous,Neutral,Suitcase,Continuous,No Elevation,Single Exercise,Knee Dominant|Anti-Lateral Flexion,Sagittal Plane,Lower Body,Push,Compound,Ipsilateral,Bodybuilding
slider-single-arm-landmine-suitcase-contralateral-reverse-lunge,Slider Single Arm Landmine Suitcase Contralateral Reverse Lunge,https://youtu.be/XUrqwdRtU54?si=i9PTTagf_EVKwx0j,,Novice,beginner,Quadriceps,Quadriceps Femoris,Gluteus Maximus|Biceps Femoris,Sliders,1,Landmine,1,Sliders|Landmine,gym,Standing,Single Arm,Continuous,Neutral,Suitcase,Continuous,No Elevation,Single Exercise,Knee Dominant|Anti-Lateral Flexion,Sagittal Plane,Lower Body,Push,Compound,Contralateral,Bodybuilding
slider-single-leg-eccentric-hamstring-curl,Slider Single Leg Eccentric Hamstring Curl,https://youtu.be/yAOulKW0al4,https://youtu.be/dE5d39sErBU,Intermediate,intermediate,Hamstrings,Biceps Femoris,Gluteus Maximus,Sliders,1,,0,Sliders,gym,Supine,No Arms,Continuous,No Grip,No Load,Continuous,No Elevation,Single Exercise,Knee Dominant,Sagittal Plane,Lower Body,Pull,Isolation,Unilateral,
slider-single-leg-hamstring-curl,Slider Single Leg Hamstring Curl,https://youtu.be/MBoaZQwukmw?si=uMFzO0l7TuqVArPp,,Advanced,advanced,Hamstrings,Biceps Femoris,Gluteus Maximus,Sliders,1,,0,Sliders,gym,Supine,No Arms,Continuous,No Grip,No Load,Continuous,No Elevation,Single Exercise,Knee Dominant,Sagittal Plane,Lower Body,Pull,Isolation,Unilateral,Bodybuilding
slider-standing-rollout,Slider Standing Rollout,https://youtu.be/CR3CS7qhG_s?si=OjHoBQJlQQrmEXfw,,Advanced,advanced,Abdominals,Rectus Abdominis,Latissimus Dorsi|Serratus Anterior,Sliders,2,,0,Sliders,gym,Standing,Double Arm,Continuous,Flat Palm,No Load,Continuous,No Elevation,Single Exercise,Anti-Extension,Sagittal Plane,Core,Other,Compound,Bilateral,
slider-wide-mountain-climber,Slider Wide Mountain Climber,https://youtu.be/d64d_6PE9fY,,Intermediate,intermediate,Abdominals,Rectus Abdominis,Iliopsoas|Anterior Deltoids,Sliders,2,,0,Sliders,gym,Prone,Double Arm,Continuous,Flat Palm,No Load,Alternating,No Elevation,Single Exercise,Anti-Extension|Spinal Flexion,Frontal Plane,Core,Other,Compound,Unilateral,
stability-ball-body-saw,Stability Ball Body Saw,https://youtu.be/fgP2oii-GiQ?si=mbhNYj3pW612wBRY,https://youtu.be/7vsBQIR3Mfc?si=2DY9VK3jUbXwHnQ6,Novice,beginner,Abdominals,Rectus Abdominis,,Stability Ball,1,,0,Stability Ball,gym,Prone,Double Arm,Continuous,Forearm,No Load,Continuous,No Elevation,Single Exercise,Anti-Extension,Sagittal Plane,Core,Other,Compound,Bilateral,
stability-ball-bulgarian-split-squat,Stability Ball Bulgarian Split Squat,https://youtu.be/NqNgdW_cvIg?si=KoSk_5f75bTzur4R,,Intermediate,intermediate,Quadriceps,Quadriceps Femoris,Gluteus Maximus|Biceps Femoris,Stability Ball,1,,0,Stability Ball,gym,Single Leg Supported,No Arms,Continuous,No Grip,No Load,Continuous,Foot Elevated (Rear),Single Exercise,Knee Dominant,Sagittal Plane,Lower Body,Push,Compound,Unilateral,Bodybuilding
stability-ball-cable-preacher-curl,Stability Ball Cable Preacher Curl,https://youtu.be/uEjtuyC6-bc,,Novice,beginner,Biceps,Biceps Brachii,Brachialis|Brachioradialis,Stability Ball,1,Cable,1,Stability Ball|Cable,gym,Prone,Double Arm,Continuous,Supinated,Other,Continuous,No Elevation,Single Exercise,Elbow Flexion,Sagittal Plane,Upper Body,Pull,Isolation,Bilateral,Bodybuilding
stability-ball-cable-russian-twist,Stability Ball Cable Russian Twist,https://youtu.be/4ESBjh2BcdE,https://youtu.be/yckjJqPMyaY,Novice,beginner,Abdominals,Obliques,Rectus Abdominis|Iliopsoas,Stability Ball,1,Cable,1,Stability Ball|Cable,gym,Supine,Double Arm,Continuous,Neutral,Other,Continuous,No Elevation,Single Exercise,Rotational,Transverse Plane,Core,Other,Compound,Bilateral,
stability-ball-copenhagen-plank,Stability Ball Copenhagen Plank,https://youtu.be/-2epiOMX6MA?si=uVZg_03GZULcCJ7F,https://youtu.be/aMh9KnHyJB8?si=WZf_Ph83rWi8kBN5,Intermediate,intermediate,Adductors,Adductor Magnus,,Stability Ball,1,,0,Stability Ball,gym,Side Plank,Single Arm,Continuous,Forearm,No Load,Continuous,Foot Elevated (Side),Single Exercise,Hip Adduction,Frontal Plane,Lower Body,Other,Compound,Unilateral,
stability-ball-crunch,Stability Ball Crunch,https://youtu.be/O4d3kd1ZLyc?si=xAr_I7jNLwrDm7lL,https://youtu.be/sUMW-xhzI84,Beginner,beginner,Abdominals,Rectus Abdominis,Iliopsoas|Obliques,Stability Ball,1,,0,Stability Ball,gym,Supine,No Arms,Continuous,Head Supported,No Load,Continuous,No Elevation,Single Exercise,Spinal Flexion,Sagittal Plane,Core,Other,Compound,Bilateral,
stability-ball-dead-bug,Stability Ball Dead Bug,https://youtu.be/5jDEulwWs04,https://www.youtube.com/watch?v=Sa4ZWmnSC5o,Beginner,beginner,Abdominals,Rectus Abdominis,Obliques|Rectus Femoris,Stability Ball,1,,0,Stability Ball,gym,Supine,Single Arm,Alternating,Neutral,Other,Alternating,No Elevation,Single Exercise,Anti-Extension,Sagittal Plane,Core,Other,Compound,Contralateral,Postural
stability-ball-double-dumbbell-chest-fly,Stability Ball Double Dumbbell Chest Fly,https://youtu.be/pHsw9uHVXWA?si=0LlXNPKcyTKyfgU4,https://youtu.be/XrtKbiQdblE,Beginner,beginner,Chest,Pectoralis Major,Anterior Deltoids|Biceps Brachii,Stability Ball,1,Dumbbell,2,Stability Ball|Dumbbell,gym|dumbbells,Supine,Double Arm,Continuous,Neutral,Above Chest,Continuous,No Elevation,Single Exercise,Horizontal Adduction,Transverse Plane,Upper Body,Push,Isolation,Bilateral,
stability-ball-double-dumbbell-seated-arnold-press,Stability Ball Double Dumbbell Seated Arnold Press,https://youtu.be/4Hwcp9HP9D4,,Beginner,beginner,Shoulders,Anterior Deltoids,Triceps Brachii,Stability Ball,1,Dumbbell,2,Stability Ball|Dumbbell,gym|dumbbells,Seated,Double Arm,Continuous,Pronated,Overhead,Continuous,No Elevation,Single Exercise,Vertical Push,Sagittal Plane,Upper Body,Push,Compound,Bilateral,
stability-ball-double-dumbbell-seated-scaption,Stability Ball Double Dumbbell Seated Scaption,https://youtu.be/PKgkMmXAVUs,,Beginner,beginner,Shoulders,Anterior Deltoids,Supraspinatus|Serratus Anterior,Stability Ball,1,Dumbbell,2,Stability Ball|Dumbbell,gym|dumbbells,Seated,Double Arm,Continuous,Neutral,Other,Continuous,No Elevation,Single Exercise,Shoulder Scapular Plane Elevation,,Upper Body,,Isolation,Bilateral,
stability-ball-dumbbell-hip-thrust,Stability Ball Dumbbell Hip Thrust,https://youtu.be/x4lc8HocO1c,,Beginner,beginner,Glutes,Gluteus Maximus,Biceps Femoris|Quadriceps Femoris,Stability Ball,1,Dumbbell,1,Stability Ball|Dumbbell,gym|dumbbells,Bridge,Double Arm,Continuous,Neutral,Hip Crease,Continuous,No Elevation,Single Exercise,Hip Extension,Sagittal Plane,Lower Body,,Compound,Bilateral,Bodybuilding
stability-ball-dumbbell-pullover,Stability Ball Dumbbell Pullover,https://youtu.be/TI1gb3GFUVA,https://youtu.be/clxR72S_Gpo,Beginner,beginner,Back,Latissimus Dorsi,Pectoralis Major|Triceps Brachii,Stability Ball,1,Dumbbell,1,Stability Ball|Dumbbell,gym|dumbbells,Supine,Double Arm,Continuous,Flat Palm,Above Chest,Continuous,No Elevation,Single Exercise,,Sagittal Plane,Upper Body,Pull,Compound,Bilateral,Bodybuilding
stability-ball-feet-elevated-crunch,Stability Ball Feet Elevated Crunch,https://youtu.be/ByXVlY2L3nw,https://youtu.be/meo3bhh8NPk,Beginner,beginner,Abdominals,Rectus Abdominis,Iliopsoas|Obliques,Stability Ball,1,,0,Stability Ball,gym,Supine,No Arms,Continuous,Head Supported,No Load,Continuous,Feet Elevated,Single Exercise,Spinal Flexion,Sagittal Plane,Core,Other,Isolation,Bilateral,
stability-ball-feet-elevated-diamond-push-up,Stability Ball Feet Elevated Diamond Push Up,https://youtu.be/-2fkjhJfcP8,,Intermediate,intermediate,Triceps,Triceps Brachii,Pectoralis Major|Anterior Deltoids,Stability Ball,1,,0,Stability Ball,gym,Prone,Double Arm,Continuous,Flat Palm,No Load,Continuous,Feet Elevated,Single Exercise,Horizontal Push,Sagittal Plane,Upper Body,Push,Compound,Bilateral,
stability-ball-feet-elevated-frog-pump,Stability Ball Feet Elevated Frog Pump,https://youtu.be/Rc5e-DsD--M,,Novice,beginner,Glutes,Gluteus Maximus,Biceps Femoris|Adductor Magnus,Stability Ball,1,,0,Stability Ball,gym,Bridge,No Arms,Continuous,No Grip,No Load,Continuous,Feet Elevated,Single Exercise,Hip Extension,Sagittal Plane,Lower Body,,Compound,Bilateral,
stability-ball-feet-elevated-glute-bridge,Stability Ball Feet Elevated Glute Bridge,https://youtu.be/8Ta_A9vAEGs?si=pSj3gDFijzwcALE4,,Novice,beginner,Glutes,Gluteus Maximus,Biceps Femoris|Erector Spinae,Stability Ball,1,,0,Stability Ball,gym,Bridge,No Arms,Continuous,No Grip,No Load,Continuous,Feet Elevated,Single Exercise,Hip Extension,Sagittal Plane,Lower Body,,Compound,Bilateral,Bodybuilding
stability-ball-feet-elevated-oblique-crunch,Stability Ball Feet Elevated Oblique Crunch,https://youtu.be/fZZK29dMla0?si=BQpGveG4S8WqLjzv,,Beginner,beginner,Abdominals,Obliques,Rectus Abdominis|Iliopsoas,Stability Ball,1,,0,Stability Ball,gym,Supine,No Arms,Continuous,Head Supported,No Load,Continuous,Feet Elevated,Single Exercise,Rotational|Spinal Flexion,Transverse Plane,Core,Other,Compound,Bilateral,
stability-ball-feet-elevated-plank,Stability Ball Feet Elevated Plank,https://youtu.be/MepSU7ua6Dw?si=wDktIQCYf3BtFlRS&utm_source=MTQxZ,https://youtu.be/7f_htgPOAYQ?si=oCp3TURwXZ6IroMC&utm_source=MTQxZ,Novice,beginner,Abdominals,Rectus Abdominis,,Stability Ball,1,,0,Stability Ball,gym,Prone,Double Arm,Continuous,Flat Palm,No Load,Continuous,Feet Elevated,Single Exercise,Anti-Extension,Sagittal Plane,Core,Other,Compound,Bilateral,
stability-ball-feet-elevated-russian-twist,Stability Ball Feet Elevated Russian Twist,https://youtu.be/gyTX0ttszBs?si=mR6_J7SkVOuRHrQN,,Novice,beginner,Abdominals,Obliques,Rectus Abdominis|Iliopsoas,Stability Ball,1,,0,Stability Ball,gym,Seated Floor,Double Arm,Continuous,Neutral,Other,Continuous,No Elevation,Single Exercise,Rotational,Transverse Plane,Core,Other,Compound,Bilateral,
stability-ball-feet-elevated-single-arm-forearm-plank,Stability Ball Feet Elevated Single Arm Forearm Plank,https://youtu.be/PAFvOAPjKwk,,Expert,advanced,Abdominals,Rectus Abdominis,,Stability Ball,1,,0,Stability Ball,gym,Prone,Single Arm,Continuous,Forearm,No Load,Continuous,Feet Elevated,Single Exercise,Anti-Rotational|Anti-Extension,Sagittal Plane,Core,Other,Compound,Unilateral,
stability-ball-forearm-plank,Stability Ball Forearm Plank,https://youtu.be/4xODTD0UL-o?si=TSlUT4Fa309FslEb,https://youtu.be/kKVwsBI3CbE,Novice,beginner,Abdominals,Rectus Abdominis,,Stability Ball,1,,0,Stability Ball,gym,Prone,Double Arm,Continuous,Forearm,No Load,Continuous,No Elevation,Single Exercise,Anti-Extension,Frontal Plane,Core,Other,Compound,Bilateral,
stability-ball-frog-reverse-hyperextension,Stability Ball Frog Reverse Hyperextension,https://youtu.be/iiQueNJKmVQ?si=Ty5Dh9uswMacl2Jd,,Novice,beginner,Glutes,Gluteus Maximus,,Stability Ball,1,,0,Stability Ball,gym,Prone,Double Arm,Continuous,Neutral,No Load,Continuous,No Elevation,Single Exercise,Hip Extension,Sagittal Plane,Lower Body,,Isolation,Bilateral,Bodybuilding
stability-ball-hamstring-curl,Stability Ball Hamstring Curl,https://youtu.be/d-FBclT8W0g?si=wl1sJCzk2Z5PCnwx,https://youtu.be/WNB90xXLEOg,Novice,beginner,Hamstrings,Biceps Femoris,Gluteus Maximus,Stability Ball,1,,0,Stability Ball,gym,Supine,No Arms,Continuous,No Grip,Other,Continuous,Feet Elevated,Single Exercise,Knee Dominant,Sagittal Plane,Lower Body,Pull,Isolation,Bilateral,
stability-ball-hip-thrust,Stability Ball Hip Thrust,https://youtu.be/4azLK_5vOqY?si=bceKCFzhvhSW5jXe,https://youtu.be/awrONjSvtNU,Beginner,beginner,Glutes,Gluteus Maximus,Biceps Femoris|Quadriceps Femoris,Stability Ball,1,,0,Stability Ball,gym,Bridge,No Arms,Continuous,No Grip,No Load,Continuous,No Elevation,Single Exercise,Hip Extension,Sagittal Plane,Lower Body,,Compound,Bilateral,Bodybuilding
stability-ball-hyperextension,Stability Ball Hyperextension,https://youtu.be/bmRTtzOOiVM,https://youtu.be/QpIyEK1C8Ig,Novice,beginner,Back,Erector Spinae,,Stability Ball,1,,0,Stability Ball,gym,Prone,Double Arm,Continuous,Head Supported,No Load,Continuous,No Elevation,Single Exercise,Hip Hinge,Sagittal Plane,Core,,Isolation,Bilateral,
stability-ball-knee-tuck,Stability Ball Knee Tuck,https://youtu.be/Q8MnsYG5sbk?si=8Aln2doES1PVTKQP,https://youtu.be/PbCgRWzQPc8,Novice,beginner,Abdominals,Rectus Abdominis,,Stability Ball,1,,0,Stability Ball,gym,Prone,Double Arm,Continuous,Flat Palm,No Load,Continuous,Feet Elevated,Single Exercise,Spinal Flexion,Sagittal Plane,Core,Other,Compound,Bilateral,
stability-ball-kneeling-body-saw,Stability Ball Kneeling Body Saw,https://youtu.be/pYy3IaD55OM?si=zoWOIZ-SmoJywASH,,Beginner,beginner,Abdominals,Rectus Abdominis,,Stability Ball,1,,0,Stability Ball,gym,Kneeling,Double Arm,Continuous,Forearm,No Load,Continuous,No Elevation,Single Exercise,Anti-Extension,Sagittal Plane,Core,Other,Compound,Bilateral,
stability-ball-kneeling-rollout,Stability Ball Kneeling Rollout,https://youtu.be/gi38qGKDzXY?si=XCqiGVtu482eeeTP,https://youtu.be/2UQx-1dxyY8,Beginner,beginner,Abdominals,Rectus Abdominis,Latissimus Dorsi|Serratus Anterior,Stability Ball,1,,0,Stability Ball,gym,Kneeling,Double Arm,Continuous,Forearm,No Load,Continuous,No Elevation,Single Exercise,Anti-Extension,Sagittal Plane,Core,Other,Compound,Bilateral,
stability-ball-kneeling-stir-the-pot,Stability Ball Kneeling Stir the Pot,https://youtu.be/GMbT_cHg0dU?si=cnXGlMZAT5YjS73B,https://youtu.be/4aMczP5KogY?si=5-mCFarYa4iburVN,Beginner,beginner,Abdominals,Rectus Abdominis,,Stability Ball,1,,0,Stability Ball,gym,Kneeling,Double Arm,Continuous,Forearm,No Load,Continuous,No Elevation,Single Exercise,Anti-Extension|Spinal Rotational,Transverse Plane,Core,Other,Compound,Bilateral,
stability-ball-mountain-climber,Stability Ball Mountain Climber,https://youtu.be/P6etpDUfGWE?si=PNWuo_7oxajSyVST,https://youtu.be/13wn0rh5cOc?si=F4AOoxtDJqfrhKGK,Intermediate,intermediate,Abdominals,Rectus Abdominis,Iliopsoas|Anterior Deltoids,Stability Ball,1,,0,Stability Ball,gym,Prone,Double Arm,Continuous,Neutral,No Load,Alternating,No Elevation,Single Exercise,Anti-Extension|Spinal Flexion,Sagittal Plane,Core,Other,Compound,Unilateral,
stability-ball-pike,Stability Ball Pike,https://youtu.be/-ciDJCuTu3A?si=zpBNDJ0Pbp7YfJOm,https://youtu.be/eFcjeQ9tuEQ,Advanced,advanced,Abdominals,Rectus Abdominis,,Stability Ball,1,,0,Stability Ball,gym,Prone,Double Arm,Continuous,Flat Palm,No Load,Continuous,Feet Elevated,Single Exercise,Spinal Flexion,Sagittal Plane,Core,Other,Compound,Bilateral,
stability-ball-prone-cobra,Stability Ball Prone Cobra,https://youtu.be/qt1WWg8QDg8?si=Go7eAWcyWu13yBIi,https://youtu.be/tJNfWBGDVSI,Novice,beginner,Back,Erector Spinae,,Stability Ball,1,,0,Stability Ball,gym,Prone,Double Arm,Continuous,No Grip,No Load,Continuous,No Elevation,Single Exercise,Spinal Extension,Sagittal Plane,Upper Body,,Isolation,Bilateral,Postural
stability-ball-reverse-crunch,Stability Ball Reverse Crunch,https://youtu.be/duhPBZkq0xg?si=K4QIb8cjoQDdU-dJ,https://youtu.be/w2dxPtV77kg?si=2hZwJ20FpYXBs018,Beginner,beginner,Abdominals,Rectus Abdominis,Iliopsoas|Obliques,Stability Ball,1,,0,Stability Ball,gym,Supine,No Arms,Continuous,No Grip,Other,Continuous,No Elevation,Single Exercise,Spinal Flexion,Sagittal Plane,Core,Other,Compound,Bilateral,
stability-ball-reverse-hyperextension,Stability Ball Reverse Hyperextension,https://youtu.be/ujcZZ0kLEmY?si=Vb7GDY3_NgNICWqW,https://youtu.be/ta3YEAkwY38?si=jb8BysD-nNqEPrzP,Novice,beginner,Glutes,Gluteus Maximus,,Stability Ball,1,,0,Stability Ball,gym,Prone,Double Arm,Continuous,Flat Palm,No Load,Continuous,No Elevation,Single Exercise,Hip Extension,Sagittal Plane,Lower Body,,Isolation,Bilateral,Bodybuilding
stability-ball-russian-twist,Stability Ball Russian Twist,https://youtu.be/2rbbUJR-Nx4?si=aAPlfM1RYBeErvZk,https://youtu.be/fh-sDpg1P48,Beginner,beginner,Abdominals,Obliques,Rectus Abdominis|Iliopsoas,Stability Ball,1,,0,Stability Ball,gym,Seated Floor,Double Arm,Continuous,Neutral,Other,Continuous,No Elevation,Single Exercise,Rotational,Transverse Plane,Core,Other,Compound,Bilateral,
stability-ball-side-plank,Stability Ball Side Plank,https://youtu.be/4PEb0vOgK-c?si=VnLjpuKoW3QEQjAS,https://youtu.be/U6k6ToZyUyM?si=Y9zteFz7De0ht_D2,Intermediate,intermediate,Abdominals,Obliques,Rectus Abdominis,Stability Ball,1,,0,Stability Ball,gym,Side Plank,Single Arm,Continuous,Forearm,No Load,Continuous,No Elevation,Single Exercise,Anti-Lateral Flexion,Frontal Plane,Core,Other,Compound,Unilateral,
stability-ball-single-arm-dumbbell-chest-press,Stability Ball Single Arm Dumbbell Chest Press,https://youtu.be/EQlfrWvaU6w,,Novice,beginner,Chest,Pectoralis Major,Triceps Brachii|Anterior Deltoids,Stability Ball,1,Dumbbell,1,Stability Ball|Dumbbell,gym|dumbbells,Supine,Single Arm,Continuous,Pronated,Above Chest,Continuous,No Elevation,Single Exercise,Horizontal Push,Sagittal Plane,Upper Body,Push,Compound,Unilateral,Bodybuilding
stability-ball-single-arm-forearm-plank,Stability Ball Single Arm Forearm Plank,https://youtu.be/J3JZR2SFknM,,Expert,advanced,Abdominals,Rectus Abdominis,,Stability Ball,1,,0,Stability Ball,gym,Prone,Single Arm,Continuous,Forearm,No Load,Continuous,No Elevation,Single Exercise,Anti-Rotational|Anti-Extension,Sagittal Plane,Core,Other,Compound,Unilateral,
stability-ball-single-leg-foot-elevated-glute-bridge,Stability Ball Single Leg Foot Elevated Glute Bridge,https://youtu.be/LSUPiOJOA6M,,Intermediate,intermediate,Glutes,Gluteus Maximus,Biceps Femoris|Obliques,Stability Ball,1,,0,Stability Ball,gym,Single Leg Bridge,No Arms,Continuous,No Grip,No Load,Continuous,Foot Elevated,Single Exercise,Hip Extension,Sagittal Plane,Lower Body,,Compound,Unilateral,Bodybuilding
stability-ball-single-leg-hamstring-curl,Stability Ball Single Leg Hamstring Curl,https://youtu.be/cuM7OBHSVow,https://youtu.be/e3EeeA6L3YQ,Intermediate,intermediate,Hamstrings,Biceps Femoris,Gluteus Maximus,Stability Ball,1,,0,Stability Ball,gym,Supine,No Arms,Continuous,No Grip,No Load,Continuous,Foot Elevated,Single Exercise,Knee Dominant,Sagittal Plane,Lower Body,Pull,Isolation,Unilateral,Bodybuilding
stability-ball-single-leg-hip-thrust,Stability Ball Single Leg Hip Thrust,https://youtu.be/p2Z02O1M18w?feature=shared,https://youtu.be/8-bwTM-m2Ic?si=RTzRlWCm-FPP1lRN,Novice,beginner,Glutes,Gluteus Maximus,Biceps Femoris|Obliques,Stability Ball,1,,0,Stability Ball,gym,Single Leg Bridge,No Arms,Continuous,No Grip,No Load,Continuous,No Elevation,Single Exercise,Hip Extension,Sagittal Plane,Lower Body,,Compound,Unilateral,Bodybuilding
stability-ball-single-leg-knee-tuck,Stability Ball Single Leg Knee Tuck,https://youtu.be/fv6mxdkTT60?si=1AhvmIbGHoW_9tm9,https://youtu.be/xnOF_sTSppw,Advanced,advanced,Abdominals,Rectus Abdominis,,Stability Ball,1,,0,Stability Ball,gym,Prone,Double Arm,Continuous,Flat Palm,No Load,Continuous,Foot Elevated,Single Exercise,Spinal Flexion,Sagittal Plane,Core,Other,Compound,Unilateral,
stability-ball-single-leg-pike,Stability Ball Single Leg Pike,https://youtu.be/7skasCMLRL8,,Expert,advanced,Abdominals,Rectus Abdominis,,Stability Ball,1,,0,Stability Ball,gym,Prone,Double Arm,Continuous,Flat Palm,No Load,Continuous,Foot Elevated,Single Exercise,Spinal Flexion,Sagittal Plane,Core,Other,Compound,Unilateral,
stability-ball-sit-up,Stability Ball Sit Up,https://youtu.be/7L90imlW0es?si=gY7k7XVC43IRrv-N,https://youtu.be/3aQXaB4PU_A,Beginner,beginner,Abdominals,Rectus Abdominis,,Stability Ball,1,,0,Stability Ball,gym,Supine,No Arms,Continuous,Head Supported,No Load,Continuous,No Elevation,Single Exercise,Spinal Flexion|Other,Sagittal Plane,Core,Other,,Bilateral,
stability-ball-stir-the-pot,Stability Ball Stir the Pot,https://youtu.be/IfOtFv6zz8I,https://youtu.be/FpH1C25VyXE?si=hAzBuHZIBIX0MG4j,Novice,beginner,Abdominals,Rectus Abdominis,,Stability Ball,1,,0,Stability Ball,gym,Prone,Double Arm,Continuous,Forearm,No Load,Continuous,No Elevation,Single Exercise,Anti-Extension|Spinal Rotational,Transverse Plane,Core,Other,Compound,Bilateral,
stability-ball-t-s-y-s-i-s,Stability Ball T's Y's I's,https://youtu.be/1jP1PR9Gls0?si=esOirS5dWd5oUqG0,https://youtu.be/jihh8FFWoMk?si=qyxtXrUK9hFRpAAE,Beginner,beginner,Shoulders,Posterior Deltoids,,Stability Ball,1,,0,Stability Ball,gym,Prone,Double Arm,Continuous,No Grip,No Load,Continuous,No Elevation,Single Exercise,Horizontal Pull,Frontal Plane,Upper Body,Pull,Isolation,Bilateral,Postural
stability-ball-tall-kneeling-balance,Stability Ball Tall Kneeling Balance,https://youtu.be/wIkwr6LV9E8?si=WttWmNStYjInstEN,https://youtu.be/KtJHKnzoWc0,Intermediate,intermediate,Abdominals,Rectus Abdominis,,Stability Ball,1,,0,Stability Ball,gym,Tall Kneeling,No Arms,Continuous,No Grip,No Load,Continuous,No Elevation,Single Exercise,Isometric Hold,Sagittal Plane,Core,Other,Compound,Bilateral,Balance
stability-ball-v-up-pass,Stability Ball V Up Pass,https://youtu.be/n4UPDi5BuL0,https://youtu.be/Lrmlsxk3zx4,Novice,beginner,Abdominals,Rectus Abdominis,Iliopsoas|Obliques,Stability Ball,1,,0,Stability Ball,gym,Supine,Double Arm,Continuous,Neutral,Other,Continuous,No Elevation,Single Exercise,Hip Flexion,Sagittal Plane,Core,Other,Compound,Bilateral,
stability-ball-wall-slide-squat,Stability Ball Wall Slide Squat,https://youtu.be/lWJ6BujsDYY?si=Hl4kTZutf9b6tDUi,https://youtu.be/NFpVxugZ1E0,Beginner,beginner,Quadriceps,Quadriceps Femoris,Gluteus Maximus,Stability Ball,1,,0,Stability Ball,gym,Standing,No Arms,Continuous,No Grip,No Load,Continuous,No Elevation,Single Exercise,Knee Dominant,Sagittal Plane,Lower Body,Push,Compound,Bilateral,
stability-ball-windshield-wiper,Stability Ball Windshield Wiper,https://youtu.be/tVfP2_HkXEc,https://youtu.be/n133Ymrl_as,Novice,beginner,Abdominals,Obliques,Rectus Abdominis|Transverse Abdominis,Stability Ball,1,,0,Stability Ball,gym,Supine,No Arms,Continuous,No Grip,No Load,Continuous,No Elevation,Single Exercise,Rotational,Transverse Plane,Core,Other,Compound,Bilateral,
superband-alternating-shoulder-dislocates,Superband Alternating Shoulder Dislocates,https://youtu.be/AJmPEWu4FiM?si=0h2x72A-kGfK3a_0,https://youtu.be/hpJMDIEvASE?si=V8jVpmYmJTwle2iV,Novice,beginner,Shoulders,Posterior Deltoids,Supraspinatus|Teres Minor,Superband,1,,0,Superband,bands|gym,Standing,Double Arm,Continuous,Pronated,Lateral,Continuous,No Elevation,Single Exercise,,Sagittal Plane,Upper Body,,Compound,Bilateral,Mobility
superband-assisted-bar-chin-up,Superband Assisted Bar Chin Up,https://youtu.be/tKZ_IjDX7fA?si=ymbKZ_6m6CiddaOL,https://youtu.be/6NoWVtcSUyI?si=1L8vLidqZV1vtBGK,Novice,beginner,Biceps,Biceps Brachii,Latissimus Dorsi,Superband,1,Pull Up Bar,1,Superband|Pull Up Bar,bands|gym,Hanging,Double Arm,Continuous,Supinated,No Load,Continuous,No Elevation,Single Exercise,Vertical Pull,Sagittal Plane,Upper Body,Pull,Compound,Bilateral,Calisthenics
superband-assisted-bar-commando-pull-up,Superband Assisted Bar Commando Pull Up,https://youtu.be/qUzqwzTWLoc?si=t4nKfRciAYbHRJyr,,Intermediate,intermediate,Back,Latissimus Dorsi,Biceps Brachii,Superband,1,Pull Up Bar,1,Superband|Pull Up Bar,bands|gym,Hanging,Double Arm,Continuous,Mixed Grip,No Load,Continuous,No Elevation,Single Exercise,Vertical Pull,Frontal Plane,Upper Body,Pull,Compound,Bilateral,Calisthenics
superband-assisted-bar-muscle-up,Superband Assisted Bar Muscle Up,https://youtu.be/tkhmiyJiZ2E,https://youtu.be/sbJHFZ-WHtE,Advanced,advanced,Back,Latissimus Dorsi,Triceps Brachii,Superband,1,Pull Up Bar,1,Superband|Pull Up Bar,bands|gym,Hanging,Double Arm,Continuous,False Grip,No Load,Continuous,No Elevation,Single Exercise,Vertical Pull|Vertical Push,Sagittal Plane,Upper Body,Push & Pull,Compound,Bilateral,Calisthenics
superband-assisted-bar-pull-up,Superband Assisted Bar Pull Up,https://youtu.be/__TzXC-Hc_4?si=Z59SDF6EfXOY4pa_,https://youtu.be/4yE-XGDWJPg?si=3XGTgo0KrcE1Rl3M,Novice,beginner,Back,Latissimus Dorsi,,Superband,1,Pull Up Bar,1,Superband|Pull Up Bar,bands|gym,Hanging,Double Arm,Continuous,Pronated,No Load,Continuous,No Elevation,Single Exercise,Vertical Pull,Sagittal Plane,Upper Body,Pull,Compound,Bilateral,Calisthenics
superband-assisted-dips,Superband Assisted Dips,https://youtu.be/QjzY6vf495U?si=dG_1Ixlx0Man-AIC,https://youtu.be/a2zGgwyVv38,Novice,beginner,Triceps,Triceps Brachii,Pectoralis Major|Anterior Deltoids,Superband,1,,0,Superband,bands|gym,Other,Double Arm,Continuous,Neutral,No Load,Continuous,No Elevation,Single Exercise,Vertical Push,Sagittal Plane,Upper Body,Push,Compound,Bilateral,Calisthenics
superband-assisted-nordic-hamstring-curl,Superband Assisted Nordic Hamstring Curl,https://youtu.be/4u74sLMSObs,,Intermediate,intermediate,Hamstrings,Biceps Femoris,Gluteus Maximus,Superband,1,,0,Superband,bands|gym,Tall Kneeling,No Arms,Continuous,No Grip,No Load,Continuous,No Elevation,Single Exercise,Knee Dominant,Sagittal Plane,Lower Body,Pull,Compound,Bilateral,
superband-assisted-pistol-squat,Superband Assisted Pistol Squat,https://youtu.be/szRINrcALyI,,Intermediate,intermediate,Quadriceps,Quadriceps Femoris,Gluteus Maximus,Superband,1,,0,Superband,bands|gym,Single Leg Standing,Double Arm,Continuous,Neutral,Other,Continuous,No Elevation,Single Exercise,Knee Dominant,Sagittal Plane,Lower Body,Push,Compound,Unilateral,Balance
superband-assisted-reverse-nordic,Superband Assisted Reverse Nordic,https://youtu.be/GHI2nT9CchQ?feature=shared,https://youtu.be/-yf6BI9d4Us?si=IWx35pgv9LwAYvdt,Novice,beginner,Quadriceps,Quadriceps Femoris,,Superband,1,,0,Superband,bands|gym,Tall Kneeling,Double Arm,Continuous,Pronated,No Load,Continuous,No Elevation,Single Exercise,Knee Dominant,Sagittal Plane,Lower Body,,Isolation,Bilateral,
superband-chaos-push-up,Superband Chaos Push Up,https://youtu.be/Df4Jsk1ayk8?si=IICqh6B9ycW-xmJf,,Advanced,advanced,Chest,Pectoralis Major,Triceps Brachii,Superband,1,,0,Superband,bands|gym,Prone,Double Arm,Continuous,Pronated,No Load,Continuous,No Elevation,Single Exercise,Horizontal Push,Sagittal Plane,Upper Body,Push,Compound,Bilateral,
superband-dead-bug,Superband Dead Bug,https://youtu.be/wCwn7-Z-XjE,https://youtu.be/X0s5xY8JZVA,Novice,beginner,Abdominals,Rectus Abdominis,Obliques|Rectus Femoris,Superband,1,,0,Superband,bands|gym,Supine,Double Arm,Continuous,Pronated,Other,Alternating,No Elevation,Single Exercise,Anti-Extension,Sagittal Plane,Core,Other,Compound,Unilateral,Postural
superband-good-morning,Superband Good Morning,https://youtu.be/6U-qtYBP-bc?si=-53gPzTz2qX4pX-W,https://youtu.be/CTRaCzE8pWU?si=OlIokQWK4WAo6gIc,Beginner,beginner,Back,Erector Spinae,Gluteus Maximus|Biceps Femoris,Superband,1,,0,Superband,bands|gym,Standing,Double Arm,Continuous,Neutral,No Load,Continuous,No Elevation,Single Exercise,Hip Hinge,Sagittal Plane,Lower Body,,Compound,Bilateral,Bodybuilding
superband-half-kneeling-pallof-press,Superband Half Kneeling Pallof Press,https://youtu.be/V-SoYj9uQV8,https://youtu.be/CRHHSmoakC8,Novice,beginner,Abdominals,Obliques,Rectus Abdominis,Superband,1,,0,Superband,bands|gym,Half Kneeling,Double Arm,Continuous,Neutral,Other,Continuous,No Elevation,Single Exercise,Anti-Rotational,Transverse Plane,Core,Other,Compound,Unilateral,
superband-hollow-body-hold,Superband Hollow Body Hold,https://youtu.be/8QRsSJ-Ny8M,,Intermediate,intermediate,Abdominals,Rectus Abdominis,,Superband,1,,0,Superband,bands|gym,Supine,Double Arm,Continuous,Pronated,Other,Continuous,No Elevation,Single Exercise,Isometric Hold,Sagittal Plane,Core,Other,Compound,Bilateral,
superband-isometric-split-squat-pallof-press,Superband Isometric Split Squat Pallof Press,https://youtu.be/a4ctQ6GYixo?si=WP2e4CVK5KsFEluY,,Intermediate,intermediate,Abdominals,Obliques,Rectus Abdominis,Superband,1,,0,Superband,bands|gym,Isometric Split Squat,Double Arm,Continuous,Neutral,Other,Continuous,No Elevation,Single Exercise,Anti-Rotational|Isometric Hold,Transverse Plane,Full Body,Other,Compound,Unilateral,Balance
superband-lateral-step-hip-adduction,Superband Lateral Step Hip Adduction,https://youtu.be/9Ryl38GZHiI,,Novice,beginner,Adductors,Adductor Magnus,,Superband,1,,0,Superband,bands|gym,Standing,No Arms,Continuous,No Grip,No Load,Continuous,No Elevation,Single Exercise,Hip Adduction,Frontal Plane,Lower Body,Other,Compound,Unilateral,
superband-pallof-press,Superband Pallof Press,https://youtu.be/TvPRtxN8uoA,,Beginner,beginner,Abdominals,Obliques,Rectus Abdominis,Superband,1,,0,Superband,bands|gym,Standing,Double Arm,Continuous,Neutral,Other,Continuous,No Elevation,Single Exercise,Anti-Rotational,Transverse Plane,Core,Other,Compound,Bilateral,
superband-prone-bench-hamstring-curl,Superband Prone Bench Hamstring Curl,https://youtu.be/e5TRSsFNeug?feature=shared,https://youtu.be/zQnw_Zb_iIM?feature=shared,Novice,beginner,Hamstrings,Biceps Femoris,Gluteus Maximus,Superband,1,Bench (Flat),1,Superband|Bench (Flat),bands|gym,Prone,No Arms,Continuous,No Grip,Other,Continuous,No Elevation,Single Exercise,Knee Dominant,Sagittal Plane,Lower Body,Pull,Isolation,Bilateral,Bodybuilding
superband-prone-hamstring-curl,Superband Prone Hamstring Curl,https://youtu.be/LtTcXXgeRYo?si=80zdQRqZ21dGBf6n,,Beginner,beginner,Hamstrings,Biceps Femoris,Gluteus Maximus,Superband,1,,0,Superband,bands|gym,Prone,No Arms,Continuous,No Grip,No Load,Continuous,No Elevation,Single Exercise,Knee Dominant,Sagittal Plane,Lower Body,Pull,Isolation,Bilateral,Bodybuilding
superband-prone-shoulder-dislocates,Superband Prone Shoulder Dislocates,https://youtu.be/3WOAWkEKZGA?si=lSddj94elx-N7ZKJ,https://youtu.be/i5F56-jByo8?si=9agL2UoRzpWwVu-u,Novice,beginner,Shoulders,Posterior Deltoids,Supraspinatus|Teres Minor,Superband,1,,0,Superband,bands|gym,Prone,Double Arm,Continuous,Pronated,Lateral,Continuous,No Elevation,Single Exercise,,Sagittal Plane,Upper Body,,Compound,Bilateral,Mobility
superband-prone-single-leg-hamstring-curl,Superband Prone Single Leg Hamstring Curl,https://youtu.be/0spHTVOeZ-4?feature=shared,https://youtu.be/OMVcG72FTcs?feature=shared,Beginner,beginner,Hamstrings,Biceps Femoris,Gluteus Maximus,Superband,1,,0,Superband,bands|gym,Prone,No Arms,Continuous,No Grip,No Load,Continuous,No Elevation,Single Exercise,Knee Dominant,Sagittal Plane,Lower Body,Pull,Isolation,Unilateral,Bodybuilding
superband-pull-apart,Superband Pull Apart,https://youtu.be/MnDpmNYUjbc?si=PjX7rTfbGKTyeip0,https://youtu.be/I2RAu0JicUQ?si=sCosAUyA4-V9ZcOb,Beginner,beginner,Shoulders,Posterior Deltoids,,Superband,1,,0,Superband,bands|gym,Standing,Double Arm,Continuous,Supinated,Lateral,Continuous,No Elevation,Single Exercise,Shoulder Abduction,Frontal Plane,Upper Body,Pull,Isolation,Bilateral,Mobility
superband-pull-through,Superband Pull Through,https://youtu.be/ZuKowDpVVXM,,Beginner,beginner,Glutes,Gluteus Maximus,,Superband,1,,0,Superband,bands|gym,Standing,Double Arm,Continuous,Pronated,Other,Continuous,No Elevation,Single Exercise,Hip Hinge,Sagittal Plane,Lower Body,,Compound,Bilateral,Bodybuilding
superband-resisted-skater-jump,Superband Resisted Skater Jump,https://youtu.be/VHBOyCCupJ4?feature=shared,https://youtu.be/H1TXiC15RjY?si=n58yKnjoyFajJhvm,Intermediate,intermediate,Abductors,Gluteus Medius,Gluteus Maximus,Superband,1,,0,Superband,bands|gym,Single Leg Standing,No Arms,Continuous,No Grip,Other,Continuous,No Elevation,Single Exercise,,Frontal Plane,Lower Body,Push,Compound,Unilateral,Plyometric
superband-shoulder-dislocates,Superband Shoulder Dislocates,https://youtu.be/MPtMYQH9vvg?si=eEJrNr3oqGzcma8_,https://youtu.be/7p-Ma0eksaY?si=rh6O8a5TM3cyJUZs,Novice,beginner,Shoulders,Posterior Deltoids,Supraspinatus|Teres Minor,Superband,1,,0,Superband,bands|gym,Standing,Double Arm,Continuous,Pronated,Lateral,Continuous,No Elevation,Single Exercise,,Sagittal Plane,Upper Body,,Compound,Bilateral,Mobility
superband-side-plank-hanging-hip-adduction,Superband Side Plank Hanging Hip Adduction,https://youtu.be/JG0Ay2QDVbI,,Intermediate,intermediate,Adductors,Adductor Magnus,,Superband,1,,0,Superband,bands|gym,Side Plank,Single Arm,Continuous,Flat Palm,No Load,Continuous,No Elevation,Single Exercise,Hip Adduction,Frontal Plane,Lower Body,Other,Isolation,Unilateral,
superband-single-leg-tibialis-raise,Superband Single Leg Tibialis Raise,https://youtu.be/fAf6Z7wu7fM?si=6K5_014ZCoGfknf8,https://youtu.be/SBrHvR0BomM,Beginner,beginner,Shins,Tibialis Anterior,Extensor Digitorum Longus|Extensor Hallucis Longus,Superband,1,,0,Superband,bands|gym,Seated Floor,No Arms,Continuous,No Grip,Other,Continuous,No Elevation,Single Exercise,Ankle Dorsiflexion,Sagittal Plane,Lower Body,,Isolation,Unilateral,
superband-sissy-squat,Superband Sissy Squat,https://youtu.be/T2caG3uW8sA?si=AD_PdOw0tzZSfl3p,,Intermediate,intermediate,Quadriceps,Quadriceps Femoris,Gluteus Maximus,Superband,1,,0,Superband,bands|gym,Standing,No Arms,Continuous,No Grip,No Load,Continuous,No Elevation,Single Exercise,Knee Dominant,Sagittal Plane,Lower Body,Push,Compound,Bilateral,Bodybuilding
superband-standing-hip-adduction,Superband Standing Hip Adduction,https://youtu.be/O2fzFpGvDWI,,Novice,beginner,Adductors,Adductor Magnus,,Superband,1,,0,Superband,bands|gym,Standing,No Arms,Continuous,Hand Assisted,No Load,Continuous,No Elevation,Single Exercise,Hip Adduction,Frontal Plane,Lower Body,Other,Compound,Unilateral,
superband-tall-kneeling-pallof-press,Superband Tall Kneeling Pallof Press,https://youtu.be/yUzjX1LdySo?si=2LpxjTl8N8OHsKqd,https://youtu.be/y30uEJhBTwQ,Novice,beginner,Abdominals,Obliques,Rectus Abdominis,Superband,1,,0,Superband,bands|gym,Tall Kneeling,Double Arm,Continuous,Neutral,Other,Continuous,No Elevation,Single Exercise,Anti-Rotational,Transverse Plane,Core,Other,Compound,Bilateral,
suspension-alternating-cossack-squat,Suspension Alternating Cossack Squat,https://youtu.be/ThQT_AIqcNU?si=Y06NKpeBBOkHRplH,https://youtu.be/_qJdwjBx-Wk,Beginner,beginner,Quadriceps,Quadriceps Femoris,Adductor Magnus|Gluteus Maximus,Suspension Trainer,1,,0,Suspension Trainer,gym,Standing,Double Arm,Continuous,Neutral,No Load,Alternating,No Elevation,Single Exercise,Knee Dominant,Frontal Plane,Lower Body,Push,Compound,Unilateral,Bodybuilding
suspension-alternating-curtsy-lunge,Suspension Alternating Curtsy Lunge,https://youtu.be/jNjDO9lEenw?si=Ci4DITj3193GY1tI,,Novice,beginner,Quadriceps,Quadriceps Femoris,Gluteus Maximus|Adductor Magnus,Suspension Trainer,1,,0,Suspension Trainer,gym,Standing,Double Arm,Continuous,Neutral,No Load,Alternating,No Elevation,Single Exercise,Knee Dominant,Frontal Plane,Lower Body,Push,Compound,Unilateral,Bodybuilding
suspension-alternating-lateral-lunge,Suspension Alternating Lateral Lunge,https://youtu.be/0bqrj4BimaI?si=03pxBE_5_ozxIivb,,Beginner,beginner,Quadriceps,Quadriceps Femoris,Gluteus Maximus|Adductor Magnus,Suspension Trainer,1,,0,Suspension Trainer,gym,Standing,Double Arm,Continuous,Neutral,Other,Alternating,No Elevation,Single Exercise,Knee Dominant,Frontal Plane,Lower Body,Push,Compound,Unilateral,Bodybuilding
suspension-alternating-reverse-lunge,Suspension Alternating Reverse Lunge,https://youtu.be/oRO4ailwZb4,,Beginner,beginner,Quadriceps,Quadriceps Femoris,Gluteus Maximus|Biceps Femoris,Suspension Trainer,1,,0,Suspension Trainer,gym,Standing,Double Arm,Continuous,Neutral,No Load,Alternating,No Elevation,Single Exercise,Knee Dominant,Sagittal Plane,Lower Body,Push,Compound,Unilateral,Bodybuilding
suspension-alternating-split-squat-jump,Suspension Alternating Split Squat Jump,https://youtu.be/Vl3Gb37CyMI?si=claxpb93HZUyctUA,,Intermediate,intermediate,Quadriceps,Quadriceps Femoris,Gluteus Maximus|Biceps Femoris,Suspension Trainer,1,,0,Suspension Trainer,gym,Split Squat,Double Arm,Continuous,Neutral,No Load,Alternating,No Elevation,Single Exercise,Knee Dominant,Sagittal Plane,Lower Body,Push,Compound,Unilateral,Plyometric
suspension-archer-push-up,Suspension Archer Push Up,https://youtu.be/bIdsEOkgWTM?si=5aKZj2ofWld4V-Fb,https://youtu.be/9Htat4rdJd4?si=NfKXRBP6Jj3XTIfU,Advanced,advanced,Chest,Pectoralis Major,,Suspension Trainer,1,,0,Suspension Trainer,gym,Prone,Double Arm,Alternating,Neutral,No Load,Continuous,No Elevation,Single Exercise,Horizontal Push,Frontal Plane,Upper Body,Push,Compound,Unilateral,
suspension-archer-row,Suspension Archer Row,https://youtu.be/O0wf46CgVZg,,Novice,beginner,Shoulders,Posterior Deltoids,,Suspension Trainer,1,,0,Suspension Trainer,gym,Standing,Double Arm,Alternating,Neutral,No Load,Continuous,No Elevation,Single Exercise,Horizontal Pull,Frontal Plane,Upper Body,Pull,Compound,Unilateral,
suspension-atomic-push-up,Suspension Atomic Push Up,https://youtu.be/qTD9lWjff84,,Intermediate,intermediate,Chest,Pectoralis Major,Rectus Abdominis,Suspension Trainer,1,,0,Suspension Trainer,gym,Prone,Double Arm,Continuous,Flat Palm,No Load,Continuous,Feet Elevated,Single Exercise,Horizontal Push,Sagittal Plane,Upper Body,Push,Compound,Bilateral,
suspension-bicep-curl,Suspension Bicep Curl,https://youtu.be/nipJ27JfpUI,https://youtu.be/-oKBUozdRdI,Beginner,beginner,Biceps,Biceps Brachii,Brachialis|Brachioradialis,Suspension Trainer,1,,0,Suspension Trainer,gym,Standing,Double Arm,Continuous,Supinated,No Load,Continuous,No Elevation,Single Exercise,Elbow Flexion,Sagittal Plane,Upper Body,Pull,Isolation,Bilateral,
suspension-body-saw,Suspension Body Saw,https://youtu.be/u8BCm4GkOSY?si=mivk-6ghBacHbVR9,https://youtu.be/HmyWstLop08?si=uukj5CKTOhpHaTjI,Novice,beginner,Abdominals,Rectus Abdominis,,Suspension Trainer,1,,0,Suspension Trainer,gym,Prone,Double Arm,Continuous,Forearm,No Load,Continuous,Feet Elevated,Single Exercise,Anti-Extension,Sagittal Plane,Core,Other,Compound,Bilateral,
suspension-bulgarian-split-squat,Suspension Bulgarian Split Squat,https://youtu.be/BnLkbAGE4b4?si=mRL2wc8pDdJKZNbY,https://youtu.be/fwyXHjQHahE?si=yPUP0ZC5mO7XZfqm,Intermediate,intermediate,Quadriceps,Quadriceps Femoris,Gluteus Maximus|Biceps Femoris,Suspension Trainer,1,,0,Suspension Trainer,gym,Single Leg Supported,No Arms,Continuous,No Grip,No Load,Continuous,Foot Elevated (Rear),Single Exercise,Knee Dominant,Sagittal Plane,Lower Body,Push,Compound,Unilateral,Bodybuilding
suspension-bulgarian-split-squat-jump,Suspension Bulgarian Split Squat Jump,https://youtu.be/ABtwgwo4zyQ?si=eWDNpXtH8qJ31y72,,Advanced,advanced,Quadriceps,Quadriceps Femoris,Gluteus Maximus|Biceps Femoris,Suspension Trainer,1,,0,Suspension Trainer,gym,Single Leg Supported,No Arms,Continuous,No Grip,No Load,Continuous,Foot Elevated (Rear),Single Exercise,Knee Dominant,Sagittal Plane,Lower Body,Push,Compound,Unilateral,Plyometric
suspension-chest-fly,Suspension Chest Fly,https://youtu.be/ELmdfR9JvEA,https://youtu.be/VeiB4nfSpeQ,Beginner,beginner,Chest,Pectoralis Major,Anterior Deltoids|Biceps Brachii,Suspension Trainer,1,,0,Suspension Trainer,gym,Standing,Double Arm,Continuous,Neutral,No Load,Continuous,No Elevation,Single Exercise,Horizontal Adduction,Transverse Plane,Upper Body,Push,Isolation,Bilateral,
suspension-copenhagen-plank,Suspension Copenhagen Plank,https://youtu.be/SDe0leCDjKA?si=GubJDQVVx4IoBbJa,,Intermediate,intermediate,Adductors,Adductor Magnus,,Suspension Trainer,1,,0,Suspension Trainer,gym,Side Plank,Single Arm,Continuous,Forearm,No Load,Continuous,Foot Elevated (Side),Single Exercise,Hip Adduction,Frontal Plane,Lower Body,Other,Compound,Unilateral,
suspension-cossack-squat,Suspension Cossack Squat,https://youtu.be/kZdZsw22lU4?si=Y2-3ATlU1R18Acir,,Beginner,beginner,Quadriceps,Quadriceps Femoris,Adductor Magnus|Gluteus Maximus,Suspension Trainer,1,,0,Suspension Trainer,gym,Standing,Double Arm,Continuous,Neutral,No Load,Continuous,No Elevation,Single Exercise,Knee Dominant,Frontal Plane,Lower Body,Push,Compound,Unilateral,Bodybuilding
suspension-cuban-press,Suspension Cuban Press,https://youtu.be/ybVFLdr1_Vk?si=NGTNOkq-xBRDhbIF,https://youtu.be/3roHcWpe8Lc,Novice,beginner,Shoulders,Posterior Deltoids,Triceps Brachii,Suspension Trainer,1,,0,Suspension Trainer,gym,Standing,Double Arm,Continuous,Pronated,No Load,Continuous,No Elevation,Single Exercise,Shoulder External Rotation|Vertical Push|Horizontal Pull,Transverse Plane,Upper Body,Push & Pull,Compound,Bilateral,
suspension-curtsy-lunge,Suspension Curtsy Lunge,https://youtu.be/tiuw2sbuhl0?si=TK4HTHPYjPWelq8-,https://youtu.be/yjwURBqqCYg?si=NUF6xvgot5JoPLus,Novice,beginner,Quadriceps,Quadriceps Femoris,Gluteus Maximus|Adductor Magnus,Suspension Trainer,1,,0,Suspension Trainer,gym,Standing,Double Arm,Continuous,Neutral,No Load,Continuous,No Elevation,Single Exercise,Knee Dominant,Frontal Plane,Lower Body,Push,Compound,Unilateral,Bodybuilding
suspension-cyclist-squat,Suspension Cyclist Squat,https://youtu.be/dzbJzUQjDYA?feature=shared,https://youtu.be/DVSstFJ0D4E?si=WaCS8KtdhuksBcCh,Beginner,beginner,Quadriceps,Quadriceps Femoris,Gluteus Maximus|Soleus,Suspension Trainer,1,Slant Board,1,Suspension Trainer|Slant Board,gym,Standing,Double Arm,Continuous,Neutral,No Load,Continuous,Heels Elevated,Single Exercise,Knee Dominant,Sagittal Plane,Lower Body,Push,Compound,Bilateral,Bodybuilding
suspension-face-pull,Suspension Face Pull,https://youtu.be/3FVZDVJnvIA,,Novice,beginner,Shoulders,Posterior Deltoids,Infraspinatus|Teres Minor,Suspension Trainer,1,,0,Suspension Trainer,gym,Standing,Double Arm,Continuous,Pronated,No Load,Continuous,No Elevation,Single Exercise,Shoulder External Rotation,Transverse Plane,Upper Body,Pull,Compound,Bilateral,
suspension-face-pull-to-overhead-press,Suspension Face Pull to Overhead Press,https://youtu.be/a33rvhoBWYM,https://youtu.be/XS3rSeTHpUs,Novice,beginner,Shoulders,Posterior Deltoids,Infraspinatus|Teres Minor,Suspension Trainer,1,,0,Suspension Trainer,gym,Standing,Double Arm,Continuous,Pronated,Overhead,Continuous,No Elevation,Combo Exercise,Shoulder External Rotation|Vertical Push,Transverse Plane,Upper Body,Push & Pull,Compound,Bilateral,
suspension-feet-elevated-decline-push-up,Suspension Feet Elevated Decline Push Up,https://youtu.be/rZ2F0Fo1Cts?si=ki-LUP1NvXaLVXL3,,Intermediate,intermediate,Chest,Pectoralis Major,Triceps Brachii,Suspension Trainer,1,,0,Suspension Trainer,gym,Prone,Double Arm,Continuous,Flat Palm,No Load,Continuous,Feet Elevated,Single Exercise,Horizontal Push,Sagittal Plane,Upper Body,Push,Compound,Bilateral,
suspension-feet-elevated-forearm-plank,Suspension Feet Elevated Forearm Plank,https://youtu.be/hRWpFtDyofg?si=Xwts69VNdiYCB5-r&utm_source=MTQxZ,https://youtu.be/-46840SWRuw?si=Y5mdJ7OJ8HcQqDfS&utm_source=MTQxZ,Novice,beginner,Abdominals,Rectus Abdominis,,Suspension Trainer,1,,0,Suspension Trainer,gym,Prone,Double Arm,Continuous,Forearm,No Load,Continuous,Feet Elevated,Single Exercise,Anti-Extension,Sagittal Plane,Core,Other,Compound,Bilateral,
suspension-feet-elevated-glute-bridge,Suspension Feet Elevated Glute Bridge,https://youtu.be/bZUGEwxZVks?si=GXDy3dTxYcWMuQpw,https://youtu.be/KlgaxSAfaDA,Novice,beginner,Glutes,Gluteus Maximus,Biceps Femoris|Erector Spinae,Suspension Trainer,1,,0,Suspension Trainer,gym,Bridge,No Arms,Continuous,No Grip,No Load,Continuous,Feet Elevated,Single Exercise,Hip Extension,Sagittal Plane,Lower Body,,Compound,Bilateral,Bodybuilding
suspension-feet-elevated-mountain-climber,Suspension Feet Elevated Mountain Climber,https://youtu.be/XiB48dLaB9g?si=RkTU535X9lQ-XULA&utm_source=MTQxZ,https://youtu.be/Xp22HNYkZRI?si=STxSvQzTFkqZV_Ra&utm_source=MTQxZ,Intermediate,intermediate,Abdominals,Rectus Abdominis,Iliopsoas|Anterior Deltoids,Suspension Trainer,1,,0,Suspension Trainer,gym,Prone,Double Arm,Continuous,Flat Palm,No Load,Alternating,Feet Elevated,Single Exercise,Anti-Extension|Spinal Flexion,Sagittal Plane,Core,Other,Compound,Unilateral,
suspension-feet-elevated-plank,Suspension Feet Elevated Plank,https://youtu.be/g93DurTL79E?si=BG_2IXTND6t0_DRn&utm_source=MTQxZ,https://youtu.be/ul4MZApW4-c?feature=shared&utm_source=MTQxZ,Novice,beginner,Abdominals,Rectus Abdominis,,Suspension Trainer,1,,0,Suspension Trainer,gym,Prone,Double Arm,Continuous,Flat Palm,No Load,Continuous,Feet Elevated,Single Exercise,Anti-Extension,Sagittal Plane,Core,Other,Compound,Bilateral,
suspension-feet-elevated-side-plank,Suspension Feet Elevated Side Plank,https://youtu.be/Wkeg0Gr1n7g?si=Xq62yMZ9kUc0lizD&utm_source=MTQxZ,https://youtu.be/FJ4E_dy6g-0?si=30zuwZgKl_aYWLvq&utm_source=MTQxZ,Intermediate,intermediate,Abdominals,Obliques,Rectus Abdominis,Suspension Trainer,1,,0,Suspension Trainer,gym,Side Plank,Single Arm,Continuous,Forearm,No Load,Continuous,No Elevation,Single Exercise,Anti-Lateral Flexion,Frontal Plane,Core,Other,Compound,Unilateral,
suspension-hamstring-curl,Suspension Hamstring Curl,https://youtu.be/xh13VO9_qEA?si=lzogbMJOWGILmMX3,https://youtu.be/Mjsws0TEZSE?si=eqHvE-lLaHR3MHPU,Novice,beginner,Hamstrings,Biceps Femoris,Gluteus Maximus,Suspension Trainer,1,,0,Suspension Trainer,gym,Supine,No Arms,Continuous,No Grip,Other,Continuous,Feet Elevated,Single Exercise,Knee Dominant,Sagittal Plane,Lower Body,Pull,Isolation,Bilateral,
suspension-knee-tuck,Suspension Knee Tuck,https://youtu.be/z2tctrNfTrY,https://youtu.be/EXIJ4dILenc,Novice,beginner,Abdominals,Rectus Abdominis,,Suspension Trainer,1,,0,Suspension Trainer,gym,Prone,Double Arm,Continuous,Flat Palm,No Load,Continuous,Feet Elevated,Single Exercise,Spinal Flexion|Anti-Extension,Sagittal Plane,Core,Other,Compound,Bilateral,
suspension-kneeling-rollout,Suspension Kneeling Rollout,https://youtu.be/LgDDIt6oXkM?si=KauCb0BONYq4Old8,https://youtu.be/916AGdLlFsc?si=Gpb4W69WdCtvr8QZ,Intermediate,intermediate,Abdominals,Rectus Abdominis,Latissimus Dorsi|Serratus Anterior,Suspension Trainer,1,,0,Suspension Trainer,gym,Kneeling,Double Arm,Continuous,Pronated,No Load,Continuous,No Elevation,Single Exercise,Anti-Extension,Sagittal Plane,Core,Other,Compound,Bilateral,
suspension-lateral-knee-tuck,Suspension Lateral Knee Tuck,https://youtu.be/nedEXGnhHak,https://youtu.be/Jz9UDCeyuBo,Intermediate,intermediate,Abdominals,Rectus Abdominis,,Suspension Trainer,1,,0,Suspension Trainer,gym,Prone,Double Arm,Continuous,Flat Palm,No Load,Continuous,Feet Elevated,Single Exercise,Rotational|Spinal Flexion,Transverse Plane,Core,Other,Compound,Bilateral,
suspension-low-row,Suspension Low Row,https://youtu.be/hULU2N_9qjk?si=XmozOzBr-Uny0t4A,https://youtu.be/fW_jdwZT804,Beginner,beginner,Back,Latissimus Dorsi,,Suspension Trainer,1,,0,Suspension Trainer,gym,Standing,Double Arm,Continuous,Neutral,No Load,Continuous,No Elevation,Single Exercise,Horizontal Pull,Sagittal Plane,Upper Body,Pull,Compound,Bilateral,
suspension-mid-row,Suspension Mid Row,https://youtu.be/W-nnq0Ks1A0,,Beginner,beginner,Back,Latissimus Dorsi,,Suspension Trainer,1,,0,Suspension Trainer,gym,Standing,Double Arm,Continuous,Pronated,No Load,Continuous,No Elevation,Single Exercise,Horizontal Pull,Sagittal Plane,Upper Body,Pull,Compound,Bilateral,
suspension-pallof-press,Suspension Pallof Press,https://youtu.be/UFgykifRSvQ?si=lUaVB8ZhF8ACrc4h,https://youtu.be/uCrkeY8dees?si=fOQ5msbTKQIJerpX,Intermediate,intermediate,Abdominals,Obliques,Rectus Abdominis,Suspension Trainer,1,,0,Suspension Trainer,gym,Staggered Stance,Double Arm,Continuous,Neutral,Other,Continuous,No Elevation,Single Exercise,Anti-Rotational,Transverse Plane,Core,Other,Compound,Bilateral,
suspension-pike,Suspension Pike,https://youtu.be/MkmpHj0T3OQ,https://youtu.be/COXMyJ5WQwk,Intermediate,intermediate,Abdominals,Rectus Abdominis,,Suspension Trainer,1,,0,Suspension Trainer,gym,Prone,Double Arm,Continuous,Flat Palm,No Load,Continuous,Feet Elevated,Single Exercise,Spinal Flexion,Sagittal Plane,Core,Other,Compound,Bilateral,
suspension-pistol-squat,Suspension Pistol Squat,https://youtu.be/K7qfUjKf9rU,,Intermediate,intermediate,Quadriceps,Quadriceps Femoris,Gluteus Maximus,Suspension Trainer,1,,0,Suspension Trainer,gym,Single Leg Standing,Double Arm,Continuous,Neutral,No Load,Continuous,No Elevation,Single Exercise,Knee Dominant,Sagittal Plane,Lower Body,Push,Compound,Unilateral,Balance
suspension-push-up,Suspension Push Up,https://youtu.be/cp_Hl7qd7CI?si=Tw8VVXnhtyW9vra4,https://youtu.be/-vPgHzuRI7I,Beginner,beginner,Chest,Pectoralis Major,Triceps Brachii|Anterior Deltoids,Suspension Trainer,1,,0,Suspension Trainer,gym,Standing,Double Arm,Continuous,Pronated,No Load,Continuous,No Elevation,Single Exercise,Horizontal Push,Sagittal Plane,Upper Body,Push,Compound,Bilateral,
suspension-reverse-fly,Suspension Reverse Fly,https://youtu.be/bYYJ4jQCUtg,,Beginner,beginner,Shoulders,Posterior Deltoids,,Suspension Trainer,1,,0,Suspension Trainer,gym,Standing,Double Arm,Continuous,Neutral,No Load,Continuous,No Elevation,Single Exercise,Horizontal Pull,Sagittal Plane,Upper Body,Pull,Compound,Bilateral,
suspension-reverse-grip-bicep-curl,Suspension Reverse Grip Bicep Curl,https://youtu.be/yewf3adybcc?si=-PZ9RsGl7FC8vp7J,,Novice,beginner,Forearms,Brachioradialis,Biceps Brachii|Brachialis,Suspension Trainer,1,,0,Suspension Trainer,gym,Standing,Double Arm,Continuous,Pronated,No Load,Continuous,No Elevation,Single Exercise,Elbow Flexion,Sagittal Plane,Upper Body,Pull,Isolation,Bilateral,
suspension-side-plank-reach-through,Suspension Side Plank Reach Through,https://youtu.be/9PiqAsdkh6Q,,Advanced,advanced,Abdominals,Obliques,Rectus Abdominis,Suspension Trainer,1,,0,Suspension Trainer,gym,Side Plank,Single Arm,Continuous,Flat Palm,No Load,Continuous,No Elevation,Single Exercise,Anti-Lateral Flexion|Spinal Rotational,Transverse Plane,Core,Other,Compound,Unilateral,
suspension-single-leg-foot-elevated-glute-bridge,Suspension Single Leg Foot Elevated Glute Bridge,https://youtu.be/TiPDApTAJu0?si=dVw4o9DCHCZrIteK,,Intermediate,intermediate,Glutes,Gluteus Maximus,Biceps Femoris|Obliques,Suspension Trainer,1,,0,Suspension Trainer,gym,Single Leg Bridge,No Arms,Continuous,No Grip,No Load,Continuous,Foot Elevated,Single Exercise,Hip Extension,Sagittal Plane,Lower Body,,Compound,Unilateral,Bodybuilding
suspension-single-leg-hamstring-curl,Suspension Single Leg Hamstring Curl,https://youtu.be/xHvXPam-ZBQ?si=8jfCw-5i-zrJ9hUd,,Intermediate,intermediate,Hamstrings,Biceps Femoris,Gluteus Maximus,Suspension Trainer,1,,0,Suspension Trainer,gym,Supine,No Arms,Continuous,No Grip,No Load,Continuous,Foot Elevated,Single Exercise,Knee Dominant,Sagittal Plane,Lower Body,Pull,Isolation,Unilateral,Bodybuilding
suspension-single-leg-standing-bent-knee-low-row,Suspension Single Leg Standing Bent Knee Low Row,https://youtu.be/PaYajo0NIjs?si=BnxQHt0l6HLbbkgL,,Intermediate,intermediate,Back,Latissimus Dorsi,,Suspension Trainer,1,,0,Suspension Trainer,gym,Single Leg Standing Bent Knee,Double Arm,Continuous,Neutral,No Load,Continuous,No Elevation,Single Exercise,Horizontal Pull,Sagittal Plane,Upper Body,Pull,Compound,Unilateral,Balance
suspension-single-leg-standing-bent-knee-mid-row,Suspension Single Leg Standing Bent Knee Mid Row,https://youtu.be/mZJieN2H4PM?si=gtPnQWWttdqNc67H,,Intermediate,intermediate,Back,Latissimus Dorsi,,Suspension Trainer,1,,0,Suspension Trainer,gym,Single Leg Standing Bent Knee,Double Arm,Continuous,Pronated,No Load,Continuous,No Elevation,Single Exercise,Horizontal Pull,Sagittal Plane,Upper Body,Pull,Compound,Unilateral,Balance
suspension-sissy-squat,Suspension Sissy Squat,https://youtu.be/YedqbteiWoU?si=rMl_RLv88kcBcMUR,,Novice,beginner,Quadriceps,Quadriceps Femoris,Gluteus Maximus,Suspension Trainer,1,,0,Suspension Trainer,gym,Standing,Double Arm,Continuous,Neutral,No Load,Continuous,No Elevation,Single Exercise,Knee Dominant,Sagittal Plane,Lower Body,Push,Compound,Bilateral,Bodybuilding
suspension-skater-jump,Suspension Skater Jump,https://youtu.be/Y8Wn_vTZFFg?si=AtpqJfd4OVnOo7ZO,,Intermediate,intermediate,Abductors,Gluteus Medius,Adductor Magnus,Suspension Trainer,1,,0,Suspension Trainer,gym,Single Leg Standing,Double Arm,Continuous,Neutral,No Load,Alternating,No Elevation,Single Exercise,,Frontal Plane,Lower Body,Push,Compound,Unilateral,Plyometric
suspension-skater-squat,Suspension Skater Squat,https://youtu.be/YyBeT4WWBk4,,Novice,beginner,Quadriceps,Quadriceps Femoris,Gluteus Maximus,Suspension Trainer,1,,0,Suspension Trainer,gym,Single Leg Standing,Double Arm,Continuous,Neutral,No Load,Continuous,No Elevation,Single Exercise,Knee Dominant,Sagittal Plane,Lower Body,Push,Compound,Unilateral,Balance
suspension-skull-crusher,Suspension Skull Crusher,https://youtu.be/Q2eMD8iA-uE?si=aldL_x3sKGW4AXDO,,Beginner,beginner,Triceps,Triceps Brachii,Anconeus|Flexor Carpi Radialis,Suspension Trainer,1,,0,Suspension Trainer,gym,Standing,Double Arm,Continuous,Pronated,Other,Continuous,No Elevation,Single Exercise,Elbow Extension,Sagittal Plane,Upper Body,Push,Compound,Bilateral,Bodybuilding
suspension-split-squat,Suspension Split Squat,https://youtu.be/sng5EOSZSSo,,Beginner,beginner,Quadriceps,Quadriceps Femoris,Gluteus Maximus|Biceps Femoris,Suspension Trainer,1,,0,Suspension Trainer,gym,Split Squat,Double Arm,Continuous,Neutral,No Load,Continuous,No Elevation,Single Exercise,Knee Dominant,Sagittal Plane,Lower Body,Push,Compound,Unilateral,Bodybuilding
suspension-squat,Suspension Squat,https://youtu.be/MafftY-3lC0?si=bGTlr29qg0ZvBtT_,https://youtu.be/ViV9wM5aGPg?si=d4iDv53YNJSLeN5e,Beginner,beginner,Quadriceps,Quadriceps Femoris,Gluteus Maximus,Suspension Trainer,1,,0,Suspension Trainer,gym,Standing,Double Arm,Continuous,Neutral,No Load,Continuous,No Elevation,Single Exercise,Knee Dominant,Sagittal Plane,Lower Body,Push,Compound,Bilateral,
suspension-squat-jump,Suspension Squat Jump,https://youtu.be/NcyZj45wcnY?si=cwEgFB3aBkfIjMQy,https://youtu.be/DOg7y1pl830?si=jaq9ut-8jXqSkL-v,Intermediate,intermediate,Quadriceps,Quadriceps Femoris,Gluteus Maximus,Suspension Trainer,1,,0,Suspension Trainer,gym,Standing,Double Arm,Continuous,Neutral,No Load,Continuous,No Elevation,Single Exercise,Knee Dominant,Sagittal Plane,Lower Body,Push,Compound,Bilateral,Plyometric
suspension-standing-rollout,Suspension Standing Rollout,https://youtu.be/PEzA_n3woFs?si=4l_G-stlnHUfbhiB,,Advanced,advanced,Abdominals,Rectus Abdominis,Latissimus Dorsi|Serratus Anterior,Suspension Trainer,1,,0,Suspension Trainer,gym,Standing,Double Arm,Continuous,Pronated,No Load,Continuous,No Elevation,Single Exercise,Anti-Extension,Sagittal Plane,Core,Other,Compound,Bilateral,
suspension-y-raise,Suspension Y Raise,https://youtu.be/0Kr9lVl4JQ8?si=bGLAYv480sV-7xjg,https://youtu.be/SdSZwVpun28,Beginner,beginner,Shoulders,Posterior Deltoids,,Suspension Trainer,1,,0,Suspension Trainer,gym,Standing,Double Arm,Continuous,Pronated,No Load,Continuous,No Elevation,Single Exercise,,Sagittal Plane,Upper Body,Pull,Compound,Bilateral,
tire-alternating-step-up,Tire Alternating Step Up,https://youtu.be/JdYIi6Vedy8?si=XLKOd1kgeuZgH3Wp,,Novice,beginner,Quadriceps,Quadriceps Femoris,Gluteus Maximus|Biceps Femoris,Tire,1,,0,Tire,gym,Standing,No Arms,Continuous,No Grip,No Load,Alternating,Foot Elevated (Front),Single Exercise,Knee Dominant,Sagittal Plane,Lower Body,Push,Compound,Unilateral,
tire-alternating-toe-taps-around-the-world,Tire Alternating Toe Taps Around the World,https://youtu.be/diT5j5QRKhs?si=KBmQGQunZ8mtj5zz,,Intermediate,intermediate,Quadriceps,Quadriceps Femoris,Gluteus Maximus,Tire,1,,0,Tire,gym,Standing,No Arms,Continuous,No Grip,No Load,Alternating,Foot Elevated (Front),Single Exercise,Knee Dominant,Sagittal Plane,Lower Body,Push,Compound,Unilateral,Plyometric
tire-broad-jump,Tire Broad Jump,https://youtu.be/juTI6wnRiZ8?si=AItO7HER5TxfhHc9,,Advanced,advanced,Quadriceps,Quadriceps Femoris,Gluteus Maximus|Biceps Femoris,Tire,1,,0,Tire,gym,Standing,No Arms,Continuous,No Grip,No Load,Continuous,No Elevation,Single Exercise,Knee Dominant,Sagittal Plane,Lower Body,Push,Compound,Bilateral,Plyometric
tire-carry,Tire Carry,https://youtu.be/QskOD3ROxGs?si=Vh3moyP5PVPO8sMy,https://youtu.be/gnqD0m-uosY?si=25hCZEL3NusAufP2,Intermediate,intermediate,Forearms,Brachioradialis,Rectus Abdominis,Tire,1,,0,Tire,gym,Walking,Double Arm,Continuous,Other,Suitcase,Alternating,No Elevation,Single Exercise,Loaded Carry,Sagittal Plane,Full Body,Other,Compound,Bilateral,
tire-feet-elevated-decline-push-up,Tire Feet Elevated Decline Push Up,https://youtu.be/-S5Zz3Hl6a4?si=8XSysf7jjGJx2X07,https://youtu.be/QV59kjnQUSA?si=PsO5R5p6EdgooNNw,Intermediate,intermediate,Chest,Pectoralis Major,Triceps Brachii,Tire,1,,0,Tire,gym,Prone,Double Arm,Continuous,Flat Palm,No Load,Continuous,Feet Elevated,Single Exercise,Horizontal Push,Sagittal Plane,Upper Body,Push,Compound,Bilateral,Calisthenics
tire-flip,Tire Flip,https://youtu.be/44E5KRVFWVQ?si=M9W-NS9JbwJV8hDU,https://youtu.be/E0G9LdH3ElA?si=hdeIwvYNbInrIJv-,Advanced,advanced,Back,Latissimus Dorsi,Quadriceps Femoris,Tire,1,,0,Tire,gym,Standing,Double Arm,Continuous,Supinated,Other,Continuous,No Elevation,Single Exercise,Hip Hinge|Horizontal Push,Sagittal Plane,Full Body,Push & Pull,Compound,Bilateral,
tire-in-and-out-squat-jump,Tire In and Out Squat Jump,https://youtu.be/4h3cIxkFwlI?si=s_iXYmvt1ljfSFML,,Intermediate,intermediate,Quadriceps,Quadriceps Femoris,Gluteus Maximus,Tire,1,,0,Tire,gym,Standing,No Arms,Continuous,No Grip,No Load,Continuous,Feet Elevated,Single Exercise,Knee Dominant,Frontal Plane|Sagittal Plane,Lower Body,Push,Compound,Bilateral,Plyometric
tire-incline-push-up,Tire Incline Push Up,https://youtu.be/sYpuz37bK2k?si=UpMtMbHU8GOboER_,,Beginner,beginner,Chest,Pectoralis Major,Triceps Brachii|Anterior Deltoids,Tire,1,,0,Tire,gym,Prone,Double Arm,Continuous,Flat Palm,No Load,Continuous,No Elevation,Single Exercise,Horizontal Push,Sagittal Plane,Upper Body,Push,Compound,Bilateral,Calisthenics
tire-jump,Tire Jump,https://youtu.be/yrNR2OK50Lw?si=o9UhhO3HdGYOlRvS,,Intermediate,intermediate,Quadriceps,Quadriceps Femoris,Gluteus Maximus|Biceps Femoris,Tire,1,,0,Tire,gym,Standing,No Arms,Continuous,No Grip,No Load,Continuous,Feet Elevated,Single Exercise,Knee Dominant,Sagittal Plane,Lower Body,Push,Compound,Bilateral,Plyometric
tire-jump-through,Tire Jump Through,https://youtu.be/1DBz3vodUUc?feature=shared,,Intermediate,intermediate,Quadriceps,Quadriceps Femoris,Gluteus Maximus|Biceps Femoris,Tire,1,,0,Tire,gym,Standing,No Arms,Continuous,No Grip,No Load,Continuous,No Elevation,Single Exercise,Knee Dominant,Sagittal Plane,Lower Body,Push,Compound,Bilateral,Plyometric
tire-lateral-jump-through,Tire Lateral Jump Through,https://youtu.be/H80_t9poKQo?si=eTIuIU_bwT40hUvJ,,Intermediate,intermediate,Quadriceps,Quadriceps Femoris,Gluteus Maximus|Biceps Femoris,Tire,1,,0,Tire,gym,Standing,No Arms,Continuous,No Grip,No Load,Continuous,No Elevation,Single Exercise,Knee Dominant,Frontal Plane,Lower Body,Push,Compound,Bilateral,Plyometric
tire-leg-press,Tire Leg Press,https://youtu.be/YtKIXuPCj1M?si=ng5HKT4Y_EUFLk95,,Intermediate,intermediate,Quadriceps,Quadriceps Femoris,Gluteus Maximus|Biceps Femoris,Tire,1,,0,Tire,gym,Supine,No Arms,Continuous,No Grip,Other,Continuous,No Elevation,Single Exercise,Knee Dominant,Sagittal Plane,Lower Body,Push,Compound,Bilateral,Bodybuilding
tire-mountain-climber,Tire Mountain Climber,https://youtu.be/-ouYHaP9g9g?si=qc9f_XLeK0tBdsDc,,Novice,beginner,Abdominals,Rectus Abdominis,Iliopsoas|Anterior Deltoids,Tire,1,,0,Tire,gym,Prone,Double Arm,Continuous,Flat Palm,No Load,Alternating,No Elevation,Single Exercise,Anti-Extension|Spinal Flexion,Sagittal Plane,Core,Other,Compound,Unilateral,Calisthenics
tire-sledge-hammer-staggered-stance-slam,Tire Sledge Hammer Staggered Stance Slam,https://youtu.be/ykhGpORlJ4Y?si=6hFSwmMbG1lGLXki,https://youtu.be/wbl7j9LVH7o?si=OWJW5iPxg-e6M6Wh,Novice,beginner,Abdominals,Obliques,Rectus Abdominis|Posterior Deltoids,Tire,1,Sledge Hammer,1,Tire|Sledge Hammer,gym,Staggered Stance,Double Arm,Continuous,Neutral,Overhead,Continuous,No Elevation,Single Exercise,Rotational,Transverse Plane,Upper Body,Other,Compound,Bilateral,Ballistics
tire-step-up,Tire Step Up,https://youtu.be/4RsPF6KynpE?feature=shared,,Novice,beginner,Quadriceps,Quadriceps Femoris,Gluteus Maximus|Biceps Femoris,Tire,1,,0,Tire,gym,Standing,No Arms,Continuous,No Grip,No Load,Continuous,Foot Elevated (Front),Single Exercise,Knee Dominant,Sagittal Plane,Lower Body,Push,Compound,Unilateral,
trap-bar-bench-press,Trap Bar Bench Press,https://youtu.be/8TIFsF_HU_8?feature=shared,,Novice,beginner,Chest,Pectoralis Major,Triceps Brachii|Anterior Deltoids,Trap Bar,1,Bench (Flat),1,Trap Bar|Bench (Flat),gym,Supine,Double Arm,Continuous,Neutral,Above Chest,Continuous,No Elevation,Single Exercise,Horizontal Push,Sagittal Plane,Upper Body,Push,Compound,Bilateral,Bodybuilding
trap-bar-bent-over-row,Trap Bar Bent Over Row,https://youtu.be/aNllFax4shk?si=J0w79P4ud8wpm67U,https://youtu.be/nK6CkO2jcB4?si=pwONlFrWB5RqE76C,Novice,beginner,Back,Latissimus Dorsi,Rhomboids|Posterior Deltoids,Trap Bar,1,,0,Trap Bar,gym,Standing,Double Arm,Continuous,Neutral,Other,Continuous,No Elevation,Single Exercise,Horizontal Pull,Sagittal Plane,Upper Body,Pull,Compound,Bilateral,Bodybuilding
trap-bar-bottoms-up-bench-press,Trap Bar Bottoms Up Bench Press,https://youtu.be/I8WCjE1hTPM?si=riNSekDaoROPTCoF,https://youtu.be/M98mRj1cJM8?si=lrWk0x11qTglrTmA,Intermediate,intermediate,Chest,Pectoralis Major,Triceps Brachii|Anterior Deltoids,Trap Bar,1,Bench (Flat),1,Trap Bar|Bench (Flat),gym,Supine,Double Arm,Continuous,Bottoms Up,Above Chest,Continuous,No Elevation,Single Exercise,Horizontal Push,Sagittal Plane,Upper Body,Push,Compound,Bilateral,Bodybuilding
trap-bar-bottoms-up-tall-kneeling-overhead-press,Trap Bar Bottoms Up Tall Kneeling Overhead Press,https://youtu.be/yQToM9xx5Y4?si=AAnvcezbT07hvy8I,,Intermediate,intermediate,Shoulders,Anterior Deltoids,Triceps Brachii,Trap Bar,1,,0,Trap Bar,gym,Tall Kneeling,Double Arm,Continuous,Bottoms Up,Overhead,Continuous,No Elevation,Single Exercise,Vertical Push,Sagittal Plane,Upper Body,Push,Compound,Bilateral,Bodybuilding
trap-bar-bottoms-up-z-press,Trap Bar Bottoms Up Z Press,https://youtu.be/vKxoihlGR4A?feature=shared,,Advanced,advanced,Shoulders,Anterior Deltoids,Triceps Brachii|Rectus Abdominis,Trap Bar,1,,0,Trap Bar,gym,Seated Floor,Double Arm,Continuous,Bottoms Up,Overhead,Continuous,No Elevation,Single Exercise,Vertical Push,Sagittal Plane,Upper Body,Push,Compound,Bilateral,Bodybuilding
trap-bar-bulgarian-split-squat,Trap Bar Bulgarian Split Squat,https://youtu.be/aciS41CW_Mc?si=7y6xxA-nZjKbqeNc,,Intermediate,intermediate,Quadriceps,Quadriceps Femoris,Gluteus Maximus|Biceps Femoris,Trap Bar,1,Bench (Flat),1,Trap Bar|Bench (Flat),gym,Single Leg Supported,Double Arm,Continuous,Neutral,Suitcase,Continuous,Foot Elevated (Rear),Single Exercise,Knee Dominant,Sagittal Plane,Lower Body,Push,Compound,Unilateral,Bodybuilding
trap-bar-calf-raise,Trap Bar Calf Raise,https://youtu.be/-Jb6VkZ4-tc?si=ZY9K1ZxEHtlV_gOz,,Novice,beginner,Calves,Gastrocnemius,Soleus|Tibialis Posterior,Trap Bar,1,,0,Trap Bar,gym,Standing,Double Arm,Continuous,Neutral,Suitcase,Continuous,No Elevation,Single Exercise,Ankle Plantar Flexion,Sagittal Plane,Lower Body,Push,Isolation,Bilateral,Bodybuilding
trap-bar-deadlift,Trap Bar Deadlift,https://youtu.be/FYx76NSijfU?si=SQ4p_SUWbJGUlk0N,https://youtu.be/EsqwERaSTMI?si=46F4WdMC1GtBTszu,Novice,beginner,Back,Latissimus Dorsi,,Trap Bar,1,,0,Trap Bar,gym,Standing,Double Arm,Continuous,Neutral,Other,Continuous,No Elevation,Single Exercise,Hip Hinge,Sagittal Plane,Full Body,Pull,Compound,Bilateral,Bodybuilding
trap-bar-deficit-deadlift,Trap Bar Deficit Deadlift,https://youtu.be/n2nbRRSMWu4?si=twYL2iJC0VYVj6WF,https://youtu.be/ZByBA06ckAA?si=qsVUTvA0N_Sxac7N,Intermediate,intermediate,Back,Latissimus Dorsi,,Trap Bar,1,,0,Trap Bar,gym,Standing,Double Arm,Continuous,Neutral,Suitcase,Continuous,Feet Elevated,Single Exercise,Hip Hinge,Sagittal Plane,Full Body,Pull,Compound,Bilateral,Bodybuilding
trap-bar-floor-press,Trap Bar Floor Press,https://youtu.be/4C4LDf-eZ5A?si=Uh-L_Lu-0xta0H-S,,Novice,beginner,Chest,Pectoralis Major,Triceps Brachii|Anterior Deltoids,Trap Bar,1,,0,Trap Bar,gym,Supine,Double Arm,Continuous,Neutral,Above Chest,Continuous,No Elevation,Single Exercise,Horizontal Push,Sagittal Plane,Upper Body,Push,Compound,Bilateral,Bodybuilding
trap-bar-overhead-press,Trap Bar Overhead Press,https://youtu.be/Vorw1hVd_Dc?si=CRIVCwpCzzeBwN26,,Novice,beginner,Shoulders,Anterior Deltoids,Triceps Brachii,Trap Bar,1,,0,Trap Bar,gym,Standing,Double Arm,Continuous,Neutral,Overhead,Continuous,No Elevation,Single Exercise,Vertical Push,Sagittal Plane,Upper Body,Push,Compound,Bilateral,Bodybuilding
trap-bar-pendlay-row,Trap Bar Pendlay Row,https://youtu.be/d5rLWfIN9fo?si=iiKqMHW4Xr9OMyaR,,Novice,beginner,Back,Latissimus Dorsi,,Trap Bar,1,,0,Trap Bar,gym,Standing,Double Arm,Continuous,Neutral,Other,Continuous,No Elevation,Single Exercise,Horizontal Pull,Sagittal Plane,Upper Body,Pull,Compound,Bilateral,Bodybuilding
trap-bar-rack-pull,Trap Bar Rack Pull,https://youtu.be/5zBwce39LfU?si=N9TY90hZ5tEbb3oc,,Novice,beginner,Back,Latissimus Dorsi,,Trap Bar,1,,0,Trap Bar,gym,Standing,Double Arm,Continuous,Neutral,Suitcase,Continuous,No Elevation,Single Exercise,Hip Hinge,Sagittal Plane,Full Body,Pull,Compound,Bilateral,Bodybuilding
trap-bar-romanian-deadlift,Trap Bar Romanian Deadlift,https://youtu.be/2L_LpH_IIbc?si=bI9uPdiltgD6G9Mf,https://youtu.be/rKSiBkmNF4k?si=VH1kreY7mgcDdyPe,Novice,beginner,Hamstrings,Biceps Femoris,Gluteus Maximus|Erector Spinae,Trap Bar,1,,0,Trap Bar,gym,Standing,Double Arm,Continuous,Neutral,Other,Continuous,No Elevation,Single Exercise,Hip Hinge,Sagittal Plane,Lower Body,Pull,Compound,Bilateral,Bodybuilding
trap-bar-shrug,Trap Bar Shrug,https://youtu.be/DjFdFkeXSDM?si=RIA3ok7NhzuAj8LK,,Novice,beginner,Trapezius,Upper Trapezius,Levator Scapulae|Rhomboids,Trap Bar,1,,0,Trap Bar,gym,Standing,Double Arm,Continuous,Neutral,Suitcase,Continuous,No Elevation,Single Exercise,Scapular Elevation,Sagittal Plane,Upper Body,Pull,Isolation,Bilateral,Bodybuilding
trap-bar-squat-jump,Trap Bar Squat Jump,https://youtu.be/52-P8hlrKqg?si=cgixMNp8OmG6lTNQ,https://youtu.be/03pRrE0exUg?si=aE863FCQfwWyA0iv,Advanced,advanced,Quadriceps,Quadriceps Femoris,Gluteus Maximus,Trap Bar,1,,0,Trap Bar,gym,Standing,Double Arm,Continuous,Neutral,Suitcase,Continuous,No Elevation,Single Exercise,Knee Dominant,Sagittal Plane,Lower Body,Push,Compound,Bilateral,Plyometric
trap-bar-staggered-stance-deadlift,Trap Bar Staggered Stance Deadlift,https://youtu.be/UfCzhPWBmhU?si=PEQal1FTSXhdUQED,https://youtu.be/F2xkUATJMtw?si=5vZ0oXTeyAWSBokL,Novice,beginner,Back,Latissimus Dorsi,,Trap Bar,1,,0,Trap Bar,gym,Staggered Stance,Double Arm,Continuous,Neutral,Other,Continuous,No Elevation,Single Exercise,Hip Hinge,Sagittal Plane,Full Body,Pull,Compound,Unilateral,Bodybuilding
trap-bar-suitcase-carry,Trap Bar Suitcase Carry,https://youtu.be/df-MeZsxCAM?si=DWozx3zEr924L2oN,https://youtu.be/WEZdzYWaBHE?si=EVbL_ApdGt5F-TTT,Intermediate,intermediate,Forearms,Brachioradialis,Rectus Abdominis,Trap Bar,1,,0,Trap Bar,gym,Walking,Double Arm,Continuous,Neutral,Suitcase,Alternating,No Elevation,Single Exercise,Loaded Carry,Sagittal Plane,Full Body,Other,Compound,Bilateral,
trap-bar-tall-kneeling-overhead-press,Trap Bar Tall Kneeling Overhead Press,https://youtu.be/ILFSDv6TaiY?si=0iUQUtwUMsGFbVuI,,Novice,beginner,Shoulders,Anterior Deltoids,Triceps Brachii,Trap Bar,1,,0,Trap Bar,gym,Tall Kneeling,Double Arm,Continuous,Neutral,Overhead,Continuous,No Elevation,Single Exercise,Vertical Push,Sagittal Plane,Upper Body,Push,Compound,Bilateral,Bodybuilding
trap-bar-z-press,Trap Bar Z Press,https://youtu.be/nz99ncuEEt4?feature=shared,https://youtu.be/jHx9-WED7OU?si=zlXUqydv0_cCArqf,Intermediate,intermediate,Shoulders,Anterior Deltoids,Triceps Brachii|Rectus Abdominis,Trap Bar,1,,0,Trap Bar,gym,Seated Floor,Double Arm,Continuous,Neutral,Overhead,Continuous,No Elevation,Single Exercise,Vertical Push,Sagittal Plane,Upper Body,Push,Compound,Bilateral,Bodybuilding
wall-ball-body-saw,Wall Ball Body Saw,https://youtu.be/Ke3i_CAVF6E?si=pJ9XGgJjXXGUnY95,https://youtu.be/z1bpinbA5hc?si=_OvFWnWAIX_vmWHZ,Novice,beginner,Abdominals,Rectus Abdominis,,Wall Ball,1,,0,Wall Ball,gym,Prone,Double Arm,Continuous,Forearm,No Load,Continuous,No Elevation,Single Exercise,Anti-Extension,Sagittal Plane,Core,Other,Compound,Bilateral,
wall-ball-feet-elevated-russian-twist,Wall Ball Feet Elevated Russian Twist,https://youtu.be/w0CTy_eIIcM?si=RtrXOHk6gyF6NsFi,,Novice,beginner,Abdominals,Obliques,Rectus Abdominis|Iliopsoas,Wall Ball,1,,0,Wall Ball,gym,Seated Floor,Double Arm,Continuous,Neutral,Other,Continuous,No Elevation,Single Exercise,Rotational,Transverse Plane,Core,Other,Compound,Bilateral,
wall-ball-feet-elevated-russian-twist-lateral-toss,Wall Ball Feet Elevated Russian Twist Lateral Toss,https://youtu.be/Bio87vFoJW8?si=NJ1qbIlIwQxlLPYE,https://youtu.be/_f4r2vB1Lyo?feature=shared,Intermediate,intermediate,Abdominals,Obliques,Rectus Abdominis|Iliopsoas,Wall Ball,1,,0,Wall Ball,gym,Seated Floor,Double Arm,Continuous,Neutral,Other,Continuous,No Elevation,Single Exercise,Rotational,Transverse Plane,Core,Other,Compound,Bilateral,
wall-ball-half-kneeling-lateral-toss,Wall Ball Half Kneeling Lateral Toss,https://youtu.be/OE8VmAtG3iw?feature=shared,,Novice,beginner,Abdominals,Obliques,Rectus Abdominis,Wall Ball,1,,0,Wall Ball,gym,Half Kneeling,Double Arm,Continuous,Neutral,Other,Continuous,No Elevation,Single Exercise,Rotational,Transverse Plane,Core,Other,Compound,Unilateral,
wall-ball-half-kneeling-low-to-high-chop,Wall Ball Half Kneeling Low to High Chop,https://youtu.be/3-EuiQhr9fA?si=ZKO5oh7NHF8_OfxJ,,Intermediate,intermediate,Abdominals,Obliques,Rectus Abdominis,Wall Ball,1,,0,Wall Ball,gym,Half Kneeling,Double Arm,Continuous,Neutral,Other,Continuous,No Elevation,Single Exercise,Rotational,Transverse Plane,Core,Other,Compound,Unilateral,
wall-ball-isometric-split-squat-lateral-toss,Wall Ball Isometric Split Squat Lateral Toss,https://youtu.be/vEI0fyG4150?si=H1RJwNd1aUDk0Xh7,,Intermediate,intermediate,Abdominals,Obliques,Rectus Abdominis|Quadriceps Femoris,Wall Ball,1,,0,Wall Ball,gym,Isometric Split Squat,Double Arm,Continuous,Neutral,Other,Continuous,No Elevation,Single Exercise,Rotational|Isometric Hold,Transverse Plane,Core,Other,Compound,Unilateral,
wall-ball-lateral-toss,Wall Ball Lateral Toss,https://youtu.be/R87xzEuBmlY?si=tsszJ0gQHwdhFaFH,https://youtu.be/c7fB-K8Ih54?si=eE-kYZAFC5Ave-qK,Novice,beginner,Abdominals,Obliques,Rectus Abdominis,Wall Ball,1,,0,Wall Ball,gym,Standing,Double Arm,Continuous,Neutral,Other,Continuous,No Elevation,Single Exercise,Rotational,Transverse Plane,Core,Other,Compound,Bilateral,
wall-ball-russian-twist,Wall Ball Russian Twist,https://youtu.be/0DwFec0Aeog?si=bohJ8yWsahjfyyVf,https://youtu.be/-_iuNMMSCGs?feature=shared,Novice,beginner,Abdominals,Obliques,Rectus Abdominis|Iliopsoas,Wall Ball,1,,0,Wall Ball,gym,Seated Floor,Double Arm,Continuous,Neutral,Other,Continuous,No Elevation,Single Exercise,Rotational,Transverse Plane,Core,Other,Compound,Bilateral,
wall-ball-sit-up-toss,Wall Ball Sit Up Toss,https://youtu.be/mSSReQ1b9NQ?si=XbGTmB14_eldcuBz,https://youtu.be/D0Yoa0_cfkk?si=DXBEuUEqlVCl3R3D,Intermediate,intermediate,Abdominals,Rectus Abdominis,,Wall Ball,1,,0,Wall Ball,gym,Seated Floor,Double Arm,Continuous,Neutral,Other,Continuous,No Elevation,Single Exercise,Spinal Flexion,Sagittal Plane,Core,Other,Compound,Bilateral,
wall-ball-toss,Wall Ball Toss,https://youtu.be/fpUD0mcFp_0?si=Ymlmi7cDC_sfB1zE,https://youtu.be/ryJoFCMNIr8?si=MXodcxnqxCF_bcKW,Intermediate,intermediate,Quadriceps,Quadriceps Femoris,Gluteus Maximus|Anterior Deltoids,Wall Ball,1,,0,Wall Ball,gym,Standing,Double Arm,Continuous,Neutral,Front Rack,Continuous,No Elevation,Single Exercise,Knee Dominant|Vertical Push,Sagittal Plane,Full Body,Push,Compound,Bilateral,